[2025-02-04 16:22:35] local.ERROR: SQLSTATE[HY000] [1049] Unknown database 'student_evaluation' (Connection: mysql, SQL: select count(*) as aggregate from `students` where `student_id` like %% or `first_name` like %% or `last_name` like %%) {"exception":"[object] (Illuminate\\Database\\QueryException(code: 1049): SQLSTATE[HY000] [1049] Unknown database 'student_evaluation' (Connection: mysql, SQL: select count(*) as aggregate from `students` where `student_id` like %% or `first_name` like %% or `last_name` like %%) at C:\\Users\\CENGE\\Desktop\\thesis\\backend\\vendor\\laravel\\framework\\src\\Illuminate\\Database\\Connection.php:829)
[stacktrace]
#0 C:\\Users\\CENGE\\Desktop\\thesis\\backend\\vendor\\laravel\\framework\\src\\Illuminate\\Database\\Connection.php(783): Illuminate\\Database\\Connection->runQueryCallback('select count(*)...', Array, Object(Closure))
#1 C:\\Users\\CENGE\\Desktop\\thesis\\backend\\vendor\\laravel\\framework\\src\\Illuminate\\Database\\Connection.php(414): Illuminate\\Database\\Connection->run('select count(*)...', Array, Object(Closure))
#2 C:\\Users\\CENGE\\Desktop\\thesis\\backend\\vendor\\laravel\\framework\\src\\Illuminate\\Database\\Query\\Builder.php(2913): Illuminate\\Database\\Connection->select('select count(*)...', Array, true)
#3 C:\\Users\\CENGE\\Desktop\\thesis\\backend\\vendor\\laravel\\framework\\src\\Illuminate\\Database\\Query\\Builder.php(2902): Illuminate\\Database\\Query\\Builder->runSelect()
#4 C:\\Users\\CENGE\\Desktop\\thesis\\backend\\vendor\\laravel\\framework\\src\\Illuminate\\Database\\Query\\Builder.php(3456): Illuminate\\Database\\Query\\Builder->Illuminate\\Database\\Query\\{closure}()
#5 C:\\Users\\CENGE\\Desktop\\thesis\\backend\\vendor\\laravel\\framework\\src\\Illuminate\\Database\\Query\\Builder.php(2901): Illuminate\\Database\\Query\\Builder->onceWithColumns(Array, Object(Closure))
#6 C:\\Users\\CENGE\\Desktop\\thesis\\backend\\vendor\\laravel\\framework\\src\\Illuminate\\Database\\Query\\Builder.php(3066): Illuminate\\Database\\Query\\Builder->get()
#7 C:\\Users\\CENGE\\Desktop\\thesis\\backend\\vendor\\laravel\\framework\\src\\Illuminate\\Database\\Query\\Builder.php(3025): Illuminate\\Database\\Query\\Builder->runPaginationCountQuery(Array)
#8 C:\\Users\\CENGE\\Desktop\\thesis\\backend\\vendor\\laravel\\framework\\src\\Illuminate\\Database\\Eloquent\\Builder.php(923): Illuminate\\Database\\Query\\Builder->getCountForPagination()
#9 C:\\Users\\CENGE\\Desktop\\thesis\\backend\\app\\Http\\Controllers\\StudentController.php(22): Illuminate\\Database\\Eloquent\\Builder->paginate(10)
#10 C:\\Users\\CENGE\\Desktop\\thesis\\backend\\vendor\\laravel\\framework\\src\\Illuminate\\Routing\\Controller.php(54): App\\Http\\Controllers\\StudentController->index(Object(Illuminate\\Http\\Request))
#11 C:\\Users\\CENGE\\Desktop\\thesis\\backend\\vendor\\laravel\\framework\\src\\Illuminate\\Routing\\ControllerDispatcher.php(43): Illuminate\\Routing\\Controller->callAction('index', Array)
#12 C:\\Users\\CENGE\\Desktop\\thesis\\backend\\vendor\\laravel\\framework\\src\\Illuminate\\Routing\\Route.php(259): Illuminate\\Routing\\ControllerDispatcher->dispatch(Object(Illuminate\\Routing\\Route), Object(App\\Http\\Controllers\\StudentController), 'index')
#13 C:\\Users\\CENGE\\Desktop\\thesis\\backend\\vendor\\laravel\\framework\\src\\Illuminate\\Routing\\Route.php(205): Illuminate\\Routing\\Route->runController()
#14 C:\\Users\\CENGE\\Desktop\\thesis\\backend\\vendor\\laravel\\framework\\src\\Illuminate\\Routing\\Router.php(806): Illuminate\\Routing\\Route->run()
#15 C:\\Users\\CENGE\\Desktop\\thesis\\backend\\vendor\\laravel\\framework\\src\\Illuminate\\Pipeline\\Pipeline.php(144): Illuminate\\Routing\\Router->Illuminate\\Routing\\{closure}(Object(Illuminate\\Http\\Request))
#16 C:\\Users\\CENGE\\Desktop\\thesis\\backend\\vendor\\laravel\\framework\\src\\Illuminate\\Routing\\Middleware\\SubstituteBindings.php(50): Illuminate\\Pipeline\\Pipeline->Illuminate\\Pipeline\\{closure}(Object(Illuminate\\Http\\Request))
#17 C:\\Users\\CENGE\\Desktop\\thesis\\backend\\vendor\\laravel\\framework\\src\\Illuminate\\Pipeline\\Pipeline.php(183): Illuminate\\Routing\\Middleware\\SubstituteBindings->handle(Object(Illuminate\\Http\\Request), Object(Closure))
#18 C:\\Users\\CENGE\\Desktop\\thesis\\backend\\vendor\\laravel\\framework\\src\\Illuminate\\Routing\\Middleware\\ThrottleRequests.php(159): Illuminate\\Pipeline\\Pipeline->Illuminate\\Pipeline\\{closure}(Object(Illuminate\\Http\\Request))
#19 C:\\Users\\CENGE\\Desktop\\thesis\\backend\\vendor\\laravel\\framework\\src\\Illuminate\\Routing\\Middleware\\ThrottleRequests.php(125): Illuminate\\Routing\\Middleware\\ThrottleRequests->handleRequest(Object(Illuminate\\Http\\Request), Object(Closure), Array)
#20 C:\\Users\\CENGE\\Desktop\\thesis\\backend\\vendor\\laravel\\framework\\src\\Illuminate\\Routing\\Middleware\\ThrottleRequests.php(87): Illuminate\\Routing\\Middleware\\ThrottleRequests->handleRequestUsingNamedLimiter(Object(Illuminate\\Http\\Request), Object(Closure), 'api', Object(Closure))
#21 C:\\Users\\CENGE\\Desktop\\thesis\\backend\\vendor\\laravel\\framework\\src\\Illuminate\\Pipeline\\Pipeline.php(183): Illuminate\\Routing\\Middleware\\ThrottleRequests->handle(Object(Illuminate\\Http\\Request), Object(Closure), 'api')
#22 C:\\Users\\CENGE\\Desktop\\thesis\\backend\\vendor\\laravel\\framework\\src\\Illuminate\\Pipeline\\Pipeline.php(119): Illuminate\\Pipeline\\Pipeline->Illuminate\\Pipeline\\{closure}(Object(Illuminate\\Http\\Request))
#23 C:\\Users\\CENGE\\Desktop\\thesis\\backend\\vendor\\laravel\\framework\\src\\Illuminate\\Routing\\Router.php(805): Illuminate\\Pipeline\\Pipeline->then(Object(Closure))
#24 C:\\Users\\CENGE\\Desktop\\thesis\\backend\\vendor\\laravel\\framework\\src\\Illuminate\\Routing\\Router.php(784): Illuminate\\Routing\\Router->runRouteWithinStack(Object(Illuminate\\Routing\\Route), Object(Illuminate\\Http\\Request))
#25 C:\\Users\\CENGE\\Desktop\\thesis\\backend\\vendor\\laravel\\framework\\src\\Illuminate\\Routing\\Router.php(748): Illuminate\\Routing\\Router->runRoute(Object(Illuminate\\Http\\Request), Object(Illuminate\\Routing\\Route))
#26 C:\\Users\\CENGE\\Desktop\\thesis\\backend\\vendor\\laravel\\framework\\src\\Illuminate\\Routing\\Router.php(737): Illuminate\\Routing\\Router->dispatchToRoute(Object(Illuminate\\Http\\Request))
#27 C:\\Users\\CENGE\\Desktop\\thesis\\backend\\vendor\\laravel\\framework\\src\\Illuminate\\Foundation\\Http\\Kernel.php(200): Illuminate\\Routing\\Router->dispatch(Object(Illuminate\\Http\\Request))
#28 C:\\Users\\CENGE\\Desktop\\thesis\\backend\\vendor\\laravel\\framework\\src\\Illuminate\\Pipeline\\Pipeline.php(144): Illuminate\\Foundation\\Http\\Kernel->Illuminate\\Foundation\\Http\\{closure}(Object(Illuminate\\Http\\Request))
#29 C:\\Users\\CENGE\\Desktop\\thesis\\backend\\vendor\\laravel\\framework\\src\\Illuminate\\Foundation\\Http\\Middleware\\TransformsRequest.php(21): Illuminate\\Pipeline\\Pipeline->Illuminate\\Pipeline\\{closure}(Object(Illuminate\\Http\\Request))
#30 C:\\Users\\CENGE\\Desktop\\thesis\\backend\\vendor\\laravel\\framework\\src\\Illuminate\\Foundation\\Http\\Middleware\\ConvertEmptyStringsToNull.php(31): Illuminate\\Foundation\\Http\\Middleware\\TransformsRequest->handle(Object(Illuminate\\Http\\Request), Object(Closure))
#31 C:\\Users\\CENGE\\Desktop\\thesis\\backend\\vendor\\laravel\\framework\\src\\Illuminate\\Pipeline\\Pipeline.php(183): Illuminate\\Foundation\\Http\\Middleware\\ConvertEmptyStringsToNull->handle(Object(Illuminate\\Http\\Request), Object(Closure))
#32 C:\\Users\\CENGE\\Desktop\\thesis\\backend\\vendor\\laravel\\framework\\src\\Illuminate\\Foundation\\Http\\Middleware\\TransformsRequest.php(21): Illuminate\\Pipeline\\Pipeline->Illuminate\\Pipeline\\{closure}(Object(Illuminate\\Http\\Request))
#33 C:\\Users\\CENGE\\Desktop\\thesis\\backend\\vendor\\laravel\\framework\\src\\Illuminate\\Foundation\\Http\\Middleware\\TrimStrings.php(40): Illuminate\\Foundation\\Http\\Middleware\\TransformsRequest->handle(Object(Illuminate\\Http\\Request), Object(Closure))
#34 C:\\Users\\CENGE\\Desktop\\thesis\\backend\\vendor\\laravel\\framework\\src\\Illuminate\\Pipeline\\Pipeline.php(183): Illuminate\\Foundation\\Http\\Middleware\\TrimStrings->handle(Object(Illuminate\\Http\\Request), Object(Closure))
#35 C:\\Users\\CENGE\\Desktop\\thesis\\backend\\vendor\\laravel\\framework\\src\\Illuminate\\Foundation\\Http\\Middleware\\ValidatePostSize.php(27): Illuminate\\Pipeline\\Pipeline->Illuminate\\Pipeline\\{closure}(Object(Illuminate\\Http\\Request))
#36 C:\\Users\\CENGE\\Desktop\\thesis\\backend\\vendor\\laravel\\framework\\src\\Illuminate\\Pipeline\\Pipeline.php(183): Illuminate\\Foundation\\Http\\Middleware\\ValidatePostSize->handle(Object(Illuminate\\Http\\Request), Object(Closure))
#37 C:\\Users\\CENGE\\Desktop\\thesis\\backend\\vendor\\laravel\\framework\\src\\Illuminate\\Foundation\\Http\\Middleware\\PreventRequestsDuringMaintenance.php(99): Illuminate\\Pipeline\\Pipeline->Illuminate\\Pipeline\\{closure}(Object(Illuminate\\Http\\Request))
#38 C:\\Users\\CENGE\\Desktop\\thesis\\backend\\vendor\\laravel\\framework\\src\\Illuminate\\Pipeline\\Pipeline.php(183): Illuminate\\Foundation\\Http\\Middleware\\PreventRequestsDuringMaintenance->handle(Object(Illuminate\\Http\\Request), Object(Closure))
#39 C:\\Users\\CENGE\\Desktop\\thesis\\backend\\vendor\\laravel\\framework\\src\\Illuminate\\Http\\Middleware\\HandleCors.php(62): Illuminate\\Pipeline\\Pipeline->Illuminate\\Pipeline\\{closure}(Object(Illuminate\\Http\\Request))
#40 C:\\Users\\CENGE\\Desktop\\thesis\\backend\\vendor\\laravel\\framework\\src\\Illuminate\\Pipeline\\Pipeline.php(183): Illuminate\\Http\\Middleware\\HandleCors->handle(Object(Illuminate\\Http\\Request), Object(Closure))
#41 C:\\Users\\CENGE\\Desktop\\thesis\\backend\\vendor\\laravel\\framework\\src\\Illuminate\\Http\\Middleware\\TrustProxies.php(39): Illuminate\\Pipeline\\Pipeline->Illuminate\\Pipeline\\{closure}(Object(Illuminate\\Http\\Request))
#42 C:\\Users\\CENGE\\Desktop\\thesis\\backend\\vendor\\laravel\\framework\\src\\Illuminate\\Pipeline\\Pipeline.php(183): Illuminate\\Http\\Middleware\\TrustProxies->handle(Object(Illuminate\\Http\\Request), Object(Closure))
#43 C:\\Users\\CENGE\\Desktop\\thesis\\backend\\vendor\\laravel\\framework\\src\\Illuminate\\Pipeline\\Pipeline.php(119): Illuminate\\Pipeline\\Pipeline->Illuminate\\Pipeline\\{closure}(Object(Illuminate\\Http\\Request))
#44 C:\\Users\\CENGE\\Desktop\\thesis\\backend\\vendor\\laravel\\framework\\src\\Illuminate\\Foundation\\Http\\Kernel.php(175): Illuminate\\Pipeline\\Pipeline->then(Object(Closure))
#45 C:\\Users\\CENGE\\Desktop\\thesis\\backend\\vendor\\laravel\\framework\\src\\Illuminate\\Foundation\\Http\\Kernel.php(144): Illuminate\\Foundation\\Http\\Kernel->sendRequestThroughRouter(Object(Illuminate\\Http\\Request))
#46 C:\\Users\\CENGE\\Desktop\\thesis\\backend\\public\\index.php(51): Illuminate\\Foundation\\Http\\Kernel->handle(Object(Illuminate\\Http\\Request))
#47 C:\\Users\\CENGE\\Desktop\\thesis\\backend\\vendor\\laravel\\framework\\src\\Illuminate\\Foundation\\resources\\server.php(16): require_once('C:\\\\Users\\\\CENGE\\\\...')
#48 {main}

[previous exception] [object] (PDOException(code: 1049): SQLSTATE[HY000] [1049] Unknown database 'student_evaluation' at C:\\Users\\CENGE\\Desktop\\thesis\\backend\\vendor\\laravel\\framework\\src\\Illuminate\\Database\\Connectors\\Connector.php:65)
[stacktrace]
#0 C:\\Users\\CENGE\\Desktop\\thesis\\backend\\vendor\\laravel\\framework\\src\\Illuminate\\Database\\Connectors\\Connector.php(65): PDO->__construct('mysql:host=127....', 'root', Object(SensitiveParameterValue), Array)
#1 C:\\Users\\CENGE\\Desktop\\thesis\\backend\\vendor\\laravel\\framework\\src\\Illuminate\\Database\\Connectors\\Connector.php(44): Illuminate\\Database\\Connectors\\Connector->createPdoConnection('mysql:host=127....', 'root', '', Array)
#2 C:\\Users\\CENGE\\Desktop\\thesis\\backend\\vendor\\laravel\\framework\\src\\Illuminate\\Database\\Connectors\\MySqlConnector.php(24): Illuminate\\Database\\Connectors\\Connector->createConnection('mysql:host=127....', Array, Array)
#3 C:\\Users\\CENGE\\Desktop\\thesis\\backend\\vendor\\laravel\\framework\\src\\Illuminate\\Database\\Connectors\\ConnectionFactory.php(184): Illuminate\\Database\\Connectors\\MySqlConnector->connect(Array)
#4 [internal function]: Illuminate\\Database\\Connectors\\ConnectionFactory->Illuminate\\Database\\Connectors\\{closure}()
#5 C:\\Users\\CENGE\\Desktop\\thesis\\backend\\vendor\\laravel\\framework\\src\\Illuminate\\Database\\Connection.php(1339): call_user_func(Object(Closure))
#6 C:\\Users\\CENGE\\Desktop\\thesis\\backend\\vendor\\laravel\\framework\\src\\Illuminate\\Database\\Connection.php(1375): Illuminate\\Database\\Connection->getPdo()
#7 C:\\Users\\CENGE\\Desktop\\thesis\\backend\\vendor\\laravel\\framework\\src\\Illuminate\\Database\\Connection.php(528): Illuminate\\Database\\Connection->getReadPdo()
#8 C:\\Users\\CENGE\\Desktop\\thesis\\backend\\vendor\\laravel\\framework\\src\\Illuminate\\Database\\Connection.php(423): Illuminate\\Database\\Connection->getPdoForSelect(true)
#9 C:\\Users\\CENGE\\Desktop\\thesis\\backend\\vendor\\laravel\\framework\\src\\Illuminate\\Database\\Connection.php(816): Illuminate\\Database\\Connection->Illuminate\\Database\\{closure}('select count(*)...', Array)
#10 C:\\Users\\CENGE\\Desktop\\thesis\\backend\\vendor\\laravel\\framework\\src\\Illuminate\\Database\\Connection.php(783): Illuminate\\Database\\Connection->runQueryCallback('select count(*)...', Array, Object(Closure))
#11 C:\\Users\\CENGE\\Desktop\\thesis\\backend\\vendor\\laravel\\framework\\src\\Illuminate\\Database\\Connection.php(414): Illuminate\\Database\\Connection->run('select count(*)...', Array, Object(Closure))
#12 C:\\Users\\CENGE\\Desktop\\thesis\\backend\\vendor\\laravel\\framework\\src\\Illuminate\\Database\\Query\\Builder.php(2913): Illuminate\\Database\\Connection->select('select count(*)...', Array, true)
#13 C:\\Users\\CENGE\\Desktop\\thesis\\backend\\vendor\\laravel\\framework\\src\\Illuminate\\Database\\Query\\Builder.php(2902): Illuminate\\Database\\Query\\Builder->runSelect()
#14 C:\\Users\\CENGE\\Desktop\\thesis\\backend\\vendor\\laravel\\framework\\src\\Illuminate\\Database\\Query\\Builder.php(3456): Illuminate\\Database\\Query\\Builder->Illuminate\\Database\\Query\\{closure}()
#15 C:\\Users\\CENGE\\Desktop\\thesis\\backend\\vendor\\laravel\\framework\\src\\Illuminate\\Database\\Query\\Builder.php(2901): Illuminate\\Database\\Query\\Builder->onceWithColumns(Array, Object(Closure))
#16 C:\\Users\\CENGE\\Desktop\\thesis\\backend\\vendor\\laravel\\framework\\src\\Illuminate\\Database\\Query\\Builder.php(3066): Illuminate\\Database\\Query\\Builder->get()
#17 C:\\Users\\CENGE\\Desktop\\thesis\\backend\\vendor\\laravel\\framework\\src\\Illuminate\\Database\\Query\\Builder.php(3025): Illuminate\\Database\\Query\\Builder->runPaginationCountQuery(Array)
#18 C:\\Users\\CENGE\\Desktop\\thesis\\backend\\vendor\\laravel\\framework\\src\\Illuminate\\Database\\Eloquent\\Builder.php(923): Illuminate\\Database\\Query\\Builder->getCountForPagination()
#19 C:\\Users\\CENGE\\Desktop\\thesis\\backend\\app\\Http\\Controllers\\StudentController.php(22): Illuminate\\Database\\Eloquent\\Builder->paginate(10)
#20 C:\\Users\\CENGE\\Desktop\\thesis\\backend\\vendor\\laravel\\framework\\src\\Illuminate\\Routing\\Controller.php(54): App\\Http\\Controllers\\StudentController->index(Object(Illuminate\\Http\\Request))
#21 C:\\Users\\CENGE\\Desktop\\thesis\\backend\\vendor\\laravel\\framework\\src\\Illuminate\\Routing\\ControllerDispatcher.php(43): Illuminate\\Routing\\Controller->callAction('index', Array)
#22 C:\\Users\\CENGE\\Desktop\\thesis\\backend\\vendor\\laravel\\framework\\src\\Illuminate\\Routing\\Route.php(259): Illuminate\\Routing\\ControllerDispatcher->dispatch(Object(Illuminate\\Routing\\Route), Object(App\\Http\\Controllers\\StudentController), 'index')
#23 C:\\Users\\CENGE\\Desktop\\thesis\\backend\\vendor\\laravel\\framework\\src\\Illuminate\\Routing\\Route.php(205): Illuminate\\Routing\\Route->runController()
#24 C:\\Users\\CENGE\\Desktop\\thesis\\backend\\vendor\\laravel\\framework\\src\\Illuminate\\Routing\\Router.php(806): Illuminate\\Routing\\Route->run()
#25 C:\\Users\\CENGE\\Desktop\\thesis\\backend\\vendor\\laravel\\framework\\src\\Illuminate\\Pipeline\\Pipeline.php(144): Illuminate\\Routing\\Router->Illuminate\\Routing\\{closure}(Object(Illuminate\\Http\\Request))
#26 C:\\Users\\CENGE\\Desktop\\thesis\\backend\\vendor\\laravel\\framework\\src\\Illuminate\\Routing\\Middleware\\SubstituteBindings.php(50): Illuminate\\Pipeline\\Pipeline->Illuminate\\Pipeline\\{closure}(Object(Illuminate\\Http\\Request))
#27 C:\\Users\\CENGE\\Desktop\\thesis\\backend\\vendor\\laravel\\framework\\src\\Illuminate\\Pipeline\\Pipeline.php(183): Illuminate\\Routing\\Middleware\\SubstituteBindings->handle(Object(Illuminate\\Http\\Request), Object(Closure))
#28 C:\\Users\\CENGE\\Desktop\\thesis\\backend\\vendor\\laravel\\framework\\src\\Illuminate\\Routing\\Middleware\\ThrottleRequests.php(159): Illuminate\\Pipeline\\Pipeline->Illuminate\\Pipeline\\{closure}(Object(Illuminate\\Http\\Request))
#29 C:\\Users\\CENGE\\Desktop\\thesis\\backend\\vendor\\laravel\\framework\\src\\Illuminate\\Routing\\Middleware\\ThrottleRequests.php(125): Illuminate\\Routing\\Middleware\\ThrottleRequests->handleRequest(Object(Illuminate\\Http\\Request), Object(Closure), Array)
#30 C:\\Users\\CENGE\\Desktop\\thesis\\backend\\vendor\\laravel\\framework\\src\\Illuminate\\Routing\\Middleware\\ThrottleRequests.php(87): Illuminate\\Routing\\Middleware\\ThrottleRequests->handleRequestUsingNamedLimiter(Object(Illuminate\\Http\\Request), Object(Closure), 'api', Object(Closure))
#31 C:\\Users\\CENGE\\Desktop\\thesis\\backend\\vendor\\laravel\\framework\\src\\Illuminate\\Pipeline\\Pipeline.php(183): Illuminate\\Routing\\Middleware\\ThrottleRequests->handle(Object(Illuminate\\Http\\Request), Object(Closure), 'api')
#32 C:\\Users\\CENGE\\Desktop\\thesis\\backend\\vendor\\laravel\\framework\\src\\Illuminate\\Pipeline\\Pipeline.php(119): Illuminate\\Pipeline\\Pipeline->Illuminate\\Pipeline\\{closure}(Object(Illuminate\\Http\\Request))
#33 C:\\Users\\CENGE\\Desktop\\thesis\\backend\\vendor\\laravel\\framework\\src\\Illuminate\\Routing\\Router.php(805): Illuminate\\Pipeline\\Pipeline->then(Object(Closure))
#34 C:\\Users\\CENGE\\Desktop\\thesis\\backend\\vendor\\laravel\\framework\\src\\Illuminate\\Routing\\Router.php(784): Illuminate\\Routing\\Router->runRouteWithinStack(Object(Illuminate\\Routing\\Route), Object(Illuminate\\Http\\Request))
#35 C:\\Users\\CENGE\\Desktop\\thesis\\backend\\vendor\\laravel\\framework\\src\\Illuminate\\Routing\\Router.php(748): Illuminate\\Routing\\Router->runRoute(Object(Illuminate\\Http\\Request), Object(Illuminate\\Routing\\Route))
#36 C:\\Users\\CENGE\\Desktop\\thesis\\backend\\vendor\\laravel\\framework\\src\\Illuminate\\Routing\\Router.php(737): Illuminate\\Routing\\Router->dispatchToRoute(Object(Illuminate\\Http\\Request))
#37 C:\\Users\\CENGE\\Desktop\\thesis\\backend\\vendor\\laravel\\framework\\src\\Illuminate\\Foundation\\Http\\Kernel.php(200): Illuminate\\Routing\\Router->dispatch(Object(Illuminate\\Http\\Request))
#38 C:\\Users\\CENGE\\Desktop\\thesis\\backend\\vendor\\laravel\\framework\\src\\Illuminate\\Pipeline\\Pipeline.php(144): Illuminate\\Foundation\\Http\\Kernel->Illuminate\\Foundation\\Http\\{closure}(Object(Illuminate\\Http\\Request))
#39 C:\\Users\\CENGE\\Desktop\\thesis\\backend\\vendor\\laravel\\framework\\src\\Illuminate\\Foundation\\Http\\Middleware\\TransformsRequest.php(21): Illuminate\\Pipeline\\Pipeline->Illuminate\\Pipeline\\{closure}(Object(Illuminate\\Http\\Request))
#40 C:\\Users\\CENGE\\Desktop\\thesis\\backend\\vendor\\laravel\\framework\\src\\Illuminate\\Foundation\\Http\\Middleware\\ConvertEmptyStringsToNull.php(31): Illuminate\\Foundation\\Http\\Middleware\\TransformsRequest->handle(Object(Illuminate\\Http\\Request), Object(Closure))
#41 C:\\Users\\CENGE\\Desktop\\thesis\\backend\\vendor\\laravel\\framework\\src\\Illuminate\\Pipeline\\Pipeline.php(183): Illuminate\\Foundation\\Http\\Middleware\\ConvertEmptyStringsToNull->handle(Object(Illuminate\\Http\\Request), Object(Closure))
#42 C:\\Users\\CENGE\\Desktop\\thesis\\backend\\vendor\\laravel\\framework\\src\\Illuminate\\Foundation\\Http\\Middleware\\TransformsRequest.php(21): Illuminate\\Pipeline\\Pipeline->Illuminate\\Pipeline\\{closure}(Object(Illuminate\\Http\\Request))
#43 C:\\Users\\CENGE\\Desktop\\thesis\\backend\\vendor\\laravel\\framework\\src\\Illuminate\\Foundation\\Http\\Middleware\\TrimStrings.php(40): Illuminate\\Foundation\\Http\\Middleware\\TransformsRequest->handle(Object(Illuminate\\Http\\Request), Object(Closure))
#44 C:\\Users\\CENGE\\Desktop\\thesis\\backend\\vendor\\laravel\\framework\\src\\Illuminate\\Pipeline\\Pipeline.php(183): Illuminate\\Foundation\\Http\\Middleware\\TrimStrings->handle(Object(Illuminate\\Http\\Request), Object(Closure))
#45 C:\\Users\\CENGE\\Desktop\\thesis\\backend\\vendor\\laravel\\framework\\src\\Illuminate\\Foundation\\Http\\Middleware\\ValidatePostSize.php(27): Illuminate\\Pipeline\\Pipeline->Illuminate\\Pipeline\\{closure}(Object(Illuminate\\Http\\Request))
#46 C:\\Users\\CENGE\\Desktop\\thesis\\backend\\vendor\\laravel\\framework\\src\\Illuminate\\Pipeline\\Pipeline.php(183): Illuminate\\Foundation\\Http\\Middleware\\ValidatePostSize->handle(Object(Illuminate\\Http\\Request), Object(Closure))
#47 C:\\Users\\CENGE\\Desktop\\thesis\\backend\\vendor\\laravel\\framework\\src\\Illuminate\\Foundation\\Http\\Middleware\\PreventRequestsDuringMaintenance.php(99): Illuminate\\Pipeline\\Pipeline->Illuminate\\Pipeline\\{closure}(Object(Illuminate\\Http\\Request))
#48 C:\\Users\\CENGE\\Desktop\\thesis\\backend\\vendor\\laravel\\framework\\src\\Illuminate\\Pipeline\\Pipeline.php(183): Illuminate\\Foundation\\Http\\Middleware\\PreventRequestsDuringMaintenance->handle(Object(Illuminate\\Http\\Request), Object(Closure))
#49 C:\\Users\\CENGE\\Desktop\\thesis\\backend\\vendor\\laravel\\framework\\src\\Illuminate\\Http\\Middleware\\HandleCors.php(62): Illuminate\\Pipeline\\Pipeline->Illuminate\\Pipeline\\{closure}(Object(Illuminate\\Http\\Request))
#50 C:\\Users\\CENGE\\Desktop\\thesis\\backend\\vendor\\laravel\\framework\\src\\Illuminate\\Pipeline\\Pipeline.php(183): Illuminate\\Http\\Middleware\\HandleCors->handle(Object(Illuminate\\Http\\Request), Object(Closure))
#51 C:\\Users\\CENGE\\Desktop\\thesis\\backend\\vendor\\laravel\\framework\\src\\Illuminate\\Http\\Middleware\\TrustProxies.php(39): Illuminate\\Pipeline\\Pipeline->Illuminate\\Pipeline\\{closure}(Object(Illuminate\\Http\\Request))
#52 C:\\Users\\CENGE\\Desktop\\thesis\\backend\\vendor\\laravel\\framework\\src\\Illuminate\\Pipeline\\Pipeline.php(183): Illuminate\\Http\\Middleware\\TrustProxies->handle(Object(Illuminate\\Http\\Request), Object(Closure))
#53 C:\\Users\\CENGE\\Desktop\\thesis\\backend\\vendor\\laravel\\framework\\src\\Illuminate\\Pipeline\\Pipeline.php(119): Illuminate\\Pipeline\\Pipeline->Illuminate\\Pipeline\\{closure}(Object(Illuminate\\Http\\Request))
#54 C:\\Users\\CENGE\\Desktop\\thesis\\backend\\vendor\\laravel\\framework\\src\\Illuminate\\Foundation\\Http\\Kernel.php(175): Illuminate\\Pipeline\\Pipeline->then(Object(Closure))
#55 C:\\Users\\CENGE\\Desktop\\thesis\\backend\\vendor\\laravel\\framework\\src\\Illuminate\\Foundation\\Http\\Kernel.php(144): Illuminate\\Foundation\\Http\\Kernel->sendRequestThroughRouter(Object(Illuminate\\Http\\Request))
#56 C:\\Users\\CENGE\\Desktop\\thesis\\backend\\public\\index.php(51): Illuminate\\Foundation\\Http\\Kernel->handle(Object(Illuminate\\Http\\Request))
#57 C:\\Users\\CENGE\\Desktop\\thesis\\backend\\vendor\\laravel\\framework\\src\\Illuminate\\Foundation\\resources\\server.php(16): require_once('C:\\\\Users\\\\CENGE\\\\...')
#58 {main}
"} 
[2025-02-04 16:22:35] local.ERROR: SQLSTATE[HY000] [1049] Unknown database 'student_evaluation' (Connection: mysql, SQL: select count(*) as aggregate from `students` where `student_id` like %% or `first_name` like %% or `last_name` like %%) {"exception":"[object] (Illuminate\\Database\\QueryException(code: 1049): SQLSTATE[HY000] [1049] Unknown database 'student_evaluation' (Connection: mysql, SQL: select count(*) as aggregate from `students` where `student_id` like %% or `first_name` like %% or `last_name` like %%) at C:\\Users\\CENGE\\Desktop\\thesis\\backend\\vendor\\laravel\\framework\\src\\Illuminate\\Database\\Connection.php:829)
[stacktrace]
#0 C:\\Users\\CENGE\\Desktop\\thesis\\backend\\vendor\\laravel\\framework\\src\\Illuminate\\Database\\Connection.php(783): Illuminate\\Database\\Connection->runQueryCallback('select count(*)...', Array, Object(Closure))
#1 C:\\Users\\CENGE\\Desktop\\thesis\\backend\\vendor\\laravel\\framework\\src\\Illuminate\\Database\\Connection.php(414): Illuminate\\Database\\Connection->run('select count(*)...', Array, Object(Closure))
#2 C:\\Users\\CENGE\\Desktop\\thesis\\backend\\vendor\\laravel\\framework\\src\\Illuminate\\Database\\Query\\Builder.php(2913): Illuminate\\Database\\Connection->select('select count(*)...', Array, true)
#3 C:\\Users\\CENGE\\Desktop\\thesis\\backend\\vendor\\laravel\\framework\\src\\Illuminate\\Database\\Query\\Builder.php(2902): Illuminate\\Database\\Query\\Builder->runSelect()
#4 C:\\Users\\CENGE\\Desktop\\thesis\\backend\\vendor\\laravel\\framework\\src\\Illuminate\\Database\\Query\\Builder.php(3456): Illuminate\\Database\\Query\\Builder->Illuminate\\Database\\Query\\{closure}()
#5 C:\\Users\\CENGE\\Desktop\\thesis\\backend\\vendor\\laravel\\framework\\src\\Illuminate\\Database\\Query\\Builder.php(2901): Illuminate\\Database\\Query\\Builder->onceWithColumns(Array, Object(Closure))
#6 C:\\Users\\CENGE\\Desktop\\thesis\\backend\\vendor\\laravel\\framework\\src\\Illuminate\\Database\\Query\\Builder.php(3066): Illuminate\\Database\\Query\\Builder->get()
#7 C:\\Users\\CENGE\\Desktop\\thesis\\backend\\vendor\\laravel\\framework\\src\\Illuminate\\Database\\Query\\Builder.php(3025): Illuminate\\Database\\Query\\Builder->runPaginationCountQuery(Array)
#8 C:\\Users\\CENGE\\Desktop\\thesis\\backend\\vendor\\laravel\\framework\\src\\Illuminate\\Database\\Eloquent\\Builder.php(923): Illuminate\\Database\\Query\\Builder->getCountForPagination()
#9 C:\\Users\\CENGE\\Desktop\\thesis\\backend\\app\\Http\\Controllers\\StudentController.php(22): Illuminate\\Database\\Eloquent\\Builder->paginate(10)
#10 C:\\Users\\CENGE\\Desktop\\thesis\\backend\\vendor\\laravel\\framework\\src\\Illuminate\\Routing\\Controller.php(54): App\\Http\\Controllers\\StudentController->index(Object(Illuminate\\Http\\Request))
#11 C:\\Users\\CENGE\\Desktop\\thesis\\backend\\vendor\\laravel\\framework\\src\\Illuminate\\Routing\\ControllerDispatcher.php(43): Illuminate\\Routing\\Controller->callAction('index', Array)
#12 C:\\Users\\CENGE\\Desktop\\thesis\\backend\\vendor\\laravel\\framework\\src\\Illuminate\\Routing\\Route.php(259): Illuminate\\Routing\\ControllerDispatcher->dispatch(Object(Illuminate\\Routing\\Route), Object(App\\Http\\Controllers\\StudentController), 'index')
#13 C:\\Users\\CENGE\\Desktop\\thesis\\backend\\vendor\\laravel\\framework\\src\\Illuminate\\Routing\\Route.php(205): Illuminate\\Routing\\Route->runController()
#14 C:\\Users\\CENGE\\Desktop\\thesis\\backend\\vendor\\laravel\\framework\\src\\Illuminate\\Routing\\Router.php(806): Illuminate\\Routing\\Route->run()
#15 C:\\Users\\CENGE\\Desktop\\thesis\\backend\\vendor\\laravel\\framework\\src\\Illuminate\\Pipeline\\Pipeline.php(144): Illuminate\\Routing\\Router->Illuminate\\Routing\\{closure}(Object(Illuminate\\Http\\Request))
#16 C:\\Users\\CENGE\\Desktop\\thesis\\backend\\vendor\\laravel\\framework\\src\\Illuminate\\Routing\\Middleware\\SubstituteBindings.php(50): Illuminate\\Pipeline\\Pipeline->Illuminate\\Pipeline\\{closure}(Object(Illuminate\\Http\\Request))
#17 C:\\Users\\CENGE\\Desktop\\thesis\\backend\\vendor\\laravel\\framework\\src\\Illuminate\\Pipeline\\Pipeline.php(183): Illuminate\\Routing\\Middleware\\SubstituteBindings->handle(Object(Illuminate\\Http\\Request), Object(Closure))
#18 C:\\Users\\CENGE\\Desktop\\thesis\\backend\\vendor\\laravel\\framework\\src\\Illuminate\\Routing\\Middleware\\ThrottleRequests.php(159): Illuminate\\Pipeline\\Pipeline->Illuminate\\Pipeline\\{closure}(Object(Illuminate\\Http\\Request))
#19 C:\\Users\\CENGE\\Desktop\\thesis\\backend\\vendor\\laravel\\framework\\src\\Illuminate\\Routing\\Middleware\\ThrottleRequests.php(125): Illuminate\\Routing\\Middleware\\ThrottleRequests->handleRequest(Object(Illuminate\\Http\\Request), Object(Closure), Array)
#20 C:\\Users\\CENGE\\Desktop\\thesis\\backend\\vendor\\laravel\\framework\\src\\Illuminate\\Routing\\Middleware\\ThrottleRequests.php(87): Illuminate\\Routing\\Middleware\\ThrottleRequests->handleRequestUsingNamedLimiter(Object(Illuminate\\Http\\Request), Object(Closure), 'api', Object(Closure))
#21 C:\\Users\\CENGE\\Desktop\\thesis\\backend\\vendor\\laravel\\framework\\src\\Illuminate\\Pipeline\\Pipeline.php(183): Illuminate\\Routing\\Middleware\\ThrottleRequests->handle(Object(Illuminate\\Http\\Request), Object(Closure), 'api')
#22 C:\\Users\\CENGE\\Desktop\\thesis\\backend\\vendor\\laravel\\framework\\src\\Illuminate\\Pipeline\\Pipeline.php(119): Illuminate\\Pipeline\\Pipeline->Illuminate\\Pipeline\\{closure}(Object(Illuminate\\Http\\Request))
#23 C:\\Users\\CENGE\\Desktop\\thesis\\backend\\vendor\\laravel\\framework\\src\\Illuminate\\Routing\\Router.php(805): Illuminate\\Pipeline\\Pipeline->then(Object(Closure))
#24 C:\\Users\\CENGE\\Desktop\\thesis\\backend\\vendor\\laravel\\framework\\src\\Illuminate\\Routing\\Router.php(784): Illuminate\\Routing\\Router->runRouteWithinStack(Object(Illuminate\\Routing\\Route), Object(Illuminate\\Http\\Request))
#25 C:\\Users\\CENGE\\Desktop\\thesis\\backend\\vendor\\laravel\\framework\\src\\Illuminate\\Routing\\Router.php(748): Illuminate\\Routing\\Router->runRoute(Object(Illuminate\\Http\\Request), Object(Illuminate\\Routing\\Route))
#26 C:\\Users\\CENGE\\Desktop\\thesis\\backend\\vendor\\laravel\\framework\\src\\Illuminate\\Routing\\Router.php(737): Illuminate\\Routing\\Router->dispatchToRoute(Object(Illuminate\\Http\\Request))
#27 C:\\Users\\CENGE\\Desktop\\thesis\\backend\\vendor\\laravel\\framework\\src\\Illuminate\\Foundation\\Http\\Kernel.php(200): Illuminate\\Routing\\Router->dispatch(Object(Illuminate\\Http\\Request))
#28 C:\\Users\\CENGE\\Desktop\\thesis\\backend\\vendor\\laravel\\framework\\src\\Illuminate\\Pipeline\\Pipeline.php(144): Illuminate\\Foundation\\Http\\Kernel->Illuminate\\Foundation\\Http\\{closure}(Object(Illuminate\\Http\\Request))
#29 C:\\Users\\CENGE\\Desktop\\thesis\\backend\\vendor\\laravel\\framework\\src\\Illuminate\\Foundation\\Http\\Middleware\\TransformsRequest.php(21): Illuminate\\Pipeline\\Pipeline->Illuminate\\Pipeline\\{closure}(Object(Illuminate\\Http\\Request))
#30 C:\\Users\\CENGE\\Desktop\\thesis\\backend\\vendor\\laravel\\framework\\src\\Illuminate\\Foundation\\Http\\Middleware\\ConvertEmptyStringsToNull.php(31): Illuminate\\Foundation\\Http\\Middleware\\TransformsRequest->handle(Object(Illuminate\\Http\\Request), Object(Closure))
#31 C:\\Users\\CENGE\\Desktop\\thesis\\backend\\vendor\\laravel\\framework\\src\\Illuminate\\Pipeline\\Pipeline.php(183): Illuminate\\Foundation\\Http\\Middleware\\ConvertEmptyStringsToNull->handle(Object(Illuminate\\Http\\Request), Object(Closure))
#32 C:\\Users\\CENGE\\Desktop\\thesis\\backend\\vendor\\laravel\\framework\\src\\Illuminate\\Foundation\\Http\\Middleware\\TransformsRequest.php(21): Illuminate\\Pipeline\\Pipeline->Illuminate\\Pipeline\\{closure}(Object(Illuminate\\Http\\Request))
#33 C:\\Users\\CENGE\\Desktop\\thesis\\backend\\vendor\\laravel\\framework\\src\\Illuminate\\Foundation\\Http\\Middleware\\TrimStrings.php(40): Illuminate\\Foundation\\Http\\Middleware\\TransformsRequest->handle(Object(Illuminate\\Http\\Request), Object(Closure))
#34 C:\\Users\\CENGE\\Desktop\\thesis\\backend\\vendor\\laravel\\framework\\src\\Illuminate\\Pipeline\\Pipeline.php(183): Illuminate\\Foundation\\Http\\Middleware\\TrimStrings->handle(Object(Illuminate\\Http\\Request), Object(Closure))
#35 C:\\Users\\CENGE\\Desktop\\thesis\\backend\\vendor\\laravel\\framework\\src\\Illuminate\\Foundation\\Http\\Middleware\\ValidatePostSize.php(27): Illuminate\\Pipeline\\Pipeline->Illuminate\\Pipeline\\{closure}(Object(Illuminate\\Http\\Request))
#36 C:\\Users\\CENGE\\Desktop\\thesis\\backend\\vendor\\laravel\\framework\\src\\Illuminate\\Pipeline\\Pipeline.php(183): Illuminate\\Foundation\\Http\\Middleware\\ValidatePostSize->handle(Object(Illuminate\\Http\\Request), Object(Closure))
#37 C:\\Users\\CENGE\\Desktop\\thesis\\backend\\vendor\\laravel\\framework\\src\\Illuminate\\Foundation\\Http\\Middleware\\PreventRequestsDuringMaintenance.php(99): Illuminate\\Pipeline\\Pipeline->Illuminate\\Pipeline\\{closure}(Object(Illuminate\\Http\\Request))
#38 C:\\Users\\CENGE\\Desktop\\thesis\\backend\\vendor\\laravel\\framework\\src\\Illuminate\\Pipeline\\Pipeline.php(183): Illuminate\\Foundation\\Http\\Middleware\\PreventRequestsDuringMaintenance->handle(Object(Illuminate\\Http\\Request), Object(Closure))
#39 C:\\Users\\CENGE\\Desktop\\thesis\\backend\\vendor\\laravel\\framework\\src\\Illuminate\\Http\\Middleware\\HandleCors.php(62): Illuminate\\Pipeline\\Pipeline->Illuminate\\Pipeline\\{closure}(Object(Illuminate\\Http\\Request))
#40 C:\\Users\\CENGE\\Desktop\\thesis\\backend\\vendor\\laravel\\framework\\src\\Illuminate\\Pipeline\\Pipeline.php(183): Illuminate\\Http\\Middleware\\HandleCors->handle(Object(Illuminate\\Http\\Request), Object(Closure))
#41 C:\\Users\\CENGE\\Desktop\\thesis\\backend\\vendor\\laravel\\framework\\src\\Illuminate\\Http\\Middleware\\TrustProxies.php(39): Illuminate\\Pipeline\\Pipeline->Illuminate\\Pipeline\\{closure}(Object(Illuminate\\Http\\Request))
#42 C:\\Users\\CENGE\\Desktop\\thesis\\backend\\vendor\\laravel\\framework\\src\\Illuminate\\Pipeline\\Pipeline.php(183): Illuminate\\Http\\Middleware\\TrustProxies->handle(Object(Illuminate\\Http\\Request), Object(Closure))
#43 C:\\Users\\CENGE\\Desktop\\thesis\\backend\\vendor\\laravel\\framework\\src\\Illuminate\\Pipeline\\Pipeline.php(119): Illuminate\\Pipeline\\Pipeline->Illuminate\\Pipeline\\{closure}(Object(Illuminate\\Http\\Request))
#44 C:\\Users\\CENGE\\Desktop\\thesis\\backend\\vendor\\laravel\\framework\\src\\Illuminate\\Foundation\\Http\\Kernel.php(175): Illuminate\\Pipeline\\Pipeline->then(Object(Closure))
#45 C:\\Users\\CENGE\\Desktop\\thesis\\backend\\vendor\\laravel\\framework\\src\\Illuminate\\Foundation\\Http\\Kernel.php(144): Illuminate\\Foundation\\Http\\Kernel->sendRequestThroughRouter(Object(Illuminate\\Http\\Request))
#46 C:\\Users\\CENGE\\Desktop\\thesis\\backend\\public\\index.php(51): Illuminate\\Foundation\\Http\\Kernel->handle(Object(Illuminate\\Http\\Request))
#47 C:\\Users\\CENGE\\Desktop\\thesis\\backend\\vendor\\laravel\\framework\\src\\Illuminate\\Foundation\\resources\\server.php(16): require_once('C:\\\\Users\\\\CENGE\\\\...')
#48 {main}

[previous exception] [object] (PDOException(code: 1049): SQLSTATE[HY000] [1049] Unknown database 'student_evaluation' at C:\\Users\\CENGE\\Desktop\\thesis\\backend\\vendor\\laravel\\framework\\src\\Illuminate\\Database\\Connectors\\Connector.php:65)
[stacktrace]
#0 C:\\Users\\CENGE\\Desktop\\thesis\\backend\\vendor\\laravel\\framework\\src\\Illuminate\\Database\\Connectors\\Connector.php(65): PDO->__construct('mysql:host=127....', 'root', Object(SensitiveParameterValue), Array)
#1 C:\\Users\\CENGE\\Desktop\\thesis\\backend\\vendor\\laravel\\framework\\src\\Illuminate\\Database\\Connectors\\Connector.php(44): Illuminate\\Database\\Connectors\\Connector->createPdoConnection('mysql:host=127....', 'root', '', Array)
#2 C:\\Users\\CENGE\\Desktop\\thesis\\backend\\vendor\\laravel\\framework\\src\\Illuminate\\Database\\Connectors\\MySqlConnector.php(24): Illuminate\\Database\\Connectors\\Connector->createConnection('mysql:host=127....', Array, Array)
#3 C:\\Users\\CENGE\\Desktop\\thesis\\backend\\vendor\\laravel\\framework\\src\\Illuminate\\Database\\Connectors\\ConnectionFactory.php(184): Illuminate\\Database\\Connectors\\MySqlConnector->connect(Array)
#4 [internal function]: Illuminate\\Database\\Connectors\\ConnectionFactory->Illuminate\\Database\\Connectors\\{closure}()
#5 C:\\Users\\CENGE\\Desktop\\thesis\\backend\\vendor\\laravel\\framework\\src\\Illuminate\\Database\\Connection.php(1339): call_user_func(Object(Closure))
#6 C:\\Users\\CENGE\\Desktop\\thesis\\backend\\vendor\\laravel\\framework\\src\\Illuminate\\Database\\Connection.php(1375): Illuminate\\Database\\Connection->getPdo()
#7 C:\\Users\\CENGE\\Desktop\\thesis\\backend\\vendor\\laravel\\framework\\src\\Illuminate\\Database\\Connection.php(528): Illuminate\\Database\\Connection->getReadPdo()
#8 C:\\Users\\CENGE\\Desktop\\thesis\\backend\\vendor\\laravel\\framework\\src\\Illuminate\\Database\\Connection.php(423): Illuminate\\Database\\Connection->getPdoForSelect(true)
#9 C:\\Users\\CENGE\\Desktop\\thesis\\backend\\vendor\\laravel\\framework\\src\\Illuminate\\Database\\Connection.php(816): Illuminate\\Database\\Connection->Illuminate\\Database\\{closure}('select count(*)...', Array)
#10 C:\\Users\\CENGE\\Desktop\\thesis\\backend\\vendor\\laravel\\framework\\src\\Illuminate\\Database\\Connection.php(783): Illuminate\\Database\\Connection->runQueryCallback('select count(*)...', Array, Object(Closure))
#11 C:\\Users\\CENGE\\Desktop\\thesis\\backend\\vendor\\laravel\\framework\\src\\Illuminate\\Database\\Connection.php(414): Illuminate\\Database\\Connection->run('select count(*)...', Array, Object(Closure))
#12 C:\\Users\\CENGE\\Desktop\\thesis\\backend\\vendor\\laravel\\framework\\src\\Illuminate\\Database\\Query\\Builder.php(2913): Illuminate\\Database\\Connection->select('select count(*)...', Array, true)
#13 C:\\Users\\CENGE\\Desktop\\thesis\\backend\\vendor\\laravel\\framework\\src\\Illuminate\\Database\\Query\\Builder.php(2902): Illuminate\\Database\\Query\\Builder->runSelect()
#14 C:\\Users\\CENGE\\Desktop\\thesis\\backend\\vendor\\laravel\\framework\\src\\Illuminate\\Database\\Query\\Builder.php(3456): Illuminate\\Database\\Query\\Builder->Illuminate\\Database\\Query\\{closure}()
#15 C:\\Users\\CENGE\\Desktop\\thesis\\backend\\vendor\\laravel\\framework\\src\\Illuminate\\Database\\Query\\Builder.php(2901): Illuminate\\Database\\Query\\Builder->onceWithColumns(Array, Object(Closure))
#16 C:\\Users\\CENGE\\Desktop\\thesis\\backend\\vendor\\laravel\\framework\\src\\Illuminate\\Database\\Query\\Builder.php(3066): Illuminate\\Database\\Query\\Builder->get()
#17 C:\\Users\\CENGE\\Desktop\\thesis\\backend\\vendor\\laravel\\framework\\src\\Illuminate\\Database\\Query\\Builder.php(3025): Illuminate\\Database\\Query\\Builder->runPaginationCountQuery(Array)
#18 C:\\Users\\CENGE\\Desktop\\thesis\\backend\\vendor\\laravel\\framework\\src\\Illuminate\\Database\\Eloquent\\Builder.php(923): Illuminate\\Database\\Query\\Builder->getCountForPagination()
#19 C:\\Users\\CENGE\\Desktop\\thesis\\backend\\app\\Http\\Controllers\\StudentController.php(22): Illuminate\\Database\\Eloquent\\Builder->paginate(10)
#20 C:\\Users\\CENGE\\Desktop\\thesis\\backend\\vendor\\laravel\\framework\\src\\Illuminate\\Routing\\Controller.php(54): App\\Http\\Controllers\\StudentController->index(Object(Illuminate\\Http\\Request))
#21 C:\\Users\\CENGE\\Desktop\\thesis\\backend\\vendor\\laravel\\framework\\src\\Illuminate\\Routing\\ControllerDispatcher.php(43): Illuminate\\Routing\\Controller->callAction('index', Array)
#22 C:\\Users\\CENGE\\Desktop\\thesis\\backend\\vendor\\laravel\\framework\\src\\Illuminate\\Routing\\Route.php(259): Illuminate\\Routing\\ControllerDispatcher->dispatch(Object(Illuminate\\Routing\\Route), Object(App\\Http\\Controllers\\StudentController), 'index')
#23 C:\\Users\\CENGE\\Desktop\\thesis\\backend\\vendor\\laravel\\framework\\src\\Illuminate\\Routing\\Route.php(205): Illuminate\\Routing\\Route->runController()
#24 C:\\Users\\CENGE\\Desktop\\thesis\\backend\\vendor\\laravel\\framework\\src\\Illuminate\\Routing\\Router.php(806): Illuminate\\Routing\\Route->run()
#25 C:\\Users\\CENGE\\Desktop\\thesis\\backend\\vendor\\laravel\\framework\\src\\Illuminate\\Pipeline\\Pipeline.php(144): Illuminate\\Routing\\Router->Illuminate\\Routing\\{closure}(Object(Illuminate\\Http\\Request))
#26 C:\\Users\\CENGE\\Desktop\\thesis\\backend\\vendor\\laravel\\framework\\src\\Illuminate\\Routing\\Middleware\\SubstituteBindings.php(50): Illuminate\\Pipeline\\Pipeline->Illuminate\\Pipeline\\{closure}(Object(Illuminate\\Http\\Request))
#27 C:\\Users\\CENGE\\Desktop\\thesis\\backend\\vendor\\laravel\\framework\\src\\Illuminate\\Pipeline\\Pipeline.php(183): Illuminate\\Routing\\Middleware\\SubstituteBindings->handle(Object(Illuminate\\Http\\Request), Object(Closure))
#28 C:\\Users\\CENGE\\Desktop\\thesis\\backend\\vendor\\laravel\\framework\\src\\Illuminate\\Routing\\Middleware\\ThrottleRequests.php(159): Illuminate\\Pipeline\\Pipeline->Illuminate\\Pipeline\\{closure}(Object(Illuminate\\Http\\Request))
#29 C:\\Users\\CENGE\\Desktop\\thesis\\backend\\vendor\\laravel\\framework\\src\\Illuminate\\Routing\\Middleware\\ThrottleRequests.php(125): Illuminate\\Routing\\Middleware\\ThrottleRequests->handleRequest(Object(Illuminate\\Http\\Request), Object(Closure), Array)
#30 C:\\Users\\CENGE\\Desktop\\thesis\\backend\\vendor\\laravel\\framework\\src\\Illuminate\\Routing\\Middleware\\ThrottleRequests.php(87): Illuminate\\Routing\\Middleware\\ThrottleRequests->handleRequestUsingNamedLimiter(Object(Illuminate\\Http\\Request), Object(Closure), 'api', Object(Closure))
#31 C:\\Users\\CENGE\\Desktop\\thesis\\backend\\vendor\\laravel\\framework\\src\\Illuminate\\Pipeline\\Pipeline.php(183): Illuminate\\Routing\\Middleware\\ThrottleRequests->handle(Object(Illuminate\\Http\\Request), Object(Closure), 'api')
#32 C:\\Users\\CENGE\\Desktop\\thesis\\backend\\vendor\\laravel\\framework\\src\\Illuminate\\Pipeline\\Pipeline.php(119): Illuminate\\Pipeline\\Pipeline->Illuminate\\Pipeline\\{closure}(Object(Illuminate\\Http\\Request))
#33 C:\\Users\\CENGE\\Desktop\\thesis\\backend\\vendor\\laravel\\framework\\src\\Illuminate\\Routing\\Router.php(805): Illuminate\\Pipeline\\Pipeline->then(Object(Closure))
#34 C:\\Users\\CENGE\\Desktop\\thesis\\backend\\vendor\\laravel\\framework\\src\\Illuminate\\Routing\\Router.php(784): Illuminate\\Routing\\Router->runRouteWithinStack(Object(Illuminate\\Routing\\Route), Object(Illuminate\\Http\\Request))
#35 C:\\Users\\CENGE\\Desktop\\thesis\\backend\\vendor\\laravel\\framework\\src\\Illuminate\\Routing\\Router.php(748): Illuminate\\Routing\\Router->runRoute(Object(Illuminate\\Http\\Request), Object(Illuminate\\Routing\\Route))
#36 C:\\Users\\CENGE\\Desktop\\thesis\\backend\\vendor\\laravel\\framework\\src\\Illuminate\\Routing\\Router.php(737): Illuminate\\Routing\\Router->dispatchToRoute(Object(Illuminate\\Http\\Request))
#37 C:\\Users\\CENGE\\Desktop\\thesis\\backend\\vendor\\laravel\\framework\\src\\Illuminate\\Foundation\\Http\\Kernel.php(200): Illuminate\\Routing\\Router->dispatch(Object(Illuminate\\Http\\Request))
#38 C:\\Users\\CENGE\\Desktop\\thesis\\backend\\vendor\\laravel\\framework\\src\\Illuminate\\Pipeline\\Pipeline.php(144): Illuminate\\Foundation\\Http\\Kernel->Illuminate\\Foundation\\Http\\{closure}(Object(Illuminate\\Http\\Request))
#39 C:\\Users\\CENGE\\Desktop\\thesis\\backend\\vendor\\laravel\\framework\\src\\Illuminate\\Foundation\\Http\\Middleware\\TransformsRequest.php(21): Illuminate\\Pipeline\\Pipeline->Illuminate\\Pipeline\\{closure}(Object(Illuminate\\Http\\Request))
#40 C:\\Users\\CENGE\\Desktop\\thesis\\backend\\vendor\\laravel\\framework\\src\\Illuminate\\Foundation\\Http\\Middleware\\ConvertEmptyStringsToNull.php(31): Illuminate\\Foundation\\Http\\Middleware\\TransformsRequest->handle(Object(Illuminate\\Http\\Request), Object(Closure))
#41 C:\\Users\\CENGE\\Desktop\\thesis\\backend\\vendor\\laravel\\framework\\src\\Illuminate\\Pipeline\\Pipeline.php(183): Illuminate\\Foundation\\Http\\Middleware\\ConvertEmptyStringsToNull->handle(Object(Illuminate\\Http\\Request), Object(Closure))
#42 C:\\Users\\CENGE\\Desktop\\thesis\\backend\\vendor\\laravel\\framework\\src\\Illuminate\\Foundation\\Http\\Middleware\\TransformsRequest.php(21): Illuminate\\Pipeline\\Pipeline->Illuminate\\Pipeline\\{closure}(Object(Illuminate\\Http\\Request))
#43 C:\\Users\\CENGE\\Desktop\\thesis\\backend\\vendor\\laravel\\framework\\src\\Illuminate\\Foundation\\Http\\Middleware\\TrimStrings.php(40): Illuminate\\Foundation\\Http\\Middleware\\TransformsRequest->handle(Object(Illuminate\\Http\\Request), Object(Closure))
#44 C:\\Users\\CENGE\\Desktop\\thesis\\backend\\vendor\\laravel\\framework\\src\\Illuminate\\Pipeline\\Pipeline.php(183): Illuminate\\Foundation\\Http\\Middleware\\TrimStrings->handle(Object(Illuminate\\Http\\Request), Object(Closure))
#45 C:\\Users\\CENGE\\Desktop\\thesis\\backend\\vendor\\laravel\\framework\\src\\Illuminate\\Foundation\\Http\\Middleware\\ValidatePostSize.php(27): Illuminate\\Pipeline\\Pipeline->Illuminate\\Pipeline\\{closure}(Object(Illuminate\\Http\\Request))
#46 C:\\Users\\CENGE\\Desktop\\thesis\\backend\\vendor\\laravel\\framework\\src\\Illuminate\\Pipeline\\Pipeline.php(183): Illuminate\\Foundation\\Http\\Middleware\\ValidatePostSize->handle(Object(Illuminate\\Http\\Request), Object(Closure))
#47 C:\\Users\\CENGE\\Desktop\\thesis\\backend\\vendor\\laravel\\framework\\src\\Illuminate\\Foundation\\Http\\Middleware\\PreventRequestsDuringMaintenance.php(99): Illuminate\\Pipeline\\Pipeline->Illuminate\\Pipeline\\{closure}(Object(Illuminate\\Http\\Request))
#48 C:\\Users\\CENGE\\Desktop\\thesis\\backend\\vendor\\laravel\\framework\\src\\Illuminate\\Pipeline\\Pipeline.php(183): Illuminate\\Foundation\\Http\\Middleware\\PreventRequestsDuringMaintenance->handle(Object(Illuminate\\Http\\Request), Object(Closure))
#49 C:\\Users\\CENGE\\Desktop\\thesis\\backend\\vendor\\laravel\\framework\\src\\Illuminate\\Http\\Middleware\\HandleCors.php(62): Illuminate\\Pipeline\\Pipeline->Illuminate\\Pipeline\\{closure}(Object(Illuminate\\Http\\Request))
#50 C:\\Users\\CENGE\\Desktop\\thesis\\backend\\vendor\\laravel\\framework\\src\\Illuminate\\Pipeline\\Pipeline.php(183): Illuminate\\Http\\Middleware\\HandleCors->handle(Object(Illuminate\\Http\\Request), Object(Closure))
#51 C:\\Users\\CENGE\\Desktop\\thesis\\backend\\vendor\\laravel\\framework\\src\\Illuminate\\Http\\Middleware\\TrustProxies.php(39): Illuminate\\Pipeline\\Pipeline->Illuminate\\Pipeline\\{closure}(Object(Illuminate\\Http\\Request))
#52 C:\\Users\\CENGE\\Desktop\\thesis\\backend\\vendor\\laravel\\framework\\src\\Illuminate\\Pipeline\\Pipeline.php(183): Illuminate\\Http\\Middleware\\TrustProxies->handle(Object(Illuminate\\Http\\Request), Object(Closure))
#53 C:\\Users\\CENGE\\Desktop\\thesis\\backend\\vendor\\laravel\\framework\\src\\Illuminate\\Pipeline\\Pipeline.php(119): Illuminate\\Pipeline\\Pipeline->Illuminate\\Pipeline\\{closure}(Object(Illuminate\\Http\\Request))
#54 C:\\Users\\CENGE\\Desktop\\thesis\\backend\\vendor\\laravel\\framework\\src\\Illuminate\\Foundation\\Http\\Kernel.php(175): Illuminate\\Pipeline\\Pipeline->then(Object(Closure))
#55 C:\\Users\\CENGE\\Desktop\\thesis\\backend\\vendor\\laravel\\framework\\src\\Illuminate\\Foundation\\Http\\Kernel.php(144): Illuminate\\Foundation\\Http\\Kernel->sendRequestThroughRouter(Object(Illuminate\\Http\\Request))
#56 C:\\Users\\CENGE\\Desktop\\thesis\\backend\\public\\index.php(51): Illuminate\\Foundation\\Http\\Kernel->handle(Object(Illuminate\\Http\\Request))
#57 C:\\Users\\CENGE\\Desktop\\thesis\\backend\\vendor\\laravel\\framework\\src\\Illuminate\\Foundation\\resources\\server.php(16): require_once('C:\\\\Users\\\\CENGE\\\\...')
#58 {main}
"} 
[2025-02-04 16:22:36] local.ERROR: SQLSTATE[HY000] [1049] Unknown database 'student_evaluation' (Connection: mysql, SQL: select * from `program_prospectuses`) {"exception":"[object] (Illuminate\\Database\\QueryException(code: 1049): SQLSTATE[HY000] [1049] Unknown database 'student_evaluation' (Connection: mysql, SQL: select * from `program_prospectuses`) at C:\\Users\\CENGE\\Desktop\\thesis\\backend\\vendor\\laravel\\framework\\src\\Illuminate\\Database\\Connection.php:829)
[stacktrace]
#0 C:\\Users\\CENGE\\Desktop\\thesis\\backend\\vendor\\laravel\\framework\\src\\Illuminate\\Database\\Connection.php(783): Illuminate\\Database\\Connection->runQueryCallback('select * from `...', Array, Object(Closure))
#1 C:\\Users\\CENGE\\Desktop\\thesis\\backend\\vendor\\laravel\\framework\\src\\Illuminate\\Database\\Connection.php(414): Illuminate\\Database\\Connection->run('select * from `...', Array, Object(Closure))
#2 C:\\Users\\CENGE\\Desktop\\thesis\\backend\\vendor\\laravel\\framework\\src\\Illuminate\\Database\\Query\\Builder.php(2913): Illuminate\\Database\\Connection->select('select * from `...', Array, true)
#3 C:\\Users\\CENGE\\Desktop\\thesis\\backend\\vendor\\laravel\\framework\\src\\Illuminate\\Database\\Query\\Builder.php(2902): Illuminate\\Database\\Query\\Builder->runSelect()
#4 C:\\Users\\CENGE\\Desktop\\thesis\\backend\\vendor\\laravel\\framework\\src\\Illuminate\\Database\\Query\\Builder.php(3456): Illuminate\\Database\\Query\\Builder->Illuminate\\Database\\Query\\{closure}()
#5 C:\\Users\\CENGE\\Desktop\\thesis\\backend\\vendor\\laravel\\framework\\src\\Illuminate\\Database\\Query\\Builder.php(2901): Illuminate\\Database\\Query\\Builder->onceWithColumns(Array, Object(Closure))
#6 C:\\Users\\CENGE\\Desktop\\thesis\\backend\\vendor\\laravel\\framework\\src\\Illuminate\\Database\\Eloquent\\Builder.php(739): Illuminate\\Database\\Query\\Builder->get(Array)
#7 C:\\Users\\CENGE\\Desktop\\thesis\\backend\\vendor\\laravel\\framework\\src\\Illuminate\\Database\\Eloquent\\Builder.php(723): Illuminate\\Database\\Eloquent\\Builder->getModels(Array)
#8 C:\\Users\\CENGE\\Desktop\\thesis\\backend\\vendor\\laravel\\framework\\src\\Illuminate\\Database\\Eloquent\\Model.php(675): Illuminate\\Database\\Eloquent\\Builder->get(Array)
#9 C:\\Users\\CENGE\\Desktop\\thesis\\backend\\app\\Http\\Controllers\\ProgramProspectusController.php(12): Illuminate\\Database\\Eloquent\\Model::all()
#10 C:\\Users\\CENGE\\Desktop\\thesis\\backend\\vendor\\laravel\\framework\\src\\Illuminate\\Routing\\Controller.php(54): App\\Http\\Controllers\\ProgramProspectusController->index()
#11 C:\\Users\\CENGE\\Desktop\\thesis\\backend\\vendor\\laravel\\framework\\src\\Illuminate\\Routing\\ControllerDispatcher.php(43): Illuminate\\Routing\\Controller->callAction('index', Array)
#12 C:\\Users\\CENGE\\Desktop\\thesis\\backend\\vendor\\laravel\\framework\\src\\Illuminate\\Routing\\Route.php(259): Illuminate\\Routing\\ControllerDispatcher->dispatch(Object(Illuminate\\Routing\\Route), Object(App\\Http\\Controllers\\ProgramProspectusController), 'index')
#13 C:\\Users\\CENGE\\Desktop\\thesis\\backend\\vendor\\laravel\\framework\\src\\Illuminate\\Routing\\Route.php(205): Illuminate\\Routing\\Route->runController()
#14 C:\\Users\\CENGE\\Desktop\\thesis\\backend\\vendor\\laravel\\framework\\src\\Illuminate\\Routing\\Router.php(806): Illuminate\\Routing\\Route->run()
#15 C:\\Users\\CENGE\\Desktop\\thesis\\backend\\vendor\\laravel\\framework\\src\\Illuminate\\Pipeline\\Pipeline.php(144): Illuminate\\Routing\\Router->Illuminate\\Routing\\{closure}(Object(Illuminate\\Http\\Request))
#16 C:\\Users\\CENGE\\Desktop\\thesis\\backend\\vendor\\laravel\\framework\\src\\Illuminate\\Routing\\Middleware\\SubstituteBindings.php(50): Illuminate\\Pipeline\\Pipeline->Illuminate\\Pipeline\\{closure}(Object(Illuminate\\Http\\Request))
#17 C:\\Users\\CENGE\\Desktop\\thesis\\backend\\vendor\\laravel\\framework\\src\\Illuminate\\Pipeline\\Pipeline.php(183): Illuminate\\Routing\\Middleware\\SubstituteBindings->handle(Object(Illuminate\\Http\\Request), Object(Closure))
#18 C:\\Users\\CENGE\\Desktop\\thesis\\backend\\vendor\\laravel\\framework\\src\\Illuminate\\Routing\\Middleware\\ThrottleRequests.php(159): Illuminate\\Pipeline\\Pipeline->Illuminate\\Pipeline\\{closure}(Object(Illuminate\\Http\\Request))
#19 C:\\Users\\CENGE\\Desktop\\thesis\\backend\\vendor\\laravel\\framework\\src\\Illuminate\\Routing\\Middleware\\ThrottleRequests.php(125): Illuminate\\Routing\\Middleware\\ThrottleRequests->handleRequest(Object(Illuminate\\Http\\Request), Object(Closure), Array)
#20 C:\\Users\\CENGE\\Desktop\\thesis\\backend\\vendor\\laravel\\framework\\src\\Illuminate\\Routing\\Middleware\\ThrottleRequests.php(87): Illuminate\\Routing\\Middleware\\ThrottleRequests->handleRequestUsingNamedLimiter(Object(Illuminate\\Http\\Request), Object(Closure), 'api', Object(Closure))
#21 C:\\Users\\CENGE\\Desktop\\thesis\\backend\\vendor\\laravel\\framework\\src\\Illuminate\\Pipeline\\Pipeline.php(183): Illuminate\\Routing\\Middleware\\ThrottleRequests->handle(Object(Illuminate\\Http\\Request), Object(Closure), 'api')
#22 C:\\Users\\CENGE\\Desktop\\thesis\\backend\\vendor\\laravel\\framework\\src\\Illuminate\\Pipeline\\Pipeline.php(119): Illuminate\\Pipeline\\Pipeline->Illuminate\\Pipeline\\{closure}(Object(Illuminate\\Http\\Request))
#23 C:\\Users\\CENGE\\Desktop\\thesis\\backend\\vendor\\laravel\\framework\\src\\Illuminate\\Routing\\Router.php(805): Illuminate\\Pipeline\\Pipeline->then(Object(Closure))
#24 C:\\Users\\CENGE\\Desktop\\thesis\\backend\\vendor\\laravel\\framework\\src\\Illuminate\\Routing\\Router.php(784): Illuminate\\Routing\\Router->runRouteWithinStack(Object(Illuminate\\Routing\\Route), Object(Illuminate\\Http\\Request))
#25 C:\\Users\\CENGE\\Desktop\\thesis\\backend\\vendor\\laravel\\framework\\src\\Illuminate\\Routing\\Router.php(748): Illuminate\\Routing\\Router->runRoute(Object(Illuminate\\Http\\Request), Object(Illuminate\\Routing\\Route))
#26 C:\\Users\\CENGE\\Desktop\\thesis\\backend\\vendor\\laravel\\framework\\src\\Illuminate\\Routing\\Router.php(737): Illuminate\\Routing\\Router->dispatchToRoute(Object(Illuminate\\Http\\Request))
#27 C:\\Users\\CENGE\\Desktop\\thesis\\backend\\vendor\\laravel\\framework\\src\\Illuminate\\Foundation\\Http\\Kernel.php(200): Illuminate\\Routing\\Router->dispatch(Object(Illuminate\\Http\\Request))
#28 C:\\Users\\CENGE\\Desktop\\thesis\\backend\\vendor\\laravel\\framework\\src\\Illuminate\\Pipeline\\Pipeline.php(144): Illuminate\\Foundation\\Http\\Kernel->Illuminate\\Foundation\\Http\\{closure}(Object(Illuminate\\Http\\Request))
#29 C:\\Users\\CENGE\\Desktop\\thesis\\backend\\vendor\\laravel\\framework\\src\\Illuminate\\Foundation\\Http\\Middleware\\TransformsRequest.php(21): Illuminate\\Pipeline\\Pipeline->Illuminate\\Pipeline\\{closure}(Object(Illuminate\\Http\\Request))
#30 C:\\Users\\CENGE\\Desktop\\thesis\\backend\\vendor\\laravel\\framework\\src\\Illuminate\\Foundation\\Http\\Middleware\\ConvertEmptyStringsToNull.php(31): Illuminate\\Foundation\\Http\\Middleware\\TransformsRequest->handle(Object(Illuminate\\Http\\Request), Object(Closure))
#31 C:\\Users\\CENGE\\Desktop\\thesis\\backend\\vendor\\laravel\\framework\\src\\Illuminate\\Pipeline\\Pipeline.php(183): Illuminate\\Foundation\\Http\\Middleware\\ConvertEmptyStringsToNull->handle(Object(Illuminate\\Http\\Request), Object(Closure))
#32 C:\\Users\\CENGE\\Desktop\\thesis\\backend\\vendor\\laravel\\framework\\src\\Illuminate\\Foundation\\Http\\Middleware\\TransformsRequest.php(21): Illuminate\\Pipeline\\Pipeline->Illuminate\\Pipeline\\{closure}(Object(Illuminate\\Http\\Request))
#33 C:\\Users\\CENGE\\Desktop\\thesis\\backend\\vendor\\laravel\\framework\\src\\Illuminate\\Foundation\\Http\\Middleware\\TrimStrings.php(40): Illuminate\\Foundation\\Http\\Middleware\\TransformsRequest->handle(Object(Illuminate\\Http\\Request), Object(Closure))
#34 C:\\Users\\CENGE\\Desktop\\thesis\\backend\\vendor\\laravel\\framework\\src\\Illuminate\\Pipeline\\Pipeline.php(183): Illuminate\\Foundation\\Http\\Middleware\\TrimStrings->handle(Object(Illuminate\\Http\\Request), Object(Closure))
#35 C:\\Users\\CENGE\\Desktop\\thesis\\backend\\vendor\\laravel\\framework\\src\\Illuminate\\Foundation\\Http\\Middleware\\ValidatePostSize.php(27): Illuminate\\Pipeline\\Pipeline->Illuminate\\Pipeline\\{closure}(Object(Illuminate\\Http\\Request))
#36 C:\\Users\\CENGE\\Desktop\\thesis\\backend\\vendor\\laravel\\framework\\src\\Illuminate\\Pipeline\\Pipeline.php(183): Illuminate\\Foundation\\Http\\Middleware\\ValidatePostSize->handle(Object(Illuminate\\Http\\Request), Object(Closure))
#37 C:\\Users\\CENGE\\Desktop\\thesis\\backend\\vendor\\laravel\\framework\\src\\Illuminate\\Foundation\\Http\\Middleware\\PreventRequestsDuringMaintenance.php(99): Illuminate\\Pipeline\\Pipeline->Illuminate\\Pipeline\\{closure}(Object(Illuminate\\Http\\Request))
#38 C:\\Users\\CENGE\\Desktop\\thesis\\backend\\vendor\\laravel\\framework\\src\\Illuminate\\Pipeline\\Pipeline.php(183): Illuminate\\Foundation\\Http\\Middleware\\PreventRequestsDuringMaintenance->handle(Object(Illuminate\\Http\\Request), Object(Closure))
#39 C:\\Users\\CENGE\\Desktop\\thesis\\backend\\vendor\\laravel\\framework\\src\\Illuminate\\Http\\Middleware\\HandleCors.php(62): Illuminate\\Pipeline\\Pipeline->Illuminate\\Pipeline\\{closure}(Object(Illuminate\\Http\\Request))
#40 C:\\Users\\CENGE\\Desktop\\thesis\\backend\\vendor\\laravel\\framework\\src\\Illuminate\\Pipeline\\Pipeline.php(183): Illuminate\\Http\\Middleware\\HandleCors->handle(Object(Illuminate\\Http\\Request), Object(Closure))
#41 C:\\Users\\CENGE\\Desktop\\thesis\\backend\\vendor\\laravel\\framework\\src\\Illuminate\\Http\\Middleware\\TrustProxies.php(39): Illuminate\\Pipeline\\Pipeline->Illuminate\\Pipeline\\{closure}(Object(Illuminate\\Http\\Request))
#42 C:\\Users\\CENGE\\Desktop\\thesis\\backend\\vendor\\laravel\\framework\\src\\Illuminate\\Pipeline\\Pipeline.php(183): Illuminate\\Http\\Middleware\\TrustProxies->handle(Object(Illuminate\\Http\\Request), Object(Closure))
#43 C:\\Users\\CENGE\\Desktop\\thesis\\backend\\vendor\\laravel\\framework\\src\\Illuminate\\Pipeline\\Pipeline.php(119): Illuminate\\Pipeline\\Pipeline->Illuminate\\Pipeline\\{closure}(Object(Illuminate\\Http\\Request))
#44 C:\\Users\\CENGE\\Desktop\\thesis\\backend\\vendor\\laravel\\framework\\src\\Illuminate\\Foundation\\Http\\Kernel.php(175): Illuminate\\Pipeline\\Pipeline->then(Object(Closure))
#45 C:\\Users\\CENGE\\Desktop\\thesis\\backend\\vendor\\laravel\\framework\\src\\Illuminate\\Foundation\\Http\\Kernel.php(144): Illuminate\\Foundation\\Http\\Kernel->sendRequestThroughRouter(Object(Illuminate\\Http\\Request))
#46 C:\\Users\\CENGE\\Desktop\\thesis\\backend\\public\\index.php(51): Illuminate\\Foundation\\Http\\Kernel->handle(Object(Illuminate\\Http\\Request))
#47 C:\\Users\\CENGE\\Desktop\\thesis\\backend\\vendor\\laravel\\framework\\src\\Illuminate\\Foundation\\resources\\server.php(16): require_once('C:\\\\Users\\\\CENGE\\\\...')
#48 {main}

[previous exception] [object] (PDOException(code: 1049): SQLSTATE[HY000] [1049] Unknown database 'student_evaluation' at C:\\Users\\CENGE\\Desktop\\thesis\\backend\\vendor\\laravel\\framework\\src\\Illuminate\\Database\\Connectors\\Connector.php:65)
[stacktrace]
#0 C:\\Users\\CENGE\\Desktop\\thesis\\backend\\vendor\\laravel\\framework\\src\\Illuminate\\Database\\Connectors\\Connector.php(65): PDO->__construct('mysql:host=127....', 'root', Object(SensitiveParameterValue), Array)
#1 C:\\Users\\CENGE\\Desktop\\thesis\\backend\\vendor\\laravel\\framework\\src\\Illuminate\\Database\\Connectors\\Connector.php(44): Illuminate\\Database\\Connectors\\Connector->createPdoConnection('mysql:host=127....', 'root', '', Array)
#2 C:\\Users\\CENGE\\Desktop\\thesis\\backend\\vendor\\laravel\\framework\\src\\Illuminate\\Database\\Connectors\\MySqlConnector.php(24): Illuminate\\Database\\Connectors\\Connector->createConnection('mysql:host=127....', Array, Array)
#3 C:\\Users\\CENGE\\Desktop\\thesis\\backend\\vendor\\laravel\\framework\\src\\Illuminate\\Database\\Connectors\\ConnectionFactory.php(184): Illuminate\\Database\\Connectors\\MySqlConnector->connect(Array)
#4 [internal function]: Illuminate\\Database\\Connectors\\ConnectionFactory->Illuminate\\Database\\Connectors\\{closure}()
#5 C:\\Users\\CENGE\\Desktop\\thesis\\backend\\vendor\\laravel\\framework\\src\\Illuminate\\Database\\Connection.php(1339): call_user_func(Object(Closure))
#6 C:\\Users\\CENGE\\Desktop\\thesis\\backend\\vendor\\laravel\\framework\\src\\Illuminate\\Database\\Connection.php(1375): Illuminate\\Database\\Connection->getPdo()
#7 C:\\Users\\CENGE\\Desktop\\thesis\\backend\\vendor\\laravel\\framework\\src\\Illuminate\\Database\\Connection.php(528): Illuminate\\Database\\Connection->getReadPdo()
#8 C:\\Users\\CENGE\\Desktop\\thesis\\backend\\vendor\\laravel\\framework\\src\\Illuminate\\Database\\Connection.php(423): Illuminate\\Database\\Connection->getPdoForSelect(true)
#9 C:\\Users\\CENGE\\Desktop\\thesis\\backend\\vendor\\laravel\\framework\\src\\Illuminate\\Database\\Connection.php(816): Illuminate\\Database\\Connection->Illuminate\\Database\\{closure}('select * from `...', Array)
#10 C:\\Users\\CENGE\\Desktop\\thesis\\backend\\vendor\\laravel\\framework\\src\\Illuminate\\Database\\Connection.php(783): Illuminate\\Database\\Connection->runQueryCallback('select * from `...', Array, Object(Closure))
#11 C:\\Users\\CENGE\\Desktop\\thesis\\backend\\vendor\\laravel\\framework\\src\\Illuminate\\Database\\Connection.php(414): Illuminate\\Database\\Connection->run('select * from `...', Array, Object(Closure))
#12 C:\\Users\\CENGE\\Desktop\\thesis\\backend\\vendor\\laravel\\framework\\src\\Illuminate\\Database\\Query\\Builder.php(2913): Illuminate\\Database\\Connection->select('select * from `...', Array, true)
#13 C:\\Users\\CENGE\\Desktop\\thesis\\backend\\vendor\\laravel\\framework\\src\\Illuminate\\Database\\Query\\Builder.php(2902): Illuminate\\Database\\Query\\Builder->runSelect()
#14 C:\\Users\\CENGE\\Desktop\\thesis\\backend\\vendor\\laravel\\framework\\src\\Illuminate\\Database\\Query\\Builder.php(3456): Illuminate\\Database\\Query\\Builder->Illuminate\\Database\\Query\\{closure}()
#15 C:\\Users\\CENGE\\Desktop\\thesis\\backend\\vendor\\laravel\\framework\\src\\Illuminate\\Database\\Query\\Builder.php(2901): Illuminate\\Database\\Query\\Builder->onceWithColumns(Array, Object(Closure))
#16 C:\\Users\\CENGE\\Desktop\\thesis\\backend\\vendor\\laravel\\framework\\src\\Illuminate\\Database\\Eloquent\\Builder.php(739): Illuminate\\Database\\Query\\Builder->get(Array)
#17 C:\\Users\\CENGE\\Desktop\\thesis\\backend\\vendor\\laravel\\framework\\src\\Illuminate\\Database\\Eloquent\\Builder.php(723): Illuminate\\Database\\Eloquent\\Builder->getModels(Array)
#18 C:\\Users\\CENGE\\Desktop\\thesis\\backend\\vendor\\laravel\\framework\\src\\Illuminate\\Database\\Eloquent\\Model.php(675): Illuminate\\Database\\Eloquent\\Builder->get(Array)
#19 C:\\Users\\CENGE\\Desktop\\thesis\\backend\\app\\Http\\Controllers\\ProgramProspectusController.php(12): Illuminate\\Database\\Eloquent\\Model::all()
#20 C:\\Users\\CENGE\\Desktop\\thesis\\backend\\vendor\\laravel\\framework\\src\\Illuminate\\Routing\\Controller.php(54): App\\Http\\Controllers\\ProgramProspectusController->index()
#21 C:\\Users\\CENGE\\Desktop\\thesis\\backend\\vendor\\laravel\\framework\\src\\Illuminate\\Routing\\ControllerDispatcher.php(43): Illuminate\\Routing\\Controller->callAction('index', Array)
#22 C:\\Users\\CENGE\\Desktop\\thesis\\backend\\vendor\\laravel\\framework\\src\\Illuminate\\Routing\\Route.php(259): Illuminate\\Routing\\ControllerDispatcher->dispatch(Object(Illuminate\\Routing\\Route), Object(App\\Http\\Controllers\\ProgramProspectusController), 'index')
#23 C:\\Users\\CENGE\\Desktop\\thesis\\backend\\vendor\\laravel\\framework\\src\\Illuminate\\Routing\\Route.php(205): Illuminate\\Routing\\Route->runController()
#24 C:\\Users\\CENGE\\Desktop\\thesis\\backend\\vendor\\laravel\\framework\\src\\Illuminate\\Routing\\Router.php(806): Illuminate\\Routing\\Route->run()
#25 C:\\Users\\CENGE\\Desktop\\thesis\\backend\\vendor\\laravel\\framework\\src\\Illuminate\\Pipeline\\Pipeline.php(144): Illuminate\\Routing\\Router->Illuminate\\Routing\\{closure}(Object(Illuminate\\Http\\Request))
#26 C:\\Users\\CENGE\\Desktop\\thesis\\backend\\vendor\\laravel\\framework\\src\\Illuminate\\Routing\\Middleware\\SubstituteBindings.php(50): Illuminate\\Pipeline\\Pipeline->Illuminate\\Pipeline\\{closure}(Object(Illuminate\\Http\\Request))
#27 C:\\Users\\CENGE\\Desktop\\thesis\\backend\\vendor\\laravel\\framework\\src\\Illuminate\\Pipeline\\Pipeline.php(183): Illuminate\\Routing\\Middleware\\SubstituteBindings->handle(Object(Illuminate\\Http\\Request), Object(Closure))
#28 C:\\Users\\CENGE\\Desktop\\thesis\\backend\\vendor\\laravel\\framework\\src\\Illuminate\\Routing\\Middleware\\ThrottleRequests.php(159): Illuminate\\Pipeline\\Pipeline->Illuminate\\Pipeline\\{closure}(Object(Illuminate\\Http\\Request))
#29 C:\\Users\\CENGE\\Desktop\\thesis\\backend\\vendor\\laravel\\framework\\src\\Illuminate\\Routing\\Middleware\\ThrottleRequests.php(125): Illuminate\\Routing\\Middleware\\ThrottleRequests->handleRequest(Object(Illuminate\\Http\\Request), Object(Closure), Array)
#30 C:\\Users\\CENGE\\Desktop\\thesis\\backend\\vendor\\laravel\\framework\\src\\Illuminate\\Routing\\Middleware\\ThrottleRequests.php(87): Illuminate\\Routing\\Middleware\\ThrottleRequests->handleRequestUsingNamedLimiter(Object(Illuminate\\Http\\Request), Object(Closure), 'api', Object(Closure))
#31 C:\\Users\\CENGE\\Desktop\\thesis\\backend\\vendor\\laravel\\framework\\src\\Illuminate\\Pipeline\\Pipeline.php(183): Illuminate\\Routing\\Middleware\\ThrottleRequests->handle(Object(Illuminate\\Http\\Request), Object(Closure), 'api')
#32 C:\\Users\\CENGE\\Desktop\\thesis\\backend\\vendor\\laravel\\framework\\src\\Illuminate\\Pipeline\\Pipeline.php(119): Illuminate\\Pipeline\\Pipeline->Illuminate\\Pipeline\\{closure}(Object(Illuminate\\Http\\Request))
#33 C:\\Users\\CENGE\\Desktop\\thesis\\backend\\vendor\\laravel\\framework\\src\\Illuminate\\Routing\\Router.php(805): Illuminate\\Pipeline\\Pipeline->then(Object(Closure))
#34 C:\\Users\\CENGE\\Desktop\\thesis\\backend\\vendor\\laravel\\framework\\src\\Illuminate\\Routing\\Router.php(784): Illuminate\\Routing\\Router->runRouteWithinStack(Object(Illuminate\\Routing\\Route), Object(Illuminate\\Http\\Request))
#35 C:\\Users\\CENGE\\Desktop\\thesis\\backend\\vendor\\laravel\\framework\\src\\Illuminate\\Routing\\Router.php(748): Illuminate\\Routing\\Router->runRoute(Object(Illuminate\\Http\\Request), Object(Illuminate\\Routing\\Route))
#36 C:\\Users\\CENGE\\Desktop\\thesis\\backend\\vendor\\laravel\\framework\\src\\Illuminate\\Routing\\Router.php(737): Illuminate\\Routing\\Router->dispatchToRoute(Object(Illuminate\\Http\\Request))
#37 C:\\Users\\CENGE\\Desktop\\thesis\\backend\\vendor\\laravel\\framework\\src\\Illuminate\\Foundation\\Http\\Kernel.php(200): Illuminate\\Routing\\Router->dispatch(Object(Illuminate\\Http\\Request))
#38 C:\\Users\\CENGE\\Desktop\\thesis\\backend\\vendor\\laravel\\framework\\src\\Illuminate\\Pipeline\\Pipeline.php(144): Illuminate\\Foundation\\Http\\Kernel->Illuminate\\Foundation\\Http\\{closure}(Object(Illuminate\\Http\\Request))
#39 C:\\Users\\CENGE\\Desktop\\thesis\\backend\\vendor\\laravel\\framework\\src\\Illuminate\\Foundation\\Http\\Middleware\\TransformsRequest.php(21): Illuminate\\Pipeline\\Pipeline->Illuminate\\Pipeline\\{closure}(Object(Illuminate\\Http\\Request))
#40 C:\\Users\\CENGE\\Desktop\\thesis\\backend\\vendor\\laravel\\framework\\src\\Illuminate\\Foundation\\Http\\Middleware\\ConvertEmptyStringsToNull.php(31): Illuminate\\Foundation\\Http\\Middleware\\TransformsRequest->handle(Object(Illuminate\\Http\\Request), Object(Closure))
#41 C:\\Users\\CENGE\\Desktop\\thesis\\backend\\vendor\\laravel\\framework\\src\\Illuminate\\Pipeline\\Pipeline.php(183): Illuminate\\Foundation\\Http\\Middleware\\ConvertEmptyStringsToNull->handle(Object(Illuminate\\Http\\Request), Object(Closure))
#42 C:\\Users\\CENGE\\Desktop\\thesis\\backend\\vendor\\laravel\\framework\\src\\Illuminate\\Foundation\\Http\\Middleware\\TransformsRequest.php(21): Illuminate\\Pipeline\\Pipeline->Illuminate\\Pipeline\\{closure}(Object(Illuminate\\Http\\Request))
#43 C:\\Users\\CENGE\\Desktop\\thesis\\backend\\vendor\\laravel\\framework\\src\\Illuminate\\Foundation\\Http\\Middleware\\TrimStrings.php(40): Illuminate\\Foundation\\Http\\Middleware\\TransformsRequest->handle(Object(Illuminate\\Http\\Request), Object(Closure))
#44 C:\\Users\\CENGE\\Desktop\\thesis\\backend\\vendor\\laravel\\framework\\src\\Illuminate\\Pipeline\\Pipeline.php(183): Illuminate\\Foundation\\Http\\Middleware\\TrimStrings->handle(Object(Illuminate\\Http\\Request), Object(Closure))
#45 C:\\Users\\CENGE\\Desktop\\thesis\\backend\\vendor\\laravel\\framework\\src\\Illuminate\\Foundation\\Http\\Middleware\\ValidatePostSize.php(27): Illuminate\\Pipeline\\Pipeline->Illuminate\\Pipeline\\{closure}(Object(Illuminate\\Http\\Request))
#46 C:\\Users\\CENGE\\Desktop\\thesis\\backend\\vendor\\laravel\\framework\\src\\Illuminate\\Pipeline\\Pipeline.php(183): Illuminate\\Foundation\\Http\\Middleware\\ValidatePostSize->handle(Object(Illuminate\\Http\\Request), Object(Closure))
#47 C:\\Users\\CENGE\\Desktop\\thesis\\backend\\vendor\\laravel\\framework\\src\\Illuminate\\Foundation\\Http\\Middleware\\PreventRequestsDuringMaintenance.php(99): Illuminate\\Pipeline\\Pipeline->Illuminate\\Pipeline\\{closure}(Object(Illuminate\\Http\\Request))
#48 C:\\Users\\CENGE\\Desktop\\thesis\\backend\\vendor\\laravel\\framework\\src\\Illuminate\\Pipeline\\Pipeline.php(183): Illuminate\\Foundation\\Http\\Middleware\\PreventRequestsDuringMaintenance->handle(Object(Illuminate\\Http\\Request), Object(Closure))
#49 C:\\Users\\CENGE\\Desktop\\thesis\\backend\\vendor\\laravel\\framework\\src\\Illuminate\\Http\\Middleware\\HandleCors.php(62): Illuminate\\Pipeline\\Pipeline->Illuminate\\Pipeline\\{closure}(Object(Illuminate\\Http\\Request))
#50 C:\\Users\\CENGE\\Desktop\\thesis\\backend\\vendor\\laravel\\framework\\src\\Illuminate\\Pipeline\\Pipeline.php(183): Illuminate\\Http\\Middleware\\HandleCors->handle(Object(Illuminate\\Http\\Request), Object(Closure))
#51 C:\\Users\\CENGE\\Desktop\\thesis\\backend\\vendor\\laravel\\framework\\src\\Illuminate\\Http\\Middleware\\TrustProxies.php(39): Illuminate\\Pipeline\\Pipeline->Illuminate\\Pipeline\\{closure}(Object(Illuminate\\Http\\Request))
#52 C:\\Users\\CENGE\\Desktop\\thesis\\backend\\vendor\\laravel\\framework\\src\\Illuminate\\Pipeline\\Pipeline.php(183): Illuminate\\Http\\Middleware\\TrustProxies->handle(Object(Illuminate\\Http\\Request), Object(Closure))
#53 C:\\Users\\CENGE\\Desktop\\thesis\\backend\\vendor\\laravel\\framework\\src\\Illuminate\\Pipeline\\Pipeline.php(119): Illuminate\\Pipeline\\Pipeline->Illuminate\\Pipeline\\{closure}(Object(Illuminate\\Http\\Request))
#54 C:\\Users\\CENGE\\Desktop\\thesis\\backend\\vendor\\laravel\\framework\\src\\Illuminate\\Foundation\\Http\\Kernel.php(175): Illuminate\\Pipeline\\Pipeline->then(Object(Closure))
#55 C:\\Users\\CENGE\\Desktop\\thesis\\backend\\vendor\\laravel\\framework\\src\\Illuminate\\Foundation\\Http\\Kernel.php(144): Illuminate\\Foundation\\Http\\Kernel->sendRequestThroughRouter(Object(Illuminate\\Http\\Request))
#56 C:\\Users\\CENGE\\Desktop\\thesis\\backend\\public\\index.php(51): Illuminate\\Foundation\\Http\\Kernel->handle(Object(Illuminate\\Http\\Request))
#57 C:\\Users\\CENGE\\Desktop\\thesis\\backend\\vendor\\laravel\\framework\\src\\Illuminate\\Foundation\\resources\\server.php(16): require_once('C:\\\\Users\\\\CENGE\\\\...')
#58 {main}
"} 
[2025-02-04 16:22:37] local.ERROR: SQLSTATE[HY000] [1049] Unknown database 'student_evaluation' (Connection: mysql, SQL: select count(*) as aggregate from `students` where `student_id` like %% or `first_name` like %% or `last_name` like %%) {"exception":"[object] (Illuminate\\Database\\QueryException(code: 1049): SQLSTATE[HY000] [1049] Unknown database 'student_evaluation' (Connection: mysql, SQL: select count(*) as aggregate from `students` where `student_id` like %% or `first_name` like %% or `last_name` like %%) at C:\\Users\\CENGE\\Desktop\\thesis\\backend\\vendor\\laravel\\framework\\src\\Illuminate\\Database\\Connection.php:829)
[stacktrace]
#0 C:\\Users\\CENGE\\Desktop\\thesis\\backend\\vendor\\laravel\\framework\\src\\Illuminate\\Database\\Connection.php(783): Illuminate\\Database\\Connection->runQueryCallback('select count(*)...', Array, Object(Closure))
#1 C:\\Users\\CENGE\\Desktop\\thesis\\backend\\vendor\\laravel\\framework\\src\\Illuminate\\Database\\Connection.php(414): Illuminate\\Database\\Connection->run('select count(*)...', Array, Object(Closure))
#2 C:\\Users\\CENGE\\Desktop\\thesis\\backend\\vendor\\laravel\\framework\\src\\Illuminate\\Database\\Query\\Builder.php(2913): Illuminate\\Database\\Connection->select('select count(*)...', Array, true)
#3 C:\\Users\\CENGE\\Desktop\\thesis\\backend\\vendor\\laravel\\framework\\src\\Illuminate\\Database\\Query\\Builder.php(2902): Illuminate\\Database\\Query\\Builder->runSelect()
#4 C:\\Users\\CENGE\\Desktop\\thesis\\backend\\vendor\\laravel\\framework\\src\\Illuminate\\Database\\Query\\Builder.php(3456): Illuminate\\Database\\Query\\Builder->Illuminate\\Database\\Query\\{closure}()
#5 C:\\Users\\CENGE\\Desktop\\thesis\\backend\\vendor\\laravel\\framework\\src\\Illuminate\\Database\\Query\\Builder.php(2901): Illuminate\\Database\\Query\\Builder->onceWithColumns(Array, Object(Closure))
#6 C:\\Users\\CENGE\\Desktop\\thesis\\backend\\vendor\\laravel\\framework\\src\\Illuminate\\Database\\Query\\Builder.php(3066): Illuminate\\Database\\Query\\Builder->get()
#7 C:\\Users\\CENGE\\Desktop\\thesis\\backend\\vendor\\laravel\\framework\\src\\Illuminate\\Database\\Query\\Builder.php(3025): Illuminate\\Database\\Query\\Builder->runPaginationCountQuery(Array)
#8 C:\\Users\\CENGE\\Desktop\\thesis\\backend\\vendor\\laravel\\framework\\src\\Illuminate\\Database\\Eloquent\\Builder.php(923): Illuminate\\Database\\Query\\Builder->getCountForPagination()
#9 C:\\Users\\CENGE\\Desktop\\thesis\\backend\\app\\Http\\Controllers\\StudentController.php(22): Illuminate\\Database\\Eloquent\\Builder->paginate(10)
#10 C:\\Users\\CENGE\\Desktop\\thesis\\backend\\vendor\\laravel\\framework\\src\\Illuminate\\Routing\\Controller.php(54): App\\Http\\Controllers\\StudentController->index(Object(Illuminate\\Http\\Request))
#11 C:\\Users\\CENGE\\Desktop\\thesis\\backend\\vendor\\laravel\\framework\\src\\Illuminate\\Routing\\ControllerDispatcher.php(43): Illuminate\\Routing\\Controller->callAction('index', Array)
#12 C:\\Users\\CENGE\\Desktop\\thesis\\backend\\vendor\\laravel\\framework\\src\\Illuminate\\Routing\\Route.php(259): Illuminate\\Routing\\ControllerDispatcher->dispatch(Object(Illuminate\\Routing\\Route), Object(App\\Http\\Controllers\\StudentController), 'index')
#13 C:\\Users\\CENGE\\Desktop\\thesis\\backend\\vendor\\laravel\\framework\\src\\Illuminate\\Routing\\Route.php(205): Illuminate\\Routing\\Route->runController()
#14 C:\\Users\\CENGE\\Desktop\\thesis\\backend\\vendor\\laravel\\framework\\src\\Illuminate\\Routing\\Router.php(806): Illuminate\\Routing\\Route->run()
#15 C:\\Users\\CENGE\\Desktop\\thesis\\backend\\vendor\\laravel\\framework\\src\\Illuminate\\Pipeline\\Pipeline.php(144): Illuminate\\Routing\\Router->Illuminate\\Routing\\{closure}(Object(Illuminate\\Http\\Request))
#16 C:\\Users\\CENGE\\Desktop\\thesis\\backend\\vendor\\laravel\\framework\\src\\Illuminate\\Routing\\Middleware\\SubstituteBindings.php(50): Illuminate\\Pipeline\\Pipeline->Illuminate\\Pipeline\\{closure}(Object(Illuminate\\Http\\Request))
#17 C:\\Users\\CENGE\\Desktop\\thesis\\backend\\vendor\\laravel\\framework\\src\\Illuminate\\Pipeline\\Pipeline.php(183): Illuminate\\Routing\\Middleware\\SubstituteBindings->handle(Object(Illuminate\\Http\\Request), Object(Closure))
#18 C:\\Users\\CENGE\\Desktop\\thesis\\backend\\vendor\\laravel\\framework\\src\\Illuminate\\Routing\\Middleware\\ThrottleRequests.php(159): Illuminate\\Pipeline\\Pipeline->Illuminate\\Pipeline\\{closure}(Object(Illuminate\\Http\\Request))
#19 C:\\Users\\CENGE\\Desktop\\thesis\\backend\\vendor\\laravel\\framework\\src\\Illuminate\\Routing\\Middleware\\ThrottleRequests.php(125): Illuminate\\Routing\\Middleware\\ThrottleRequests->handleRequest(Object(Illuminate\\Http\\Request), Object(Closure), Array)
#20 C:\\Users\\CENGE\\Desktop\\thesis\\backend\\vendor\\laravel\\framework\\src\\Illuminate\\Routing\\Middleware\\ThrottleRequests.php(87): Illuminate\\Routing\\Middleware\\ThrottleRequests->handleRequestUsingNamedLimiter(Object(Illuminate\\Http\\Request), Object(Closure), 'api', Object(Closure))
#21 C:\\Users\\CENGE\\Desktop\\thesis\\backend\\vendor\\laravel\\framework\\src\\Illuminate\\Pipeline\\Pipeline.php(183): Illuminate\\Routing\\Middleware\\ThrottleRequests->handle(Object(Illuminate\\Http\\Request), Object(Closure), 'api')
#22 C:\\Users\\CENGE\\Desktop\\thesis\\backend\\vendor\\laravel\\framework\\src\\Illuminate\\Pipeline\\Pipeline.php(119): Illuminate\\Pipeline\\Pipeline->Illuminate\\Pipeline\\{closure}(Object(Illuminate\\Http\\Request))
#23 C:\\Users\\CENGE\\Desktop\\thesis\\backend\\vendor\\laravel\\framework\\src\\Illuminate\\Routing\\Router.php(805): Illuminate\\Pipeline\\Pipeline->then(Object(Closure))
#24 C:\\Users\\CENGE\\Desktop\\thesis\\backend\\vendor\\laravel\\framework\\src\\Illuminate\\Routing\\Router.php(784): Illuminate\\Routing\\Router->runRouteWithinStack(Object(Illuminate\\Routing\\Route), Object(Illuminate\\Http\\Request))
#25 C:\\Users\\CENGE\\Desktop\\thesis\\backend\\vendor\\laravel\\framework\\src\\Illuminate\\Routing\\Router.php(748): Illuminate\\Routing\\Router->runRoute(Object(Illuminate\\Http\\Request), Object(Illuminate\\Routing\\Route))
#26 C:\\Users\\CENGE\\Desktop\\thesis\\backend\\vendor\\laravel\\framework\\src\\Illuminate\\Routing\\Router.php(737): Illuminate\\Routing\\Router->dispatchToRoute(Object(Illuminate\\Http\\Request))
#27 C:\\Users\\CENGE\\Desktop\\thesis\\backend\\vendor\\laravel\\framework\\src\\Illuminate\\Foundation\\Http\\Kernel.php(200): Illuminate\\Routing\\Router->dispatch(Object(Illuminate\\Http\\Request))
#28 C:\\Users\\CENGE\\Desktop\\thesis\\backend\\vendor\\laravel\\framework\\src\\Illuminate\\Pipeline\\Pipeline.php(144): Illuminate\\Foundation\\Http\\Kernel->Illuminate\\Foundation\\Http\\{closure}(Object(Illuminate\\Http\\Request))
#29 C:\\Users\\CENGE\\Desktop\\thesis\\backend\\vendor\\laravel\\framework\\src\\Illuminate\\Foundation\\Http\\Middleware\\TransformsRequest.php(21): Illuminate\\Pipeline\\Pipeline->Illuminate\\Pipeline\\{closure}(Object(Illuminate\\Http\\Request))
#30 C:\\Users\\CENGE\\Desktop\\thesis\\backend\\vendor\\laravel\\framework\\src\\Illuminate\\Foundation\\Http\\Middleware\\ConvertEmptyStringsToNull.php(31): Illuminate\\Foundation\\Http\\Middleware\\TransformsRequest->handle(Object(Illuminate\\Http\\Request), Object(Closure))
#31 C:\\Users\\CENGE\\Desktop\\thesis\\backend\\vendor\\laravel\\framework\\src\\Illuminate\\Pipeline\\Pipeline.php(183): Illuminate\\Foundation\\Http\\Middleware\\ConvertEmptyStringsToNull->handle(Object(Illuminate\\Http\\Request), Object(Closure))
#32 C:\\Users\\CENGE\\Desktop\\thesis\\backend\\vendor\\laravel\\framework\\src\\Illuminate\\Foundation\\Http\\Middleware\\TransformsRequest.php(21): Illuminate\\Pipeline\\Pipeline->Illuminate\\Pipeline\\{closure}(Object(Illuminate\\Http\\Request))
#33 C:\\Users\\CENGE\\Desktop\\thesis\\backend\\vendor\\laravel\\framework\\src\\Illuminate\\Foundation\\Http\\Middleware\\TrimStrings.php(40): Illuminate\\Foundation\\Http\\Middleware\\TransformsRequest->handle(Object(Illuminate\\Http\\Request), Object(Closure))
#34 C:\\Users\\CENGE\\Desktop\\thesis\\backend\\vendor\\laravel\\framework\\src\\Illuminate\\Pipeline\\Pipeline.php(183): Illuminate\\Foundation\\Http\\Middleware\\TrimStrings->handle(Object(Illuminate\\Http\\Request), Object(Closure))
#35 C:\\Users\\CENGE\\Desktop\\thesis\\backend\\vendor\\laravel\\framework\\src\\Illuminate\\Foundation\\Http\\Middleware\\ValidatePostSize.php(27): Illuminate\\Pipeline\\Pipeline->Illuminate\\Pipeline\\{closure}(Object(Illuminate\\Http\\Request))
#36 C:\\Users\\CENGE\\Desktop\\thesis\\backend\\vendor\\laravel\\framework\\src\\Illuminate\\Pipeline\\Pipeline.php(183): Illuminate\\Foundation\\Http\\Middleware\\ValidatePostSize->handle(Object(Illuminate\\Http\\Request), Object(Closure))
#37 C:\\Users\\CENGE\\Desktop\\thesis\\backend\\vendor\\laravel\\framework\\src\\Illuminate\\Foundation\\Http\\Middleware\\PreventRequestsDuringMaintenance.php(99): Illuminate\\Pipeline\\Pipeline->Illuminate\\Pipeline\\{closure}(Object(Illuminate\\Http\\Request))
#38 C:\\Users\\CENGE\\Desktop\\thesis\\backend\\vendor\\laravel\\framework\\src\\Illuminate\\Pipeline\\Pipeline.php(183): Illuminate\\Foundation\\Http\\Middleware\\PreventRequestsDuringMaintenance->handle(Object(Illuminate\\Http\\Request), Object(Closure))
#39 C:\\Users\\CENGE\\Desktop\\thesis\\backend\\vendor\\laravel\\framework\\src\\Illuminate\\Http\\Middleware\\HandleCors.php(62): Illuminate\\Pipeline\\Pipeline->Illuminate\\Pipeline\\{closure}(Object(Illuminate\\Http\\Request))
#40 C:\\Users\\CENGE\\Desktop\\thesis\\backend\\vendor\\laravel\\framework\\src\\Illuminate\\Pipeline\\Pipeline.php(183): Illuminate\\Http\\Middleware\\HandleCors->handle(Object(Illuminate\\Http\\Request), Object(Closure))
#41 C:\\Users\\CENGE\\Desktop\\thesis\\backend\\vendor\\laravel\\framework\\src\\Illuminate\\Http\\Middleware\\TrustProxies.php(39): Illuminate\\Pipeline\\Pipeline->Illuminate\\Pipeline\\{closure}(Object(Illuminate\\Http\\Request))
#42 C:\\Users\\CENGE\\Desktop\\thesis\\backend\\vendor\\laravel\\framework\\src\\Illuminate\\Pipeline\\Pipeline.php(183): Illuminate\\Http\\Middleware\\TrustProxies->handle(Object(Illuminate\\Http\\Request), Object(Closure))
#43 C:\\Users\\CENGE\\Desktop\\thesis\\backend\\vendor\\laravel\\framework\\src\\Illuminate\\Pipeline\\Pipeline.php(119): Illuminate\\Pipeline\\Pipeline->Illuminate\\Pipeline\\{closure}(Object(Illuminate\\Http\\Request))
#44 C:\\Users\\CENGE\\Desktop\\thesis\\backend\\vendor\\laravel\\framework\\src\\Illuminate\\Foundation\\Http\\Kernel.php(175): Illuminate\\Pipeline\\Pipeline->then(Object(Closure))
#45 C:\\Users\\CENGE\\Desktop\\thesis\\backend\\vendor\\laravel\\framework\\src\\Illuminate\\Foundation\\Http\\Kernel.php(144): Illuminate\\Foundation\\Http\\Kernel->sendRequestThroughRouter(Object(Illuminate\\Http\\Request))
#46 C:\\Users\\CENGE\\Desktop\\thesis\\backend\\public\\index.php(51): Illuminate\\Foundation\\Http\\Kernel->handle(Object(Illuminate\\Http\\Request))
#47 C:\\Users\\CENGE\\Desktop\\thesis\\backend\\vendor\\laravel\\framework\\src\\Illuminate\\Foundation\\resources\\server.php(16): require_once('C:\\\\Users\\\\CENGE\\\\...')
#48 {main}

[previous exception] [object] (PDOException(code: 1049): SQLSTATE[HY000] [1049] Unknown database 'student_evaluation' at C:\\Users\\CENGE\\Desktop\\thesis\\backend\\vendor\\laravel\\framework\\src\\Illuminate\\Database\\Connectors\\Connector.php:65)
[stacktrace]
#0 C:\\Users\\CENGE\\Desktop\\thesis\\backend\\vendor\\laravel\\framework\\src\\Illuminate\\Database\\Connectors\\Connector.php(65): PDO->__construct('mysql:host=127....', 'root', Object(SensitiveParameterValue), Array)
#1 C:\\Users\\CENGE\\Desktop\\thesis\\backend\\vendor\\laravel\\framework\\src\\Illuminate\\Database\\Connectors\\Connector.php(44): Illuminate\\Database\\Connectors\\Connector->createPdoConnection('mysql:host=127....', 'root', '', Array)
#2 C:\\Users\\CENGE\\Desktop\\thesis\\backend\\vendor\\laravel\\framework\\src\\Illuminate\\Database\\Connectors\\MySqlConnector.php(24): Illuminate\\Database\\Connectors\\Connector->createConnection('mysql:host=127....', Array, Array)
#3 C:\\Users\\CENGE\\Desktop\\thesis\\backend\\vendor\\laravel\\framework\\src\\Illuminate\\Database\\Connectors\\ConnectionFactory.php(184): Illuminate\\Database\\Connectors\\MySqlConnector->connect(Array)
#4 [internal function]: Illuminate\\Database\\Connectors\\ConnectionFactory->Illuminate\\Database\\Connectors\\{closure}()
#5 C:\\Users\\CENGE\\Desktop\\thesis\\backend\\vendor\\laravel\\framework\\src\\Illuminate\\Database\\Connection.php(1339): call_user_func(Object(Closure))
#6 C:\\Users\\CENGE\\Desktop\\thesis\\backend\\vendor\\laravel\\framework\\src\\Illuminate\\Database\\Connection.php(1375): Illuminate\\Database\\Connection->getPdo()
#7 C:\\Users\\CENGE\\Desktop\\thesis\\backend\\vendor\\laravel\\framework\\src\\Illuminate\\Database\\Connection.php(528): Illuminate\\Database\\Connection->getReadPdo()
#8 C:\\Users\\CENGE\\Desktop\\thesis\\backend\\vendor\\laravel\\framework\\src\\Illuminate\\Database\\Connection.php(423): Illuminate\\Database\\Connection->getPdoForSelect(true)
#9 C:\\Users\\CENGE\\Desktop\\thesis\\backend\\vendor\\laravel\\framework\\src\\Illuminate\\Database\\Connection.php(816): Illuminate\\Database\\Connection->Illuminate\\Database\\{closure}('select count(*)...', Array)
#10 C:\\Users\\CENGE\\Desktop\\thesis\\backend\\vendor\\laravel\\framework\\src\\Illuminate\\Database\\Connection.php(783): Illuminate\\Database\\Connection->runQueryCallback('select count(*)...', Array, Object(Closure))
#11 C:\\Users\\CENGE\\Desktop\\thesis\\backend\\vendor\\laravel\\framework\\src\\Illuminate\\Database\\Connection.php(414): Illuminate\\Database\\Connection->run('select count(*)...', Array, Object(Closure))
#12 C:\\Users\\CENGE\\Desktop\\thesis\\backend\\vendor\\laravel\\framework\\src\\Illuminate\\Database\\Query\\Builder.php(2913): Illuminate\\Database\\Connection->select('select count(*)...', Array, true)
#13 C:\\Users\\CENGE\\Desktop\\thesis\\backend\\vendor\\laravel\\framework\\src\\Illuminate\\Database\\Query\\Builder.php(2902): Illuminate\\Database\\Query\\Builder->runSelect()
#14 C:\\Users\\CENGE\\Desktop\\thesis\\backend\\vendor\\laravel\\framework\\src\\Illuminate\\Database\\Query\\Builder.php(3456): Illuminate\\Database\\Query\\Builder->Illuminate\\Database\\Query\\{closure}()
#15 C:\\Users\\CENGE\\Desktop\\thesis\\backend\\vendor\\laravel\\framework\\src\\Illuminate\\Database\\Query\\Builder.php(2901): Illuminate\\Database\\Query\\Builder->onceWithColumns(Array, Object(Closure))
#16 C:\\Users\\CENGE\\Desktop\\thesis\\backend\\vendor\\laravel\\framework\\src\\Illuminate\\Database\\Query\\Builder.php(3066): Illuminate\\Database\\Query\\Builder->get()
#17 C:\\Users\\CENGE\\Desktop\\thesis\\backend\\vendor\\laravel\\framework\\src\\Illuminate\\Database\\Query\\Builder.php(3025): Illuminate\\Database\\Query\\Builder->runPaginationCountQuery(Array)
#18 C:\\Users\\CENGE\\Desktop\\thesis\\backend\\vendor\\laravel\\framework\\src\\Illuminate\\Database\\Eloquent\\Builder.php(923): Illuminate\\Database\\Query\\Builder->getCountForPagination()
#19 C:\\Users\\CENGE\\Desktop\\thesis\\backend\\app\\Http\\Controllers\\StudentController.php(22): Illuminate\\Database\\Eloquent\\Builder->paginate(10)
#20 C:\\Users\\CENGE\\Desktop\\thesis\\backend\\vendor\\laravel\\framework\\src\\Illuminate\\Routing\\Controller.php(54): App\\Http\\Controllers\\StudentController->index(Object(Illuminate\\Http\\Request))
#21 C:\\Users\\CENGE\\Desktop\\thesis\\backend\\vendor\\laravel\\framework\\src\\Illuminate\\Routing\\ControllerDispatcher.php(43): Illuminate\\Routing\\Controller->callAction('index', Array)
#22 C:\\Users\\CENGE\\Desktop\\thesis\\backend\\vendor\\laravel\\framework\\src\\Illuminate\\Routing\\Route.php(259): Illuminate\\Routing\\ControllerDispatcher->dispatch(Object(Illuminate\\Routing\\Route), Object(App\\Http\\Controllers\\StudentController), 'index')
#23 C:\\Users\\CENGE\\Desktop\\thesis\\backend\\vendor\\laravel\\framework\\src\\Illuminate\\Routing\\Route.php(205): Illuminate\\Routing\\Route->runController()
#24 C:\\Users\\CENGE\\Desktop\\thesis\\backend\\vendor\\laravel\\framework\\src\\Illuminate\\Routing\\Router.php(806): Illuminate\\Routing\\Route->run()
#25 C:\\Users\\CENGE\\Desktop\\thesis\\backend\\vendor\\laravel\\framework\\src\\Illuminate\\Pipeline\\Pipeline.php(144): Illuminate\\Routing\\Router->Illuminate\\Routing\\{closure}(Object(Illuminate\\Http\\Request))
#26 C:\\Users\\CENGE\\Desktop\\thesis\\backend\\vendor\\laravel\\framework\\src\\Illuminate\\Routing\\Middleware\\SubstituteBindings.php(50): Illuminate\\Pipeline\\Pipeline->Illuminate\\Pipeline\\{closure}(Object(Illuminate\\Http\\Request))
#27 C:\\Users\\CENGE\\Desktop\\thesis\\backend\\vendor\\laravel\\framework\\src\\Illuminate\\Pipeline\\Pipeline.php(183): Illuminate\\Routing\\Middleware\\SubstituteBindings->handle(Object(Illuminate\\Http\\Request), Object(Closure))
#28 C:\\Users\\CENGE\\Desktop\\thesis\\backend\\vendor\\laravel\\framework\\src\\Illuminate\\Routing\\Middleware\\ThrottleRequests.php(159): Illuminate\\Pipeline\\Pipeline->Illuminate\\Pipeline\\{closure}(Object(Illuminate\\Http\\Request))
#29 C:\\Users\\CENGE\\Desktop\\thesis\\backend\\vendor\\laravel\\framework\\src\\Illuminate\\Routing\\Middleware\\ThrottleRequests.php(125): Illuminate\\Routing\\Middleware\\ThrottleRequests->handleRequest(Object(Illuminate\\Http\\Request), Object(Closure), Array)
#30 C:\\Users\\CENGE\\Desktop\\thesis\\backend\\vendor\\laravel\\framework\\src\\Illuminate\\Routing\\Middleware\\ThrottleRequests.php(87): Illuminate\\Routing\\Middleware\\ThrottleRequests->handleRequestUsingNamedLimiter(Object(Illuminate\\Http\\Request), Object(Closure), 'api', Object(Closure))
#31 C:\\Users\\CENGE\\Desktop\\thesis\\backend\\vendor\\laravel\\framework\\src\\Illuminate\\Pipeline\\Pipeline.php(183): Illuminate\\Routing\\Middleware\\ThrottleRequests->handle(Object(Illuminate\\Http\\Request), Object(Closure), 'api')
#32 C:\\Users\\CENGE\\Desktop\\thesis\\backend\\vendor\\laravel\\framework\\src\\Illuminate\\Pipeline\\Pipeline.php(119): Illuminate\\Pipeline\\Pipeline->Illuminate\\Pipeline\\{closure}(Object(Illuminate\\Http\\Request))
#33 C:\\Users\\CENGE\\Desktop\\thesis\\backend\\vendor\\laravel\\framework\\src\\Illuminate\\Routing\\Router.php(805): Illuminate\\Pipeline\\Pipeline->then(Object(Closure))
#34 C:\\Users\\CENGE\\Desktop\\thesis\\backend\\vendor\\laravel\\framework\\src\\Illuminate\\Routing\\Router.php(784): Illuminate\\Routing\\Router->runRouteWithinStack(Object(Illuminate\\Routing\\Route), Object(Illuminate\\Http\\Request))
#35 C:\\Users\\CENGE\\Desktop\\thesis\\backend\\vendor\\laravel\\framework\\src\\Illuminate\\Routing\\Router.php(748): Illuminate\\Routing\\Router->runRoute(Object(Illuminate\\Http\\Request), Object(Illuminate\\Routing\\Route))
#36 C:\\Users\\CENGE\\Desktop\\thesis\\backend\\vendor\\laravel\\framework\\src\\Illuminate\\Routing\\Router.php(737): Illuminate\\Routing\\Router->dispatchToRoute(Object(Illuminate\\Http\\Request))
#37 C:\\Users\\CENGE\\Desktop\\thesis\\backend\\vendor\\laravel\\framework\\src\\Illuminate\\Foundation\\Http\\Kernel.php(200): Illuminate\\Routing\\Router->dispatch(Object(Illuminate\\Http\\Request))
#38 C:\\Users\\CENGE\\Desktop\\thesis\\backend\\vendor\\laravel\\framework\\src\\Illuminate\\Pipeline\\Pipeline.php(144): Illuminate\\Foundation\\Http\\Kernel->Illuminate\\Foundation\\Http\\{closure}(Object(Illuminate\\Http\\Request))
#39 C:\\Users\\CENGE\\Desktop\\thesis\\backend\\vendor\\laravel\\framework\\src\\Illuminate\\Foundation\\Http\\Middleware\\TransformsRequest.php(21): Illuminate\\Pipeline\\Pipeline->Illuminate\\Pipeline\\{closure}(Object(Illuminate\\Http\\Request))
#40 C:\\Users\\CENGE\\Desktop\\thesis\\backend\\vendor\\laravel\\framework\\src\\Illuminate\\Foundation\\Http\\Middleware\\ConvertEmptyStringsToNull.php(31): Illuminate\\Foundation\\Http\\Middleware\\TransformsRequest->handle(Object(Illuminate\\Http\\Request), Object(Closure))
#41 C:\\Users\\CENGE\\Desktop\\thesis\\backend\\vendor\\laravel\\framework\\src\\Illuminate\\Pipeline\\Pipeline.php(183): Illuminate\\Foundation\\Http\\Middleware\\ConvertEmptyStringsToNull->handle(Object(Illuminate\\Http\\Request), Object(Closure))
#42 C:\\Users\\CENGE\\Desktop\\thesis\\backend\\vendor\\laravel\\framework\\src\\Illuminate\\Foundation\\Http\\Middleware\\TransformsRequest.php(21): Illuminate\\Pipeline\\Pipeline->Illuminate\\Pipeline\\{closure}(Object(Illuminate\\Http\\Request))
#43 C:\\Users\\CENGE\\Desktop\\thesis\\backend\\vendor\\laravel\\framework\\src\\Illuminate\\Foundation\\Http\\Middleware\\TrimStrings.php(40): Illuminate\\Foundation\\Http\\Middleware\\TransformsRequest->handle(Object(Illuminate\\Http\\Request), Object(Closure))
#44 C:\\Users\\CENGE\\Desktop\\thesis\\backend\\vendor\\laravel\\framework\\src\\Illuminate\\Pipeline\\Pipeline.php(183): Illuminate\\Foundation\\Http\\Middleware\\TrimStrings->handle(Object(Illuminate\\Http\\Request), Object(Closure))
#45 C:\\Users\\CENGE\\Desktop\\thesis\\backend\\vendor\\laravel\\framework\\src\\Illuminate\\Foundation\\Http\\Middleware\\ValidatePostSize.php(27): Illuminate\\Pipeline\\Pipeline->Illuminate\\Pipeline\\{closure}(Object(Illuminate\\Http\\Request))
#46 C:\\Users\\CENGE\\Desktop\\thesis\\backend\\vendor\\laravel\\framework\\src\\Illuminate\\Pipeline\\Pipeline.php(183): Illuminate\\Foundation\\Http\\Middleware\\ValidatePostSize->handle(Object(Illuminate\\Http\\Request), Object(Closure))
#47 C:\\Users\\CENGE\\Desktop\\thesis\\backend\\vendor\\laravel\\framework\\src\\Illuminate\\Foundation\\Http\\Middleware\\PreventRequestsDuringMaintenance.php(99): Illuminate\\Pipeline\\Pipeline->Illuminate\\Pipeline\\{closure}(Object(Illuminate\\Http\\Request))
#48 C:\\Users\\CENGE\\Desktop\\thesis\\backend\\vendor\\laravel\\framework\\src\\Illuminate\\Pipeline\\Pipeline.php(183): Illuminate\\Foundation\\Http\\Middleware\\PreventRequestsDuringMaintenance->handle(Object(Illuminate\\Http\\Request), Object(Closure))
#49 C:\\Users\\CENGE\\Desktop\\thesis\\backend\\vendor\\laravel\\framework\\src\\Illuminate\\Http\\Middleware\\HandleCors.php(62): Illuminate\\Pipeline\\Pipeline->Illuminate\\Pipeline\\{closure}(Object(Illuminate\\Http\\Request))
#50 C:\\Users\\CENGE\\Desktop\\thesis\\backend\\vendor\\laravel\\framework\\src\\Illuminate\\Pipeline\\Pipeline.php(183): Illuminate\\Http\\Middleware\\HandleCors->handle(Object(Illuminate\\Http\\Request), Object(Closure))
#51 C:\\Users\\CENGE\\Desktop\\thesis\\backend\\vendor\\laravel\\framework\\src\\Illuminate\\Http\\Middleware\\TrustProxies.php(39): Illuminate\\Pipeline\\Pipeline->Illuminate\\Pipeline\\{closure}(Object(Illuminate\\Http\\Request))
#52 C:\\Users\\CENGE\\Desktop\\thesis\\backend\\vendor\\laravel\\framework\\src\\Illuminate\\Pipeline\\Pipeline.php(183): Illuminate\\Http\\Middleware\\TrustProxies->handle(Object(Illuminate\\Http\\Request), Object(Closure))
#53 C:\\Users\\CENGE\\Desktop\\thesis\\backend\\vendor\\laravel\\framework\\src\\Illuminate\\Pipeline\\Pipeline.php(119): Illuminate\\Pipeline\\Pipeline->Illuminate\\Pipeline\\{closure}(Object(Illuminate\\Http\\Request))
#54 C:\\Users\\CENGE\\Desktop\\thesis\\backend\\vendor\\laravel\\framework\\src\\Illuminate\\Foundation\\Http\\Kernel.php(175): Illuminate\\Pipeline\\Pipeline->then(Object(Closure))
#55 C:\\Users\\CENGE\\Desktop\\thesis\\backend\\vendor\\laravel\\framework\\src\\Illuminate\\Foundation\\Http\\Kernel.php(144): Illuminate\\Foundation\\Http\\Kernel->sendRequestThroughRouter(Object(Illuminate\\Http\\Request))
#56 C:\\Users\\CENGE\\Desktop\\thesis\\backend\\public\\index.php(51): Illuminate\\Foundation\\Http\\Kernel->handle(Object(Illuminate\\Http\\Request))
#57 C:\\Users\\CENGE\\Desktop\\thesis\\backend\\vendor\\laravel\\framework\\src\\Illuminate\\Foundation\\resources\\server.php(16): require_once('C:\\\\Users\\\\CENGE\\\\...')
#58 {main}
"} 
[2025-02-04 16:22:37] local.ERROR: SQLSTATE[HY000] [1049] Unknown database 'student_evaluation' (Connection: mysql, SQL: select count(*) as aggregate from `students` where `student_id` like %% or `first_name` like %% or `last_name` like %%) {"exception":"[object] (Illuminate\\Database\\QueryException(code: 1049): SQLSTATE[HY000] [1049] Unknown database 'student_evaluation' (Connection: mysql, SQL: select count(*) as aggregate from `students` where `student_id` like %% or `first_name` like %% or `last_name` like %%) at C:\\Users\\CENGE\\Desktop\\thesis\\backend\\vendor\\laravel\\framework\\src\\Illuminate\\Database\\Connection.php:829)
[stacktrace]
#0 C:\\Users\\CENGE\\Desktop\\thesis\\backend\\vendor\\laravel\\framework\\src\\Illuminate\\Database\\Connection.php(783): Illuminate\\Database\\Connection->runQueryCallback('select count(*)...', Array, Object(Closure))
#1 C:\\Users\\CENGE\\Desktop\\thesis\\backend\\vendor\\laravel\\framework\\src\\Illuminate\\Database\\Connection.php(414): Illuminate\\Database\\Connection->run('select count(*)...', Array, Object(Closure))
#2 C:\\Users\\CENGE\\Desktop\\thesis\\backend\\vendor\\laravel\\framework\\src\\Illuminate\\Database\\Query\\Builder.php(2913): Illuminate\\Database\\Connection->select('select count(*)...', Array, true)
#3 C:\\Users\\CENGE\\Desktop\\thesis\\backend\\vendor\\laravel\\framework\\src\\Illuminate\\Database\\Query\\Builder.php(2902): Illuminate\\Database\\Query\\Builder->runSelect()
#4 C:\\Users\\CENGE\\Desktop\\thesis\\backend\\vendor\\laravel\\framework\\src\\Illuminate\\Database\\Query\\Builder.php(3456): Illuminate\\Database\\Query\\Builder->Illuminate\\Database\\Query\\{closure}()
#5 C:\\Users\\CENGE\\Desktop\\thesis\\backend\\vendor\\laravel\\framework\\src\\Illuminate\\Database\\Query\\Builder.php(2901): Illuminate\\Database\\Query\\Builder->onceWithColumns(Array, Object(Closure))
#6 C:\\Users\\CENGE\\Desktop\\thesis\\backend\\vendor\\laravel\\framework\\src\\Illuminate\\Database\\Query\\Builder.php(3066): Illuminate\\Database\\Query\\Builder->get()
#7 C:\\Users\\CENGE\\Desktop\\thesis\\backend\\vendor\\laravel\\framework\\src\\Illuminate\\Database\\Query\\Builder.php(3025): Illuminate\\Database\\Query\\Builder->runPaginationCountQuery(Array)
#8 C:\\Users\\CENGE\\Desktop\\thesis\\backend\\vendor\\laravel\\framework\\src\\Illuminate\\Database\\Eloquent\\Builder.php(923): Illuminate\\Database\\Query\\Builder->getCountForPagination()
#9 C:\\Users\\CENGE\\Desktop\\thesis\\backend\\app\\Http\\Controllers\\StudentController.php(22): Illuminate\\Database\\Eloquent\\Builder->paginate(10)
#10 C:\\Users\\CENGE\\Desktop\\thesis\\backend\\vendor\\laravel\\framework\\src\\Illuminate\\Routing\\Controller.php(54): App\\Http\\Controllers\\StudentController->index(Object(Illuminate\\Http\\Request))
#11 C:\\Users\\CENGE\\Desktop\\thesis\\backend\\vendor\\laravel\\framework\\src\\Illuminate\\Routing\\ControllerDispatcher.php(43): Illuminate\\Routing\\Controller->callAction('index', Array)
#12 C:\\Users\\CENGE\\Desktop\\thesis\\backend\\vendor\\laravel\\framework\\src\\Illuminate\\Routing\\Route.php(259): Illuminate\\Routing\\ControllerDispatcher->dispatch(Object(Illuminate\\Routing\\Route), Object(App\\Http\\Controllers\\StudentController), 'index')
#13 C:\\Users\\CENGE\\Desktop\\thesis\\backend\\vendor\\laravel\\framework\\src\\Illuminate\\Routing\\Route.php(205): Illuminate\\Routing\\Route->runController()
#14 C:\\Users\\CENGE\\Desktop\\thesis\\backend\\vendor\\laravel\\framework\\src\\Illuminate\\Routing\\Router.php(806): Illuminate\\Routing\\Route->run()
#15 C:\\Users\\CENGE\\Desktop\\thesis\\backend\\vendor\\laravel\\framework\\src\\Illuminate\\Pipeline\\Pipeline.php(144): Illuminate\\Routing\\Router->Illuminate\\Routing\\{closure}(Object(Illuminate\\Http\\Request))
#16 C:\\Users\\CENGE\\Desktop\\thesis\\backend\\vendor\\laravel\\framework\\src\\Illuminate\\Routing\\Middleware\\SubstituteBindings.php(50): Illuminate\\Pipeline\\Pipeline->Illuminate\\Pipeline\\{closure}(Object(Illuminate\\Http\\Request))
#17 C:\\Users\\CENGE\\Desktop\\thesis\\backend\\vendor\\laravel\\framework\\src\\Illuminate\\Pipeline\\Pipeline.php(183): Illuminate\\Routing\\Middleware\\SubstituteBindings->handle(Object(Illuminate\\Http\\Request), Object(Closure))
#18 C:\\Users\\CENGE\\Desktop\\thesis\\backend\\vendor\\laravel\\framework\\src\\Illuminate\\Routing\\Middleware\\ThrottleRequests.php(159): Illuminate\\Pipeline\\Pipeline->Illuminate\\Pipeline\\{closure}(Object(Illuminate\\Http\\Request))
#19 C:\\Users\\CENGE\\Desktop\\thesis\\backend\\vendor\\laravel\\framework\\src\\Illuminate\\Routing\\Middleware\\ThrottleRequests.php(125): Illuminate\\Routing\\Middleware\\ThrottleRequests->handleRequest(Object(Illuminate\\Http\\Request), Object(Closure), Array)
#20 C:\\Users\\CENGE\\Desktop\\thesis\\backend\\vendor\\laravel\\framework\\src\\Illuminate\\Routing\\Middleware\\ThrottleRequests.php(87): Illuminate\\Routing\\Middleware\\ThrottleRequests->handleRequestUsingNamedLimiter(Object(Illuminate\\Http\\Request), Object(Closure), 'api', Object(Closure))
#21 C:\\Users\\CENGE\\Desktop\\thesis\\backend\\vendor\\laravel\\framework\\src\\Illuminate\\Pipeline\\Pipeline.php(183): Illuminate\\Routing\\Middleware\\ThrottleRequests->handle(Object(Illuminate\\Http\\Request), Object(Closure), 'api')
#22 C:\\Users\\CENGE\\Desktop\\thesis\\backend\\vendor\\laravel\\framework\\src\\Illuminate\\Pipeline\\Pipeline.php(119): Illuminate\\Pipeline\\Pipeline->Illuminate\\Pipeline\\{closure}(Object(Illuminate\\Http\\Request))
#23 C:\\Users\\CENGE\\Desktop\\thesis\\backend\\vendor\\laravel\\framework\\src\\Illuminate\\Routing\\Router.php(805): Illuminate\\Pipeline\\Pipeline->then(Object(Closure))
#24 C:\\Users\\CENGE\\Desktop\\thesis\\backend\\vendor\\laravel\\framework\\src\\Illuminate\\Routing\\Router.php(784): Illuminate\\Routing\\Router->runRouteWithinStack(Object(Illuminate\\Routing\\Route), Object(Illuminate\\Http\\Request))
#25 C:\\Users\\CENGE\\Desktop\\thesis\\backend\\vendor\\laravel\\framework\\src\\Illuminate\\Routing\\Router.php(748): Illuminate\\Routing\\Router->runRoute(Object(Illuminate\\Http\\Request), Object(Illuminate\\Routing\\Route))
#26 C:\\Users\\CENGE\\Desktop\\thesis\\backend\\vendor\\laravel\\framework\\src\\Illuminate\\Routing\\Router.php(737): Illuminate\\Routing\\Router->dispatchToRoute(Object(Illuminate\\Http\\Request))
#27 C:\\Users\\CENGE\\Desktop\\thesis\\backend\\vendor\\laravel\\framework\\src\\Illuminate\\Foundation\\Http\\Kernel.php(200): Illuminate\\Routing\\Router->dispatch(Object(Illuminate\\Http\\Request))
#28 C:\\Users\\CENGE\\Desktop\\thesis\\backend\\vendor\\laravel\\framework\\src\\Illuminate\\Pipeline\\Pipeline.php(144): Illuminate\\Foundation\\Http\\Kernel->Illuminate\\Foundation\\Http\\{closure}(Object(Illuminate\\Http\\Request))
#29 C:\\Users\\CENGE\\Desktop\\thesis\\backend\\vendor\\laravel\\framework\\src\\Illuminate\\Foundation\\Http\\Middleware\\TransformsRequest.php(21): Illuminate\\Pipeline\\Pipeline->Illuminate\\Pipeline\\{closure}(Object(Illuminate\\Http\\Request))
#30 C:\\Users\\CENGE\\Desktop\\thesis\\backend\\vendor\\laravel\\framework\\src\\Illuminate\\Foundation\\Http\\Middleware\\ConvertEmptyStringsToNull.php(31): Illuminate\\Foundation\\Http\\Middleware\\TransformsRequest->handle(Object(Illuminate\\Http\\Request), Object(Closure))
#31 C:\\Users\\CENGE\\Desktop\\thesis\\backend\\vendor\\laravel\\framework\\src\\Illuminate\\Pipeline\\Pipeline.php(183): Illuminate\\Foundation\\Http\\Middleware\\ConvertEmptyStringsToNull->handle(Object(Illuminate\\Http\\Request), Object(Closure))
#32 C:\\Users\\CENGE\\Desktop\\thesis\\backend\\vendor\\laravel\\framework\\src\\Illuminate\\Foundation\\Http\\Middleware\\TransformsRequest.php(21): Illuminate\\Pipeline\\Pipeline->Illuminate\\Pipeline\\{closure}(Object(Illuminate\\Http\\Request))
#33 C:\\Users\\CENGE\\Desktop\\thesis\\backend\\vendor\\laravel\\framework\\src\\Illuminate\\Foundation\\Http\\Middleware\\TrimStrings.php(40): Illuminate\\Foundation\\Http\\Middleware\\TransformsRequest->handle(Object(Illuminate\\Http\\Request), Object(Closure))
#34 C:\\Users\\CENGE\\Desktop\\thesis\\backend\\vendor\\laravel\\framework\\src\\Illuminate\\Pipeline\\Pipeline.php(183): Illuminate\\Foundation\\Http\\Middleware\\TrimStrings->handle(Object(Illuminate\\Http\\Request), Object(Closure))
#35 C:\\Users\\CENGE\\Desktop\\thesis\\backend\\vendor\\laravel\\framework\\src\\Illuminate\\Foundation\\Http\\Middleware\\ValidatePostSize.php(27): Illuminate\\Pipeline\\Pipeline->Illuminate\\Pipeline\\{closure}(Object(Illuminate\\Http\\Request))
#36 C:\\Users\\CENGE\\Desktop\\thesis\\backend\\vendor\\laravel\\framework\\src\\Illuminate\\Pipeline\\Pipeline.php(183): Illuminate\\Foundation\\Http\\Middleware\\ValidatePostSize->handle(Object(Illuminate\\Http\\Request), Object(Closure))
#37 C:\\Users\\CENGE\\Desktop\\thesis\\backend\\vendor\\laravel\\framework\\src\\Illuminate\\Foundation\\Http\\Middleware\\PreventRequestsDuringMaintenance.php(99): Illuminate\\Pipeline\\Pipeline->Illuminate\\Pipeline\\{closure}(Object(Illuminate\\Http\\Request))
#38 C:\\Users\\CENGE\\Desktop\\thesis\\backend\\vendor\\laravel\\framework\\src\\Illuminate\\Pipeline\\Pipeline.php(183): Illuminate\\Foundation\\Http\\Middleware\\PreventRequestsDuringMaintenance->handle(Object(Illuminate\\Http\\Request), Object(Closure))
#39 C:\\Users\\CENGE\\Desktop\\thesis\\backend\\vendor\\laravel\\framework\\src\\Illuminate\\Http\\Middleware\\HandleCors.php(62): Illuminate\\Pipeline\\Pipeline->Illuminate\\Pipeline\\{closure}(Object(Illuminate\\Http\\Request))
#40 C:\\Users\\CENGE\\Desktop\\thesis\\backend\\vendor\\laravel\\framework\\src\\Illuminate\\Pipeline\\Pipeline.php(183): Illuminate\\Http\\Middleware\\HandleCors->handle(Object(Illuminate\\Http\\Request), Object(Closure))
#41 C:\\Users\\CENGE\\Desktop\\thesis\\backend\\vendor\\laravel\\framework\\src\\Illuminate\\Http\\Middleware\\TrustProxies.php(39): Illuminate\\Pipeline\\Pipeline->Illuminate\\Pipeline\\{closure}(Object(Illuminate\\Http\\Request))
#42 C:\\Users\\CENGE\\Desktop\\thesis\\backend\\vendor\\laravel\\framework\\src\\Illuminate\\Pipeline\\Pipeline.php(183): Illuminate\\Http\\Middleware\\TrustProxies->handle(Object(Illuminate\\Http\\Request), Object(Closure))
#43 C:\\Users\\CENGE\\Desktop\\thesis\\backend\\vendor\\laravel\\framework\\src\\Illuminate\\Pipeline\\Pipeline.php(119): Illuminate\\Pipeline\\Pipeline->Illuminate\\Pipeline\\{closure}(Object(Illuminate\\Http\\Request))
#44 C:\\Users\\CENGE\\Desktop\\thesis\\backend\\vendor\\laravel\\framework\\src\\Illuminate\\Foundation\\Http\\Kernel.php(175): Illuminate\\Pipeline\\Pipeline->then(Object(Closure))
#45 C:\\Users\\CENGE\\Desktop\\thesis\\backend\\vendor\\laravel\\framework\\src\\Illuminate\\Foundation\\Http\\Kernel.php(144): Illuminate\\Foundation\\Http\\Kernel->sendRequestThroughRouter(Object(Illuminate\\Http\\Request))
#46 C:\\Users\\CENGE\\Desktop\\thesis\\backend\\public\\index.php(51): Illuminate\\Foundation\\Http\\Kernel->handle(Object(Illuminate\\Http\\Request))
#47 C:\\Users\\CENGE\\Desktop\\thesis\\backend\\vendor\\laravel\\framework\\src\\Illuminate\\Foundation\\resources\\server.php(16): require_once('C:\\\\Users\\\\CENGE\\\\...')
#48 {main}

[previous exception] [object] (PDOException(code: 1049): SQLSTATE[HY000] [1049] Unknown database 'student_evaluation' at C:\\Users\\CENGE\\Desktop\\thesis\\backend\\vendor\\laravel\\framework\\src\\Illuminate\\Database\\Connectors\\Connector.php:65)
[stacktrace]
#0 C:\\Users\\CENGE\\Desktop\\thesis\\backend\\vendor\\laravel\\framework\\src\\Illuminate\\Database\\Connectors\\Connector.php(65): PDO->__construct('mysql:host=127....', 'root', Object(SensitiveParameterValue), Array)
#1 C:\\Users\\CENGE\\Desktop\\thesis\\backend\\vendor\\laravel\\framework\\src\\Illuminate\\Database\\Connectors\\Connector.php(44): Illuminate\\Database\\Connectors\\Connector->createPdoConnection('mysql:host=127....', 'root', '', Array)
#2 C:\\Users\\CENGE\\Desktop\\thesis\\backend\\vendor\\laravel\\framework\\src\\Illuminate\\Database\\Connectors\\MySqlConnector.php(24): Illuminate\\Database\\Connectors\\Connector->createConnection('mysql:host=127....', Array, Array)
#3 C:\\Users\\CENGE\\Desktop\\thesis\\backend\\vendor\\laravel\\framework\\src\\Illuminate\\Database\\Connectors\\ConnectionFactory.php(184): Illuminate\\Database\\Connectors\\MySqlConnector->connect(Array)
#4 [internal function]: Illuminate\\Database\\Connectors\\ConnectionFactory->Illuminate\\Database\\Connectors\\{closure}()
#5 C:\\Users\\CENGE\\Desktop\\thesis\\backend\\vendor\\laravel\\framework\\src\\Illuminate\\Database\\Connection.php(1339): call_user_func(Object(Closure))
#6 C:\\Users\\CENGE\\Desktop\\thesis\\backend\\vendor\\laravel\\framework\\src\\Illuminate\\Database\\Connection.php(1375): Illuminate\\Database\\Connection->getPdo()
#7 C:\\Users\\CENGE\\Desktop\\thesis\\backend\\vendor\\laravel\\framework\\src\\Illuminate\\Database\\Connection.php(528): Illuminate\\Database\\Connection->getReadPdo()
#8 C:\\Users\\CENGE\\Desktop\\thesis\\backend\\vendor\\laravel\\framework\\src\\Illuminate\\Database\\Connection.php(423): Illuminate\\Database\\Connection->getPdoForSelect(true)
#9 C:\\Users\\CENGE\\Desktop\\thesis\\backend\\vendor\\laravel\\framework\\src\\Illuminate\\Database\\Connection.php(816): Illuminate\\Database\\Connection->Illuminate\\Database\\{closure}('select count(*)...', Array)
#10 C:\\Users\\CENGE\\Desktop\\thesis\\backend\\vendor\\laravel\\framework\\src\\Illuminate\\Database\\Connection.php(783): Illuminate\\Database\\Connection->runQueryCallback('select count(*)...', Array, Object(Closure))
#11 C:\\Users\\CENGE\\Desktop\\thesis\\backend\\vendor\\laravel\\framework\\src\\Illuminate\\Database\\Connection.php(414): Illuminate\\Database\\Connection->run('select count(*)...', Array, Object(Closure))
#12 C:\\Users\\CENGE\\Desktop\\thesis\\backend\\vendor\\laravel\\framework\\src\\Illuminate\\Database\\Query\\Builder.php(2913): Illuminate\\Database\\Connection->select('select count(*)...', Array, true)
#13 C:\\Users\\CENGE\\Desktop\\thesis\\backend\\vendor\\laravel\\framework\\src\\Illuminate\\Database\\Query\\Builder.php(2902): Illuminate\\Database\\Query\\Builder->runSelect()
#14 C:\\Users\\CENGE\\Desktop\\thesis\\backend\\vendor\\laravel\\framework\\src\\Illuminate\\Database\\Query\\Builder.php(3456): Illuminate\\Database\\Query\\Builder->Illuminate\\Database\\Query\\{closure}()
#15 C:\\Users\\CENGE\\Desktop\\thesis\\backend\\vendor\\laravel\\framework\\src\\Illuminate\\Database\\Query\\Builder.php(2901): Illuminate\\Database\\Query\\Builder->onceWithColumns(Array, Object(Closure))
#16 C:\\Users\\CENGE\\Desktop\\thesis\\backend\\vendor\\laravel\\framework\\src\\Illuminate\\Database\\Query\\Builder.php(3066): Illuminate\\Database\\Query\\Builder->get()
#17 C:\\Users\\CENGE\\Desktop\\thesis\\backend\\vendor\\laravel\\framework\\src\\Illuminate\\Database\\Query\\Builder.php(3025): Illuminate\\Database\\Query\\Builder->runPaginationCountQuery(Array)
#18 C:\\Users\\CENGE\\Desktop\\thesis\\backend\\vendor\\laravel\\framework\\src\\Illuminate\\Database\\Eloquent\\Builder.php(923): Illuminate\\Database\\Query\\Builder->getCountForPagination()
#19 C:\\Users\\CENGE\\Desktop\\thesis\\backend\\app\\Http\\Controllers\\StudentController.php(22): Illuminate\\Database\\Eloquent\\Builder->paginate(10)
#20 C:\\Users\\CENGE\\Desktop\\thesis\\backend\\vendor\\laravel\\framework\\src\\Illuminate\\Routing\\Controller.php(54): App\\Http\\Controllers\\StudentController->index(Object(Illuminate\\Http\\Request))
#21 C:\\Users\\CENGE\\Desktop\\thesis\\backend\\vendor\\laravel\\framework\\src\\Illuminate\\Routing\\ControllerDispatcher.php(43): Illuminate\\Routing\\Controller->callAction('index', Array)
#22 C:\\Users\\CENGE\\Desktop\\thesis\\backend\\vendor\\laravel\\framework\\src\\Illuminate\\Routing\\Route.php(259): Illuminate\\Routing\\ControllerDispatcher->dispatch(Object(Illuminate\\Routing\\Route), Object(App\\Http\\Controllers\\StudentController), 'index')
#23 C:\\Users\\CENGE\\Desktop\\thesis\\backend\\vendor\\laravel\\framework\\src\\Illuminate\\Routing\\Route.php(205): Illuminate\\Routing\\Route->runController()
#24 C:\\Users\\CENGE\\Desktop\\thesis\\backend\\vendor\\laravel\\framework\\src\\Illuminate\\Routing\\Router.php(806): Illuminate\\Routing\\Route->run()
#25 C:\\Users\\CENGE\\Desktop\\thesis\\backend\\vendor\\laravel\\framework\\src\\Illuminate\\Pipeline\\Pipeline.php(144): Illuminate\\Routing\\Router->Illuminate\\Routing\\{closure}(Object(Illuminate\\Http\\Request))
#26 C:\\Users\\CENGE\\Desktop\\thesis\\backend\\vendor\\laravel\\framework\\src\\Illuminate\\Routing\\Middleware\\SubstituteBindings.php(50): Illuminate\\Pipeline\\Pipeline->Illuminate\\Pipeline\\{closure}(Object(Illuminate\\Http\\Request))
#27 C:\\Users\\CENGE\\Desktop\\thesis\\backend\\vendor\\laravel\\framework\\src\\Illuminate\\Pipeline\\Pipeline.php(183): Illuminate\\Routing\\Middleware\\SubstituteBindings->handle(Object(Illuminate\\Http\\Request), Object(Closure))
#28 C:\\Users\\CENGE\\Desktop\\thesis\\backend\\vendor\\laravel\\framework\\src\\Illuminate\\Routing\\Middleware\\ThrottleRequests.php(159): Illuminate\\Pipeline\\Pipeline->Illuminate\\Pipeline\\{closure}(Object(Illuminate\\Http\\Request))
#29 C:\\Users\\CENGE\\Desktop\\thesis\\backend\\vendor\\laravel\\framework\\src\\Illuminate\\Routing\\Middleware\\ThrottleRequests.php(125): Illuminate\\Routing\\Middleware\\ThrottleRequests->handleRequest(Object(Illuminate\\Http\\Request), Object(Closure), Array)
#30 C:\\Users\\CENGE\\Desktop\\thesis\\backend\\vendor\\laravel\\framework\\src\\Illuminate\\Routing\\Middleware\\ThrottleRequests.php(87): Illuminate\\Routing\\Middleware\\ThrottleRequests->handleRequestUsingNamedLimiter(Object(Illuminate\\Http\\Request), Object(Closure), 'api', Object(Closure))
#31 C:\\Users\\CENGE\\Desktop\\thesis\\backend\\vendor\\laravel\\framework\\src\\Illuminate\\Pipeline\\Pipeline.php(183): Illuminate\\Routing\\Middleware\\ThrottleRequests->handle(Object(Illuminate\\Http\\Request), Object(Closure), 'api')
#32 C:\\Users\\CENGE\\Desktop\\thesis\\backend\\vendor\\laravel\\framework\\src\\Illuminate\\Pipeline\\Pipeline.php(119): Illuminate\\Pipeline\\Pipeline->Illuminate\\Pipeline\\{closure}(Object(Illuminate\\Http\\Request))
#33 C:\\Users\\CENGE\\Desktop\\thesis\\backend\\vendor\\laravel\\framework\\src\\Illuminate\\Routing\\Router.php(805): Illuminate\\Pipeline\\Pipeline->then(Object(Closure))
#34 C:\\Users\\CENGE\\Desktop\\thesis\\backend\\vendor\\laravel\\framework\\src\\Illuminate\\Routing\\Router.php(784): Illuminate\\Routing\\Router->runRouteWithinStack(Object(Illuminate\\Routing\\Route), Object(Illuminate\\Http\\Request))
#35 C:\\Users\\CENGE\\Desktop\\thesis\\backend\\vendor\\laravel\\framework\\src\\Illuminate\\Routing\\Router.php(748): Illuminate\\Routing\\Router->runRoute(Object(Illuminate\\Http\\Request), Object(Illuminate\\Routing\\Route))
#36 C:\\Users\\CENGE\\Desktop\\thesis\\backend\\vendor\\laravel\\framework\\src\\Illuminate\\Routing\\Router.php(737): Illuminate\\Routing\\Router->dispatchToRoute(Object(Illuminate\\Http\\Request))
#37 C:\\Users\\CENGE\\Desktop\\thesis\\backend\\vendor\\laravel\\framework\\src\\Illuminate\\Foundation\\Http\\Kernel.php(200): Illuminate\\Routing\\Router->dispatch(Object(Illuminate\\Http\\Request))
#38 C:\\Users\\CENGE\\Desktop\\thesis\\backend\\vendor\\laravel\\framework\\src\\Illuminate\\Pipeline\\Pipeline.php(144): Illuminate\\Foundation\\Http\\Kernel->Illuminate\\Foundation\\Http\\{closure}(Object(Illuminate\\Http\\Request))
#39 C:\\Users\\CENGE\\Desktop\\thesis\\backend\\vendor\\laravel\\framework\\src\\Illuminate\\Foundation\\Http\\Middleware\\TransformsRequest.php(21): Illuminate\\Pipeline\\Pipeline->Illuminate\\Pipeline\\{closure}(Object(Illuminate\\Http\\Request))
#40 C:\\Users\\CENGE\\Desktop\\thesis\\backend\\vendor\\laravel\\framework\\src\\Illuminate\\Foundation\\Http\\Middleware\\ConvertEmptyStringsToNull.php(31): Illuminate\\Foundation\\Http\\Middleware\\TransformsRequest->handle(Object(Illuminate\\Http\\Request), Object(Closure))
#41 C:\\Users\\CENGE\\Desktop\\thesis\\backend\\vendor\\laravel\\framework\\src\\Illuminate\\Pipeline\\Pipeline.php(183): Illuminate\\Foundation\\Http\\Middleware\\ConvertEmptyStringsToNull->handle(Object(Illuminate\\Http\\Request), Object(Closure))
#42 C:\\Users\\CENGE\\Desktop\\thesis\\backend\\vendor\\laravel\\framework\\src\\Illuminate\\Foundation\\Http\\Middleware\\TransformsRequest.php(21): Illuminate\\Pipeline\\Pipeline->Illuminate\\Pipeline\\{closure}(Object(Illuminate\\Http\\Request))
#43 C:\\Users\\CENGE\\Desktop\\thesis\\backend\\vendor\\laravel\\framework\\src\\Illuminate\\Foundation\\Http\\Middleware\\TrimStrings.php(40): Illuminate\\Foundation\\Http\\Middleware\\TransformsRequest->handle(Object(Illuminate\\Http\\Request), Object(Closure))
#44 C:\\Users\\CENGE\\Desktop\\thesis\\backend\\vendor\\laravel\\framework\\src\\Illuminate\\Pipeline\\Pipeline.php(183): Illuminate\\Foundation\\Http\\Middleware\\TrimStrings->handle(Object(Illuminate\\Http\\Request), Object(Closure))
#45 C:\\Users\\CENGE\\Desktop\\thesis\\backend\\vendor\\laravel\\framework\\src\\Illuminate\\Foundation\\Http\\Middleware\\ValidatePostSize.php(27): Illuminate\\Pipeline\\Pipeline->Illuminate\\Pipeline\\{closure}(Object(Illuminate\\Http\\Request))
#46 C:\\Users\\CENGE\\Desktop\\thesis\\backend\\vendor\\laravel\\framework\\src\\Illuminate\\Pipeline\\Pipeline.php(183): Illuminate\\Foundation\\Http\\Middleware\\ValidatePostSize->handle(Object(Illuminate\\Http\\Request), Object(Closure))
#47 C:\\Users\\CENGE\\Desktop\\thesis\\backend\\vendor\\laravel\\framework\\src\\Illuminate\\Foundation\\Http\\Middleware\\PreventRequestsDuringMaintenance.php(99): Illuminate\\Pipeline\\Pipeline->Illuminate\\Pipeline\\{closure}(Object(Illuminate\\Http\\Request))
#48 C:\\Users\\CENGE\\Desktop\\thesis\\backend\\vendor\\laravel\\framework\\src\\Illuminate\\Pipeline\\Pipeline.php(183): Illuminate\\Foundation\\Http\\Middleware\\PreventRequestsDuringMaintenance->handle(Object(Illuminate\\Http\\Request), Object(Closure))
#49 C:\\Users\\CENGE\\Desktop\\thesis\\backend\\vendor\\laravel\\framework\\src\\Illuminate\\Http\\Middleware\\HandleCors.php(62): Illuminate\\Pipeline\\Pipeline->Illuminate\\Pipeline\\{closure}(Object(Illuminate\\Http\\Request))
#50 C:\\Users\\CENGE\\Desktop\\thesis\\backend\\vendor\\laravel\\framework\\src\\Illuminate\\Pipeline\\Pipeline.php(183): Illuminate\\Http\\Middleware\\HandleCors->handle(Object(Illuminate\\Http\\Request), Object(Closure))
#51 C:\\Users\\CENGE\\Desktop\\thesis\\backend\\vendor\\laravel\\framework\\src\\Illuminate\\Http\\Middleware\\TrustProxies.php(39): Illuminate\\Pipeline\\Pipeline->Illuminate\\Pipeline\\{closure}(Object(Illuminate\\Http\\Request))
#52 C:\\Users\\CENGE\\Desktop\\thesis\\backend\\vendor\\laravel\\framework\\src\\Illuminate\\Pipeline\\Pipeline.php(183): Illuminate\\Http\\Middleware\\TrustProxies->handle(Object(Illuminate\\Http\\Request), Object(Closure))
#53 C:\\Users\\CENGE\\Desktop\\thesis\\backend\\vendor\\laravel\\framework\\src\\Illuminate\\Pipeline\\Pipeline.php(119): Illuminate\\Pipeline\\Pipeline->Illuminate\\Pipeline\\{closure}(Object(Illuminate\\Http\\Request))
#54 C:\\Users\\CENGE\\Desktop\\thesis\\backend\\vendor\\laravel\\framework\\src\\Illuminate\\Foundation\\Http\\Kernel.php(175): Illuminate\\Pipeline\\Pipeline->then(Object(Closure))
#55 C:\\Users\\CENGE\\Desktop\\thesis\\backend\\vendor\\laravel\\framework\\src\\Illuminate\\Foundation\\Http\\Kernel.php(144): Illuminate\\Foundation\\Http\\Kernel->sendRequestThroughRouter(Object(Illuminate\\Http\\Request))
#56 C:\\Users\\CENGE\\Desktop\\thesis\\backend\\public\\index.php(51): Illuminate\\Foundation\\Http\\Kernel->handle(Object(Illuminate\\Http\\Request))
#57 C:\\Users\\CENGE\\Desktop\\thesis\\backend\\vendor\\laravel\\framework\\src\\Illuminate\\Foundation\\resources\\server.php(16): require_once('C:\\\\Users\\\\CENGE\\\\...')
#58 {main}
"} 
[2025-02-04 16:24:07] local.ERROR: SQLSTATE[HY000] [1049] Unknown database 'student_evaluation' (Connection: mysql, SQL: select * from `program_prospectuses`) {"exception":"[object] (Illuminate\\Database\\QueryException(code: 1049): SQLSTATE[HY000] [1049] Unknown database 'student_evaluation' (Connection: mysql, SQL: select * from `program_prospectuses`) at C:\\Users\\CENGE\\Desktop\\thesis\\backend\\vendor\\laravel\\framework\\src\\Illuminate\\Database\\Connection.php:829)
[stacktrace]
#0 C:\\Users\\CENGE\\Desktop\\thesis\\backend\\vendor\\laravel\\framework\\src\\Illuminate\\Database\\Connection.php(783): Illuminate\\Database\\Connection->runQueryCallback('select * from `...', Array, Object(Closure))
#1 C:\\Users\\CENGE\\Desktop\\thesis\\backend\\vendor\\laravel\\framework\\src\\Illuminate\\Database\\Connection.php(414): Illuminate\\Database\\Connection->run('select * from `...', Array, Object(Closure))
#2 C:\\Users\\CENGE\\Desktop\\thesis\\backend\\vendor\\laravel\\framework\\src\\Illuminate\\Database\\Query\\Builder.php(2913): Illuminate\\Database\\Connection->select('select * from `...', Array, true)
#3 C:\\Users\\CENGE\\Desktop\\thesis\\backend\\vendor\\laravel\\framework\\src\\Illuminate\\Database\\Query\\Builder.php(2902): Illuminate\\Database\\Query\\Builder->runSelect()
#4 C:\\Users\\CENGE\\Desktop\\thesis\\backend\\vendor\\laravel\\framework\\src\\Illuminate\\Database\\Query\\Builder.php(3456): Illuminate\\Database\\Query\\Builder->Illuminate\\Database\\Query\\{closure}()
#5 C:\\Users\\CENGE\\Desktop\\thesis\\backend\\vendor\\laravel\\framework\\src\\Illuminate\\Database\\Query\\Builder.php(2901): Illuminate\\Database\\Query\\Builder->onceWithColumns(Array, Object(Closure))
#6 C:\\Users\\CENGE\\Desktop\\thesis\\backend\\vendor\\laravel\\framework\\src\\Illuminate\\Database\\Eloquent\\Builder.php(739): Illuminate\\Database\\Query\\Builder->get(Array)
#7 C:\\Users\\CENGE\\Desktop\\thesis\\backend\\vendor\\laravel\\framework\\src\\Illuminate\\Database\\Eloquent\\Builder.php(723): Illuminate\\Database\\Eloquent\\Builder->getModels(Array)
#8 C:\\Users\\CENGE\\Desktop\\thesis\\backend\\vendor\\laravel\\framework\\src\\Illuminate\\Database\\Eloquent\\Model.php(675): Illuminate\\Database\\Eloquent\\Builder->get(Array)
#9 C:\\Users\\CENGE\\Desktop\\thesis\\backend\\app\\Http\\Controllers\\ProgramProspectusController.php(12): Illuminate\\Database\\Eloquent\\Model::all()
#10 C:\\Users\\CENGE\\Desktop\\thesis\\backend\\vendor\\laravel\\framework\\src\\Illuminate\\Routing\\Controller.php(54): App\\Http\\Controllers\\ProgramProspectusController->index()
#11 C:\\Users\\CENGE\\Desktop\\thesis\\backend\\vendor\\laravel\\framework\\src\\Illuminate\\Routing\\ControllerDispatcher.php(43): Illuminate\\Routing\\Controller->callAction('index', Array)
#12 C:\\Users\\CENGE\\Desktop\\thesis\\backend\\vendor\\laravel\\framework\\src\\Illuminate\\Routing\\Route.php(259): Illuminate\\Routing\\ControllerDispatcher->dispatch(Object(Illuminate\\Routing\\Route), Object(App\\Http\\Controllers\\ProgramProspectusController), 'index')
#13 C:\\Users\\CENGE\\Desktop\\thesis\\backend\\vendor\\laravel\\framework\\src\\Illuminate\\Routing\\Route.php(205): Illuminate\\Routing\\Route->runController()
#14 C:\\Users\\CENGE\\Desktop\\thesis\\backend\\vendor\\laravel\\framework\\src\\Illuminate\\Routing\\Router.php(806): Illuminate\\Routing\\Route->run()
#15 C:\\Users\\CENGE\\Desktop\\thesis\\backend\\vendor\\laravel\\framework\\src\\Illuminate\\Pipeline\\Pipeline.php(144): Illuminate\\Routing\\Router->Illuminate\\Routing\\{closure}(Object(Illuminate\\Http\\Request))
#16 C:\\Users\\CENGE\\Desktop\\thesis\\backend\\vendor\\laravel\\framework\\src\\Illuminate\\Routing\\Middleware\\SubstituteBindings.php(50): Illuminate\\Pipeline\\Pipeline->Illuminate\\Pipeline\\{closure}(Object(Illuminate\\Http\\Request))
#17 C:\\Users\\CENGE\\Desktop\\thesis\\backend\\vendor\\laravel\\framework\\src\\Illuminate\\Pipeline\\Pipeline.php(183): Illuminate\\Routing\\Middleware\\SubstituteBindings->handle(Object(Illuminate\\Http\\Request), Object(Closure))
#18 C:\\Users\\CENGE\\Desktop\\thesis\\backend\\vendor\\laravel\\framework\\src\\Illuminate\\Routing\\Middleware\\ThrottleRequests.php(159): Illuminate\\Pipeline\\Pipeline->Illuminate\\Pipeline\\{closure}(Object(Illuminate\\Http\\Request))
#19 C:\\Users\\CENGE\\Desktop\\thesis\\backend\\vendor\\laravel\\framework\\src\\Illuminate\\Routing\\Middleware\\ThrottleRequests.php(125): Illuminate\\Routing\\Middleware\\ThrottleRequests->handleRequest(Object(Illuminate\\Http\\Request), Object(Closure), Array)
#20 C:\\Users\\CENGE\\Desktop\\thesis\\backend\\vendor\\laravel\\framework\\src\\Illuminate\\Routing\\Middleware\\ThrottleRequests.php(87): Illuminate\\Routing\\Middleware\\ThrottleRequests->handleRequestUsingNamedLimiter(Object(Illuminate\\Http\\Request), Object(Closure), 'api', Object(Closure))
#21 C:\\Users\\CENGE\\Desktop\\thesis\\backend\\vendor\\laravel\\framework\\src\\Illuminate\\Pipeline\\Pipeline.php(183): Illuminate\\Routing\\Middleware\\ThrottleRequests->handle(Object(Illuminate\\Http\\Request), Object(Closure), 'api')
#22 C:\\Users\\CENGE\\Desktop\\thesis\\backend\\vendor\\laravel\\framework\\src\\Illuminate\\Pipeline\\Pipeline.php(119): Illuminate\\Pipeline\\Pipeline->Illuminate\\Pipeline\\{closure}(Object(Illuminate\\Http\\Request))
#23 C:\\Users\\CENGE\\Desktop\\thesis\\backend\\vendor\\laravel\\framework\\src\\Illuminate\\Routing\\Router.php(805): Illuminate\\Pipeline\\Pipeline->then(Object(Closure))
#24 C:\\Users\\CENGE\\Desktop\\thesis\\backend\\vendor\\laravel\\framework\\src\\Illuminate\\Routing\\Router.php(784): Illuminate\\Routing\\Router->runRouteWithinStack(Object(Illuminate\\Routing\\Route), Object(Illuminate\\Http\\Request))
#25 C:\\Users\\CENGE\\Desktop\\thesis\\backend\\vendor\\laravel\\framework\\src\\Illuminate\\Routing\\Router.php(748): Illuminate\\Routing\\Router->runRoute(Object(Illuminate\\Http\\Request), Object(Illuminate\\Routing\\Route))
#26 C:\\Users\\CENGE\\Desktop\\thesis\\backend\\vendor\\laravel\\framework\\src\\Illuminate\\Routing\\Router.php(737): Illuminate\\Routing\\Router->dispatchToRoute(Object(Illuminate\\Http\\Request))
#27 C:\\Users\\CENGE\\Desktop\\thesis\\backend\\vendor\\laravel\\framework\\src\\Illuminate\\Foundation\\Http\\Kernel.php(200): Illuminate\\Routing\\Router->dispatch(Object(Illuminate\\Http\\Request))
#28 C:\\Users\\CENGE\\Desktop\\thesis\\backend\\vendor\\laravel\\framework\\src\\Illuminate\\Pipeline\\Pipeline.php(144): Illuminate\\Foundation\\Http\\Kernel->Illuminate\\Foundation\\Http\\{closure}(Object(Illuminate\\Http\\Request))
#29 C:\\Users\\CENGE\\Desktop\\thesis\\backend\\vendor\\laravel\\framework\\src\\Illuminate\\Foundation\\Http\\Middleware\\TransformsRequest.php(21): Illuminate\\Pipeline\\Pipeline->Illuminate\\Pipeline\\{closure}(Object(Illuminate\\Http\\Request))
#30 C:\\Users\\CENGE\\Desktop\\thesis\\backend\\vendor\\laravel\\framework\\src\\Illuminate\\Foundation\\Http\\Middleware\\ConvertEmptyStringsToNull.php(31): Illuminate\\Foundation\\Http\\Middleware\\TransformsRequest->handle(Object(Illuminate\\Http\\Request), Object(Closure))
#31 C:\\Users\\CENGE\\Desktop\\thesis\\backend\\vendor\\laravel\\framework\\src\\Illuminate\\Pipeline\\Pipeline.php(183): Illuminate\\Foundation\\Http\\Middleware\\ConvertEmptyStringsToNull->handle(Object(Illuminate\\Http\\Request), Object(Closure))
#32 C:\\Users\\CENGE\\Desktop\\thesis\\backend\\vendor\\laravel\\framework\\src\\Illuminate\\Foundation\\Http\\Middleware\\TransformsRequest.php(21): Illuminate\\Pipeline\\Pipeline->Illuminate\\Pipeline\\{closure}(Object(Illuminate\\Http\\Request))
#33 C:\\Users\\CENGE\\Desktop\\thesis\\backend\\vendor\\laravel\\framework\\src\\Illuminate\\Foundation\\Http\\Middleware\\TrimStrings.php(40): Illuminate\\Foundation\\Http\\Middleware\\TransformsRequest->handle(Object(Illuminate\\Http\\Request), Object(Closure))
#34 C:\\Users\\CENGE\\Desktop\\thesis\\backend\\vendor\\laravel\\framework\\src\\Illuminate\\Pipeline\\Pipeline.php(183): Illuminate\\Foundation\\Http\\Middleware\\TrimStrings->handle(Object(Illuminate\\Http\\Request), Object(Closure))
#35 C:\\Users\\CENGE\\Desktop\\thesis\\backend\\vendor\\laravel\\framework\\src\\Illuminate\\Foundation\\Http\\Middleware\\ValidatePostSize.php(27): Illuminate\\Pipeline\\Pipeline->Illuminate\\Pipeline\\{closure}(Object(Illuminate\\Http\\Request))
#36 C:\\Users\\CENGE\\Desktop\\thesis\\backend\\vendor\\laravel\\framework\\src\\Illuminate\\Pipeline\\Pipeline.php(183): Illuminate\\Foundation\\Http\\Middleware\\ValidatePostSize->handle(Object(Illuminate\\Http\\Request), Object(Closure))
#37 C:\\Users\\CENGE\\Desktop\\thesis\\backend\\vendor\\laravel\\framework\\src\\Illuminate\\Foundation\\Http\\Middleware\\PreventRequestsDuringMaintenance.php(99): Illuminate\\Pipeline\\Pipeline->Illuminate\\Pipeline\\{closure}(Object(Illuminate\\Http\\Request))
#38 C:\\Users\\CENGE\\Desktop\\thesis\\backend\\vendor\\laravel\\framework\\src\\Illuminate\\Pipeline\\Pipeline.php(183): Illuminate\\Foundation\\Http\\Middleware\\PreventRequestsDuringMaintenance->handle(Object(Illuminate\\Http\\Request), Object(Closure))
#39 C:\\Users\\CENGE\\Desktop\\thesis\\backend\\vendor\\laravel\\framework\\src\\Illuminate\\Http\\Middleware\\HandleCors.php(62): Illuminate\\Pipeline\\Pipeline->Illuminate\\Pipeline\\{closure}(Object(Illuminate\\Http\\Request))
#40 C:\\Users\\CENGE\\Desktop\\thesis\\backend\\vendor\\laravel\\framework\\src\\Illuminate\\Pipeline\\Pipeline.php(183): Illuminate\\Http\\Middleware\\HandleCors->handle(Object(Illuminate\\Http\\Request), Object(Closure))
#41 C:\\Users\\CENGE\\Desktop\\thesis\\backend\\vendor\\laravel\\framework\\src\\Illuminate\\Http\\Middleware\\TrustProxies.php(39): Illuminate\\Pipeline\\Pipeline->Illuminate\\Pipeline\\{closure}(Object(Illuminate\\Http\\Request))
#42 C:\\Users\\CENGE\\Desktop\\thesis\\backend\\vendor\\laravel\\framework\\src\\Illuminate\\Pipeline\\Pipeline.php(183): Illuminate\\Http\\Middleware\\TrustProxies->handle(Object(Illuminate\\Http\\Request), Object(Closure))
#43 C:\\Users\\CENGE\\Desktop\\thesis\\backend\\vendor\\laravel\\framework\\src\\Illuminate\\Pipeline\\Pipeline.php(119): Illuminate\\Pipeline\\Pipeline->Illuminate\\Pipeline\\{closure}(Object(Illuminate\\Http\\Request))
#44 C:\\Users\\CENGE\\Desktop\\thesis\\backend\\vendor\\laravel\\framework\\src\\Illuminate\\Foundation\\Http\\Kernel.php(175): Illuminate\\Pipeline\\Pipeline->then(Object(Closure))
#45 C:\\Users\\CENGE\\Desktop\\thesis\\backend\\vendor\\laravel\\framework\\src\\Illuminate\\Foundation\\Http\\Kernel.php(144): Illuminate\\Foundation\\Http\\Kernel->sendRequestThroughRouter(Object(Illuminate\\Http\\Request))
#46 C:\\Users\\CENGE\\Desktop\\thesis\\backend\\public\\index.php(51): Illuminate\\Foundation\\Http\\Kernel->handle(Object(Illuminate\\Http\\Request))
#47 C:\\Users\\CENGE\\Desktop\\thesis\\backend\\vendor\\laravel\\framework\\src\\Illuminate\\Foundation\\resources\\server.php(16): require_once('C:\\\\Users\\\\CENGE\\\\...')
#48 {main}

[previous exception] [object] (PDOException(code: 1049): SQLSTATE[HY000] [1049] Unknown database 'student_evaluation' at C:\\Users\\CENGE\\Desktop\\thesis\\backend\\vendor\\laravel\\framework\\src\\Illuminate\\Database\\Connectors\\Connector.php:65)
[stacktrace]
#0 C:\\Users\\CENGE\\Desktop\\thesis\\backend\\vendor\\laravel\\framework\\src\\Illuminate\\Database\\Connectors\\Connector.php(65): PDO->__construct('mysql:host=127....', 'root', Object(SensitiveParameterValue), Array)
#1 C:\\Users\\CENGE\\Desktop\\thesis\\backend\\vendor\\laravel\\framework\\src\\Illuminate\\Database\\Connectors\\Connector.php(44): Illuminate\\Database\\Connectors\\Connector->createPdoConnection('mysql:host=127....', 'root', '', Array)
#2 C:\\Users\\CENGE\\Desktop\\thesis\\backend\\vendor\\laravel\\framework\\src\\Illuminate\\Database\\Connectors\\MySqlConnector.php(24): Illuminate\\Database\\Connectors\\Connector->createConnection('mysql:host=127....', Array, Array)
#3 C:\\Users\\CENGE\\Desktop\\thesis\\backend\\vendor\\laravel\\framework\\src\\Illuminate\\Database\\Connectors\\ConnectionFactory.php(184): Illuminate\\Database\\Connectors\\MySqlConnector->connect(Array)
#4 [internal function]: Illuminate\\Database\\Connectors\\ConnectionFactory->Illuminate\\Database\\Connectors\\{closure}()
#5 C:\\Users\\CENGE\\Desktop\\thesis\\backend\\vendor\\laravel\\framework\\src\\Illuminate\\Database\\Connection.php(1339): call_user_func(Object(Closure))
#6 C:\\Users\\CENGE\\Desktop\\thesis\\backend\\vendor\\laravel\\framework\\src\\Illuminate\\Database\\Connection.php(1375): Illuminate\\Database\\Connection->getPdo()
#7 C:\\Users\\CENGE\\Desktop\\thesis\\backend\\vendor\\laravel\\framework\\src\\Illuminate\\Database\\Connection.php(528): Illuminate\\Database\\Connection->getReadPdo()
#8 C:\\Users\\CENGE\\Desktop\\thesis\\backend\\vendor\\laravel\\framework\\src\\Illuminate\\Database\\Connection.php(423): Illuminate\\Database\\Connection->getPdoForSelect(true)
#9 C:\\Users\\CENGE\\Desktop\\thesis\\backend\\vendor\\laravel\\framework\\src\\Illuminate\\Database\\Connection.php(816): Illuminate\\Database\\Connection->Illuminate\\Database\\{closure}('select * from `...', Array)
#10 C:\\Users\\CENGE\\Desktop\\thesis\\backend\\vendor\\laravel\\framework\\src\\Illuminate\\Database\\Connection.php(783): Illuminate\\Database\\Connection->runQueryCallback('select * from `...', Array, Object(Closure))
#11 C:\\Users\\CENGE\\Desktop\\thesis\\backend\\vendor\\laravel\\framework\\src\\Illuminate\\Database\\Connection.php(414): Illuminate\\Database\\Connection->run('select * from `...', Array, Object(Closure))
#12 C:\\Users\\CENGE\\Desktop\\thesis\\backend\\vendor\\laravel\\framework\\src\\Illuminate\\Database\\Query\\Builder.php(2913): Illuminate\\Database\\Connection->select('select * from `...', Array, true)
#13 C:\\Users\\CENGE\\Desktop\\thesis\\backend\\vendor\\laravel\\framework\\src\\Illuminate\\Database\\Query\\Builder.php(2902): Illuminate\\Database\\Query\\Builder->runSelect()
#14 C:\\Users\\CENGE\\Desktop\\thesis\\backend\\vendor\\laravel\\framework\\src\\Illuminate\\Database\\Query\\Builder.php(3456): Illuminate\\Database\\Query\\Builder->Illuminate\\Database\\Query\\{closure}()
#15 C:\\Users\\CENGE\\Desktop\\thesis\\backend\\vendor\\laravel\\framework\\src\\Illuminate\\Database\\Query\\Builder.php(2901): Illuminate\\Database\\Query\\Builder->onceWithColumns(Array, Object(Closure))
#16 C:\\Users\\CENGE\\Desktop\\thesis\\backend\\vendor\\laravel\\framework\\src\\Illuminate\\Database\\Eloquent\\Builder.php(739): Illuminate\\Database\\Query\\Builder->get(Array)
#17 C:\\Users\\CENGE\\Desktop\\thesis\\backend\\vendor\\laravel\\framework\\src\\Illuminate\\Database\\Eloquent\\Builder.php(723): Illuminate\\Database\\Eloquent\\Builder->getModels(Array)
#18 C:\\Users\\CENGE\\Desktop\\thesis\\backend\\vendor\\laravel\\framework\\src\\Illuminate\\Database\\Eloquent\\Model.php(675): Illuminate\\Database\\Eloquent\\Builder->get(Array)
#19 C:\\Users\\CENGE\\Desktop\\thesis\\backend\\app\\Http\\Controllers\\ProgramProspectusController.php(12): Illuminate\\Database\\Eloquent\\Model::all()
#20 C:\\Users\\CENGE\\Desktop\\thesis\\backend\\vendor\\laravel\\framework\\src\\Illuminate\\Routing\\Controller.php(54): App\\Http\\Controllers\\ProgramProspectusController->index()
#21 C:\\Users\\CENGE\\Desktop\\thesis\\backend\\vendor\\laravel\\framework\\src\\Illuminate\\Routing\\ControllerDispatcher.php(43): Illuminate\\Routing\\Controller->callAction('index', Array)
#22 C:\\Users\\CENGE\\Desktop\\thesis\\backend\\vendor\\laravel\\framework\\src\\Illuminate\\Routing\\Route.php(259): Illuminate\\Routing\\ControllerDispatcher->dispatch(Object(Illuminate\\Routing\\Route), Object(App\\Http\\Controllers\\ProgramProspectusController), 'index')
#23 C:\\Users\\CENGE\\Desktop\\thesis\\backend\\vendor\\laravel\\framework\\src\\Illuminate\\Routing\\Route.php(205): Illuminate\\Routing\\Route->runController()
#24 C:\\Users\\CENGE\\Desktop\\thesis\\backend\\vendor\\laravel\\framework\\src\\Illuminate\\Routing\\Router.php(806): Illuminate\\Routing\\Route->run()
#25 C:\\Users\\CENGE\\Desktop\\thesis\\backend\\vendor\\laravel\\framework\\src\\Illuminate\\Pipeline\\Pipeline.php(144): Illuminate\\Routing\\Router->Illuminate\\Routing\\{closure}(Object(Illuminate\\Http\\Request))
#26 C:\\Users\\CENGE\\Desktop\\thesis\\backend\\vendor\\laravel\\framework\\src\\Illuminate\\Routing\\Middleware\\SubstituteBindings.php(50): Illuminate\\Pipeline\\Pipeline->Illuminate\\Pipeline\\{closure}(Object(Illuminate\\Http\\Request))
#27 C:\\Users\\CENGE\\Desktop\\thesis\\backend\\vendor\\laravel\\framework\\src\\Illuminate\\Pipeline\\Pipeline.php(183): Illuminate\\Routing\\Middleware\\SubstituteBindings->handle(Object(Illuminate\\Http\\Request), Object(Closure))
#28 C:\\Users\\CENGE\\Desktop\\thesis\\backend\\vendor\\laravel\\framework\\src\\Illuminate\\Routing\\Middleware\\ThrottleRequests.php(159): Illuminate\\Pipeline\\Pipeline->Illuminate\\Pipeline\\{closure}(Object(Illuminate\\Http\\Request))
#29 C:\\Users\\CENGE\\Desktop\\thesis\\backend\\vendor\\laravel\\framework\\src\\Illuminate\\Routing\\Middleware\\ThrottleRequests.php(125): Illuminate\\Routing\\Middleware\\ThrottleRequests->handleRequest(Object(Illuminate\\Http\\Request), Object(Closure), Array)
#30 C:\\Users\\CENGE\\Desktop\\thesis\\backend\\vendor\\laravel\\framework\\src\\Illuminate\\Routing\\Middleware\\ThrottleRequests.php(87): Illuminate\\Routing\\Middleware\\ThrottleRequests->handleRequestUsingNamedLimiter(Object(Illuminate\\Http\\Request), Object(Closure), 'api', Object(Closure))
#31 C:\\Users\\CENGE\\Desktop\\thesis\\backend\\vendor\\laravel\\framework\\src\\Illuminate\\Pipeline\\Pipeline.php(183): Illuminate\\Routing\\Middleware\\ThrottleRequests->handle(Object(Illuminate\\Http\\Request), Object(Closure), 'api')
#32 C:\\Users\\CENGE\\Desktop\\thesis\\backend\\vendor\\laravel\\framework\\src\\Illuminate\\Pipeline\\Pipeline.php(119): Illuminate\\Pipeline\\Pipeline->Illuminate\\Pipeline\\{closure}(Object(Illuminate\\Http\\Request))
#33 C:\\Users\\CENGE\\Desktop\\thesis\\backend\\vendor\\laravel\\framework\\src\\Illuminate\\Routing\\Router.php(805): Illuminate\\Pipeline\\Pipeline->then(Object(Closure))
#34 C:\\Users\\CENGE\\Desktop\\thesis\\backend\\vendor\\laravel\\framework\\src\\Illuminate\\Routing\\Router.php(784): Illuminate\\Routing\\Router->runRouteWithinStack(Object(Illuminate\\Routing\\Route), Object(Illuminate\\Http\\Request))
#35 C:\\Users\\CENGE\\Desktop\\thesis\\backend\\vendor\\laravel\\framework\\src\\Illuminate\\Routing\\Router.php(748): Illuminate\\Routing\\Router->runRoute(Object(Illuminate\\Http\\Request), Object(Illuminate\\Routing\\Route))
#36 C:\\Users\\CENGE\\Desktop\\thesis\\backend\\vendor\\laravel\\framework\\src\\Illuminate\\Routing\\Router.php(737): Illuminate\\Routing\\Router->dispatchToRoute(Object(Illuminate\\Http\\Request))
#37 C:\\Users\\CENGE\\Desktop\\thesis\\backend\\vendor\\laravel\\framework\\src\\Illuminate\\Foundation\\Http\\Kernel.php(200): Illuminate\\Routing\\Router->dispatch(Object(Illuminate\\Http\\Request))
#38 C:\\Users\\CENGE\\Desktop\\thesis\\backend\\vendor\\laravel\\framework\\src\\Illuminate\\Pipeline\\Pipeline.php(144): Illuminate\\Foundation\\Http\\Kernel->Illuminate\\Foundation\\Http\\{closure}(Object(Illuminate\\Http\\Request))
#39 C:\\Users\\CENGE\\Desktop\\thesis\\backend\\vendor\\laravel\\framework\\src\\Illuminate\\Foundation\\Http\\Middleware\\TransformsRequest.php(21): Illuminate\\Pipeline\\Pipeline->Illuminate\\Pipeline\\{closure}(Object(Illuminate\\Http\\Request))
#40 C:\\Users\\CENGE\\Desktop\\thesis\\backend\\vendor\\laravel\\framework\\src\\Illuminate\\Foundation\\Http\\Middleware\\ConvertEmptyStringsToNull.php(31): Illuminate\\Foundation\\Http\\Middleware\\TransformsRequest->handle(Object(Illuminate\\Http\\Request), Object(Closure))
#41 C:\\Users\\CENGE\\Desktop\\thesis\\backend\\vendor\\laravel\\framework\\src\\Illuminate\\Pipeline\\Pipeline.php(183): Illuminate\\Foundation\\Http\\Middleware\\ConvertEmptyStringsToNull->handle(Object(Illuminate\\Http\\Request), Object(Closure))
#42 C:\\Users\\CENGE\\Desktop\\thesis\\backend\\vendor\\laravel\\framework\\src\\Illuminate\\Foundation\\Http\\Middleware\\TransformsRequest.php(21): Illuminate\\Pipeline\\Pipeline->Illuminate\\Pipeline\\{closure}(Object(Illuminate\\Http\\Request))
#43 C:\\Users\\CENGE\\Desktop\\thesis\\backend\\vendor\\laravel\\framework\\src\\Illuminate\\Foundation\\Http\\Middleware\\TrimStrings.php(40): Illuminate\\Foundation\\Http\\Middleware\\TransformsRequest->handle(Object(Illuminate\\Http\\Request), Object(Closure))
#44 C:\\Users\\CENGE\\Desktop\\thesis\\backend\\vendor\\laravel\\framework\\src\\Illuminate\\Pipeline\\Pipeline.php(183): Illuminate\\Foundation\\Http\\Middleware\\TrimStrings->handle(Object(Illuminate\\Http\\Request), Object(Closure))
#45 C:\\Users\\CENGE\\Desktop\\thesis\\backend\\vendor\\laravel\\framework\\src\\Illuminate\\Foundation\\Http\\Middleware\\ValidatePostSize.php(27): Illuminate\\Pipeline\\Pipeline->Illuminate\\Pipeline\\{closure}(Object(Illuminate\\Http\\Request))
#46 C:\\Users\\CENGE\\Desktop\\thesis\\backend\\vendor\\laravel\\framework\\src\\Illuminate\\Pipeline\\Pipeline.php(183): Illuminate\\Foundation\\Http\\Middleware\\ValidatePostSize->handle(Object(Illuminate\\Http\\Request), Object(Closure))
#47 C:\\Users\\CENGE\\Desktop\\thesis\\backend\\vendor\\laravel\\framework\\src\\Illuminate\\Foundation\\Http\\Middleware\\PreventRequestsDuringMaintenance.php(99): Illuminate\\Pipeline\\Pipeline->Illuminate\\Pipeline\\{closure}(Object(Illuminate\\Http\\Request))
#48 C:\\Users\\CENGE\\Desktop\\thesis\\backend\\vendor\\laravel\\framework\\src\\Illuminate\\Pipeline\\Pipeline.php(183): Illuminate\\Foundation\\Http\\Middleware\\PreventRequestsDuringMaintenance->handle(Object(Illuminate\\Http\\Request), Object(Closure))
#49 C:\\Users\\CENGE\\Desktop\\thesis\\backend\\vendor\\laravel\\framework\\src\\Illuminate\\Http\\Middleware\\HandleCors.php(62): Illuminate\\Pipeline\\Pipeline->Illuminate\\Pipeline\\{closure}(Object(Illuminate\\Http\\Request))
#50 C:\\Users\\CENGE\\Desktop\\thesis\\backend\\vendor\\laravel\\framework\\src\\Illuminate\\Pipeline\\Pipeline.php(183): Illuminate\\Http\\Middleware\\HandleCors->handle(Object(Illuminate\\Http\\Request), Object(Closure))
#51 C:\\Users\\CENGE\\Desktop\\thesis\\backend\\vendor\\laravel\\framework\\src\\Illuminate\\Http\\Middleware\\TrustProxies.php(39): Illuminate\\Pipeline\\Pipeline->Illuminate\\Pipeline\\{closure}(Object(Illuminate\\Http\\Request))
#52 C:\\Users\\CENGE\\Desktop\\thesis\\backend\\vendor\\laravel\\framework\\src\\Illuminate\\Pipeline\\Pipeline.php(183): Illuminate\\Http\\Middleware\\TrustProxies->handle(Object(Illuminate\\Http\\Request), Object(Closure))
#53 C:\\Users\\CENGE\\Desktop\\thesis\\backend\\vendor\\laravel\\framework\\src\\Illuminate\\Pipeline\\Pipeline.php(119): Illuminate\\Pipeline\\Pipeline->Illuminate\\Pipeline\\{closure}(Object(Illuminate\\Http\\Request))
#54 C:\\Users\\CENGE\\Desktop\\thesis\\backend\\vendor\\laravel\\framework\\src\\Illuminate\\Foundation\\Http\\Kernel.php(175): Illuminate\\Pipeline\\Pipeline->then(Object(Closure))
#55 C:\\Users\\CENGE\\Desktop\\thesis\\backend\\vendor\\laravel\\framework\\src\\Illuminate\\Foundation\\Http\\Kernel.php(144): Illuminate\\Foundation\\Http\\Kernel->sendRequestThroughRouter(Object(Illuminate\\Http\\Request))
#56 C:\\Users\\CENGE\\Desktop\\thesis\\backend\\public\\index.php(51): Illuminate\\Foundation\\Http\\Kernel->handle(Object(Illuminate\\Http\\Request))
#57 C:\\Users\\CENGE\\Desktop\\thesis\\backend\\vendor\\laravel\\framework\\src\\Illuminate\\Foundation\\resources\\server.php(16): require_once('C:\\\\Users\\\\CENGE\\\\...')
#58 {main}
"} 
[2025-02-04 16:24:09] local.ERROR: SQLSTATE[HY000] [1049] Unknown database 'student_evaluation' (Connection: mysql, SQL: select count(*) as aggregate from `students` where `student_id` like %% or `first_name` like %% or `last_name` like %%) {"exception":"[object] (Illuminate\\Database\\QueryException(code: 1049): SQLSTATE[HY000] [1049] Unknown database 'student_evaluation' (Connection: mysql, SQL: select count(*) as aggregate from `students` where `student_id` like %% or `first_name` like %% or `last_name` like %%) at C:\\Users\\CENGE\\Desktop\\thesis\\backend\\vendor\\laravel\\framework\\src\\Illuminate\\Database\\Connection.php:829)
[stacktrace]
#0 C:\\Users\\CENGE\\Desktop\\thesis\\backend\\vendor\\laravel\\framework\\src\\Illuminate\\Database\\Connection.php(783): Illuminate\\Database\\Connection->runQueryCallback('select count(*)...', Array, Object(Closure))
#1 C:\\Users\\CENGE\\Desktop\\thesis\\backend\\vendor\\laravel\\framework\\src\\Illuminate\\Database\\Connection.php(414): Illuminate\\Database\\Connection->run('select count(*)...', Array, Object(Closure))
#2 C:\\Users\\CENGE\\Desktop\\thesis\\backend\\vendor\\laravel\\framework\\src\\Illuminate\\Database\\Query\\Builder.php(2913): Illuminate\\Database\\Connection->select('select count(*)...', Array, true)
#3 C:\\Users\\CENGE\\Desktop\\thesis\\backend\\vendor\\laravel\\framework\\src\\Illuminate\\Database\\Query\\Builder.php(2902): Illuminate\\Database\\Query\\Builder->runSelect()
#4 C:\\Users\\CENGE\\Desktop\\thesis\\backend\\vendor\\laravel\\framework\\src\\Illuminate\\Database\\Query\\Builder.php(3456): Illuminate\\Database\\Query\\Builder->Illuminate\\Database\\Query\\{closure}()
#5 C:\\Users\\CENGE\\Desktop\\thesis\\backend\\vendor\\laravel\\framework\\src\\Illuminate\\Database\\Query\\Builder.php(2901): Illuminate\\Database\\Query\\Builder->onceWithColumns(Array, Object(Closure))
#6 C:\\Users\\CENGE\\Desktop\\thesis\\backend\\vendor\\laravel\\framework\\src\\Illuminate\\Database\\Query\\Builder.php(3066): Illuminate\\Database\\Query\\Builder->get()
#7 C:\\Users\\CENGE\\Desktop\\thesis\\backend\\vendor\\laravel\\framework\\src\\Illuminate\\Database\\Query\\Builder.php(3025): Illuminate\\Database\\Query\\Builder->runPaginationCountQuery(Array)
#8 C:\\Users\\CENGE\\Desktop\\thesis\\backend\\vendor\\laravel\\framework\\src\\Illuminate\\Database\\Eloquent\\Builder.php(923): Illuminate\\Database\\Query\\Builder->getCountForPagination()
#9 C:\\Users\\CENGE\\Desktop\\thesis\\backend\\app\\Http\\Controllers\\StudentController.php(22): Illuminate\\Database\\Eloquent\\Builder->paginate(10)
#10 C:\\Users\\CENGE\\Desktop\\thesis\\backend\\vendor\\laravel\\framework\\src\\Illuminate\\Routing\\Controller.php(54): App\\Http\\Controllers\\StudentController->index(Object(Illuminate\\Http\\Request))
#11 C:\\Users\\CENGE\\Desktop\\thesis\\backend\\vendor\\laravel\\framework\\src\\Illuminate\\Routing\\ControllerDispatcher.php(43): Illuminate\\Routing\\Controller->callAction('index', Array)
#12 C:\\Users\\CENGE\\Desktop\\thesis\\backend\\vendor\\laravel\\framework\\src\\Illuminate\\Routing\\Route.php(259): Illuminate\\Routing\\ControllerDispatcher->dispatch(Object(Illuminate\\Routing\\Route), Object(App\\Http\\Controllers\\StudentController), 'index')
#13 C:\\Users\\CENGE\\Desktop\\thesis\\backend\\vendor\\laravel\\framework\\src\\Illuminate\\Routing\\Route.php(205): Illuminate\\Routing\\Route->runController()
#14 C:\\Users\\CENGE\\Desktop\\thesis\\backend\\vendor\\laravel\\framework\\src\\Illuminate\\Routing\\Router.php(806): Illuminate\\Routing\\Route->run()
#15 C:\\Users\\CENGE\\Desktop\\thesis\\backend\\vendor\\laravel\\framework\\src\\Illuminate\\Pipeline\\Pipeline.php(144): Illuminate\\Routing\\Router->Illuminate\\Routing\\{closure}(Object(Illuminate\\Http\\Request))
#16 C:\\Users\\CENGE\\Desktop\\thesis\\backend\\vendor\\laravel\\framework\\src\\Illuminate\\Routing\\Middleware\\SubstituteBindings.php(50): Illuminate\\Pipeline\\Pipeline->Illuminate\\Pipeline\\{closure}(Object(Illuminate\\Http\\Request))
#17 C:\\Users\\CENGE\\Desktop\\thesis\\backend\\vendor\\laravel\\framework\\src\\Illuminate\\Pipeline\\Pipeline.php(183): Illuminate\\Routing\\Middleware\\SubstituteBindings->handle(Object(Illuminate\\Http\\Request), Object(Closure))
#18 C:\\Users\\CENGE\\Desktop\\thesis\\backend\\vendor\\laravel\\framework\\src\\Illuminate\\Routing\\Middleware\\ThrottleRequests.php(159): Illuminate\\Pipeline\\Pipeline->Illuminate\\Pipeline\\{closure}(Object(Illuminate\\Http\\Request))
#19 C:\\Users\\CENGE\\Desktop\\thesis\\backend\\vendor\\laravel\\framework\\src\\Illuminate\\Routing\\Middleware\\ThrottleRequests.php(125): Illuminate\\Routing\\Middleware\\ThrottleRequests->handleRequest(Object(Illuminate\\Http\\Request), Object(Closure), Array)
#20 C:\\Users\\CENGE\\Desktop\\thesis\\backend\\vendor\\laravel\\framework\\src\\Illuminate\\Routing\\Middleware\\ThrottleRequests.php(87): Illuminate\\Routing\\Middleware\\ThrottleRequests->handleRequestUsingNamedLimiter(Object(Illuminate\\Http\\Request), Object(Closure), 'api', Object(Closure))
#21 C:\\Users\\CENGE\\Desktop\\thesis\\backend\\vendor\\laravel\\framework\\src\\Illuminate\\Pipeline\\Pipeline.php(183): Illuminate\\Routing\\Middleware\\ThrottleRequests->handle(Object(Illuminate\\Http\\Request), Object(Closure), 'api')
#22 C:\\Users\\CENGE\\Desktop\\thesis\\backend\\vendor\\laravel\\framework\\src\\Illuminate\\Pipeline\\Pipeline.php(119): Illuminate\\Pipeline\\Pipeline->Illuminate\\Pipeline\\{closure}(Object(Illuminate\\Http\\Request))
#23 C:\\Users\\CENGE\\Desktop\\thesis\\backend\\vendor\\laravel\\framework\\src\\Illuminate\\Routing\\Router.php(805): Illuminate\\Pipeline\\Pipeline->then(Object(Closure))
#24 C:\\Users\\CENGE\\Desktop\\thesis\\backend\\vendor\\laravel\\framework\\src\\Illuminate\\Routing\\Router.php(784): Illuminate\\Routing\\Router->runRouteWithinStack(Object(Illuminate\\Routing\\Route), Object(Illuminate\\Http\\Request))
#25 C:\\Users\\CENGE\\Desktop\\thesis\\backend\\vendor\\laravel\\framework\\src\\Illuminate\\Routing\\Router.php(748): Illuminate\\Routing\\Router->runRoute(Object(Illuminate\\Http\\Request), Object(Illuminate\\Routing\\Route))
#26 C:\\Users\\CENGE\\Desktop\\thesis\\backend\\vendor\\laravel\\framework\\src\\Illuminate\\Routing\\Router.php(737): Illuminate\\Routing\\Router->dispatchToRoute(Object(Illuminate\\Http\\Request))
#27 C:\\Users\\CENGE\\Desktop\\thesis\\backend\\vendor\\laravel\\framework\\src\\Illuminate\\Foundation\\Http\\Kernel.php(200): Illuminate\\Routing\\Router->dispatch(Object(Illuminate\\Http\\Request))
#28 C:\\Users\\CENGE\\Desktop\\thesis\\backend\\vendor\\laravel\\framework\\src\\Illuminate\\Pipeline\\Pipeline.php(144): Illuminate\\Foundation\\Http\\Kernel->Illuminate\\Foundation\\Http\\{closure}(Object(Illuminate\\Http\\Request))
#29 C:\\Users\\CENGE\\Desktop\\thesis\\backend\\vendor\\laravel\\framework\\src\\Illuminate\\Foundation\\Http\\Middleware\\TransformsRequest.php(21): Illuminate\\Pipeline\\Pipeline->Illuminate\\Pipeline\\{closure}(Object(Illuminate\\Http\\Request))
#30 C:\\Users\\CENGE\\Desktop\\thesis\\backend\\vendor\\laravel\\framework\\src\\Illuminate\\Foundation\\Http\\Middleware\\ConvertEmptyStringsToNull.php(31): Illuminate\\Foundation\\Http\\Middleware\\TransformsRequest->handle(Object(Illuminate\\Http\\Request), Object(Closure))
#31 C:\\Users\\CENGE\\Desktop\\thesis\\backend\\vendor\\laravel\\framework\\src\\Illuminate\\Pipeline\\Pipeline.php(183): Illuminate\\Foundation\\Http\\Middleware\\ConvertEmptyStringsToNull->handle(Object(Illuminate\\Http\\Request), Object(Closure))
#32 C:\\Users\\CENGE\\Desktop\\thesis\\backend\\vendor\\laravel\\framework\\src\\Illuminate\\Foundation\\Http\\Middleware\\TransformsRequest.php(21): Illuminate\\Pipeline\\Pipeline->Illuminate\\Pipeline\\{closure}(Object(Illuminate\\Http\\Request))
#33 C:\\Users\\CENGE\\Desktop\\thesis\\backend\\vendor\\laravel\\framework\\src\\Illuminate\\Foundation\\Http\\Middleware\\TrimStrings.php(40): Illuminate\\Foundation\\Http\\Middleware\\TransformsRequest->handle(Object(Illuminate\\Http\\Request), Object(Closure))
#34 C:\\Users\\CENGE\\Desktop\\thesis\\backend\\vendor\\laravel\\framework\\src\\Illuminate\\Pipeline\\Pipeline.php(183): Illuminate\\Foundation\\Http\\Middleware\\TrimStrings->handle(Object(Illuminate\\Http\\Request), Object(Closure))
#35 C:\\Users\\CENGE\\Desktop\\thesis\\backend\\vendor\\laravel\\framework\\src\\Illuminate\\Foundation\\Http\\Middleware\\ValidatePostSize.php(27): Illuminate\\Pipeline\\Pipeline->Illuminate\\Pipeline\\{closure}(Object(Illuminate\\Http\\Request))
#36 C:\\Users\\CENGE\\Desktop\\thesis\\backend\\vendor\\laravel\\framework\\src\\Illuminate\\Pipeline\\Pipeline.php(183): Illuminate\\Foundation\\Http\\Middleware\\ValidatePostSize->handle(Object(Illuminate\\Http\\Request), Object(Closure))
#37 C:\\Users\\CENGE\\Desktop\\thesis\\backend\\vendor\\laravel\\framework\\src\\Illuminate\\Foundation\\Http\\Middleware\\PreventRequestsDuringMaintenance.php(99): Illuminate\\Pipeline\\Pipeline->Illuminate\\Pipeline\\{closure}(Object(Illuminate\\Http\\Request))
#38 C:\\Users\\CENGE\\Desktop\\thesis\\backend\\vendor\\laravel\\framework\\src\\Illuminate\\Pipeline\\Pipeline.php(183): Illuminate\\Foundation\\Http\\Middleware\\PreventRequestsDuringMaintenance->handle(Object(Illuminate\\Http\\Request), Object(Closure))
#39 C:\\Users\\CENGE\\Desktop\\thesis\\backend\\vendor\\laravel\\framework\\src\\Illuminate\\Http\\Middleware\\HandleCors.php(62): Illuminate\\Pipeline\\Pipeline->Illuminate\\Pipeline\\{closure}(Object(Illuminate\\Http\\Request))
#40 C:\\Users\\CENGE\\Desktop\\thesis\\backend\\vendor\\laravel\\framework\\src\\Illuminate\\Pipeline\\Pipeline.php(183): Illuminate\\Http\\Middleware\\HandleCors->handle(Object(Illuminate\\Http\\Request), Object(Closure))
#41 C:\\Users\\CENGE\\Desktop\\thesis\\backend\\vendor\\laravel\\framework\\src\\Illuminate\\Http\\Middleware\\TrustProxies.php(39): Illuminate\\Pipeline\\Pipeline->Illuminate\\Pipeline\\{closure}(Object(Illuminate\\Http\\Request))
#42 C:\\Users\\CENGE\\Desktop\\thesis\\backend\\vendor\\laravel\\framework\\src\\Illuminate\\Pipeline\\Pipeline.php(183): Illuminate\\Http\\Middleware\\TrustProxies->handle(Object(Illuminate\\Http\\Request), Object(Closure))
#43 C:\\Users\\CENGE\\Desktop\\thesis\\backend\\vendor\\laravel\\framework\\src\\Illuminate\\Pipeline\\Pipeline.php(119): Illuminate\\Pipeline\\Pipeline->Illuminate\\Pipeline\\{closure}(Object(Illuminate\\Http\\Request))
#44 C:\\Users\\CENGE\\Desktop\\thesis\\backend\\vendor\\laravel\\framework\\src\\Illuminate\\Foundation\\Http\\Kernel.php(175): Illuminate\\Pipeline\\Pipeline->then(Object(Closure))
#45 C:\\Users\\CENGE\\Desktop\\thesis\\backend\\vendor\\laravel\\framework\\src\\Illuminate\\Foundation\\Http\\Kernel.php(144): Illuminate\\Foundation\\Http\\Kernel->sendRequestThroughRouter(Object(Illuminate\\Http\\Request))
#46 C:\\Users\\CENGE\\Desktop\\thesis\\backend\\public\\index.php(51): Illuminate\\Foundation\\Http\\Kernel->handle(Object(Illuminate\\Http\\Request))
#47 C:\\Users\\CENGE\\Desktop\\thesis\\backend\\vendor\\laravel\\framework\\src\\Illuminate\\Foundation\\resources\\server.php(16): require_once('C:\\\\Users\\\\CENGE\\\\...')
#48 {main}

[previous exception] [object] (PDOException(code: 1049): SQLSTATE[HY000] [1049] Unknown database 'student_evaluation' at C:\\Users\\CENGE\\Desktop\\thesis\\backend\\vendor\\laravel\\framework\\src\\Illuminate\\Database\\Connectors\\Connector.php:65)
[stacktrace]
#0 C:\\Users\\CENGE\\Desktop\\thesis\\backend\\vendor\\laravel\\framework\\src\\Illuminate\\Database\\Connectors\\Connector.php(65): PDO->__construct('mysql:host=127....', 'root', Object(SensitiveParameterValue), Array)
#1 C:\\Users\\CENGE\\Desktop\\thesis\\backend\\vendor\\laravel\\framework\\src\\Illuminate\\Database\\Connectors\\Connector.php(44): Illuminate\\Database\\Connectors\\Connector->createPdoConnection('mysql:host=127....', 'root', '', Array)
#2 C:\\Users\\CENGE\\Desktop\\thesis\\backend\\vendor\\laravel\\framework\\src\\Illuminate\\Database\\Connectors\\MySqlConnector.php(24): Illuminate\\Database\\Connectors\\Connector->createConnection('mysql:host=127....', Array, Array)
#3 C:\\Users\\CENGE\\Desktop\\thesis\\backend\\vendor\\laravel\\framework\\src\\Illuminate\\Database\\Connectors\\ConnectionFactory.php(184): Illuminate\\Database\\Connectors\\MySqlConnector->connect(Array)
#4 [internal function]: Illuminate\\Database\\Connectors\\ConnectionFactory->Illuminate\\Database\\Connectors\\{closure}()
#5 C:\\Users\\CENGE\\Desktop\\thesis\\backend\\vendor\\laravel\\framework\\src\\Illuminate\\Database\\Connection.php(1339): call_user_func(Object(Closure))
#6 C:\\Users\\CENGE\\Desktop\\thesis\\backend\\vendor\\laravel\\framework\\src\\Illuminate\\Database\\Connection.php(1375): Illuminate\\Database\\Connection->getPdo()
#7 C:\\Users\\CENGE\\Desktop\\thesis\\backend\\vendor\\laravel\\framework\\src\\Illuminate\\Database\\Connection.php(528): Illuminate\\Database\\Connection->getReadPdo()
#8 C:\\Users\\CENGE\\Desktop\\thesis\\backend\\vendor\\laravel\\framework\\src\\Illuminate\\Database\\Connection.php(423): Illuminate\\Database\\Connection->getPdoForSelect(true)
#9 C:\\Users\\CENGE\\Desktop\\thesis\\backend\\vendor\\laravel\\framework\\src\\Illuminate\\Database\\Connection.php(816): Illuminate\\Database\\Connection->Illuminate\\Database\\{closure}('select count(*)...', Array)
#10 C:\\Users\\CENGE\\Desktop\\thesis\\backend\\vendor\\laravel\\framework\\src\\Illuminate\\Database\\Connection.php(783): Illuminate\\Database\\Connection->runQueryCallback('select count(*)...', Array, Object(Closure))
#11 C:\\Users\\CENGE\\Desktop\\thesis\\backend\\vendor\\laravel\\framework\\src\\Illuminate\\Database\\Connection.php(414): Illuminate\\Database\\Connection->run('select count(*)...', Array, Object(Closure))
#12 C:\\Users\\CENGE\\Desktop\\thesis\\backend\\vendor\\laravel\\framework\\src\\Illuminate\\Database\\Query\\Builder.php(2913): Illuminate\\Database\\Connection->select('select count(*)...', Array, true)
#13 C:\\Users\\CENGE\\Desktop\\thesis\\backend\\vendor\\laravel\\framework\\src\\Illuminate\\Database\\Query\\Builder.php(2902): Illuminate\\Database\\Query\\Builder->runSelect()
#14 C:\\Users\\CENGE\\Desktop\\thesis\\backend\\vendor\\laravel\\framework\\src\\Illuminate\\Database\\Query\\Builder.php(3456): Illuminate\\Database\\Query\\Builder->Illuminate\\Database\\Query\\{closure}()
#15 C:\\Users\\CENGE\\Desktop\\thesis\\backend\\vendor\\laravel\\framework\\src\\Illuminate\\Database\\Query\\Builder.php(2901): Illuminate\\Database\\Query\\Builder->onceWithColumns(Array, Object(Closure))
#16 C:\\Users\\CENGE\\Desktop\\thesis\\backend\\vendor\\laravel\\framework\\src\\Illuminate\\Database\\Query\\Builder.php(3066): Illuminate\\Database\\Query\\Builder->get()
#17 C:\\Users\\CENGE\\Desktop\\thesis\\backend\\vendor\\laravel\\framework\\src\\Illuminate\\Database\\Query\\Builder.php(3025): Illuminate\\Database\\Query\\Builder->runPaginationCountQuery(Array)
#18 C:\\Users\\CENGE\\Desktop\\thesis\\backend\\vendor\\laravel\\framework\\src\\Illuminate\\Database\\Eloquent\\Builder.php(923): Illuminate\\Database\\Query\\Builder->getCountForPagination()
#19 C:\\Users\\CENGE\\Desktop\\thesis\\backend\\app\\Http\\Controllers\\StudentController.php(22): Illuminate\\Database\\Eloquent\\Builder->paginate(10)
#20 C:\\Users\\CENGE\\Desktop\\thesis\\backend\\vendor\\laravel\\framework\\src\\Illuminate\\Routing\\Controller.php(54): App\\Http\\Controllers\\StudentController->index(Object(Illuminate\\Http\\Request))
#21 C:\\Users\\CENGE\\Desktop\\thesis\\backend\\vendor\\laravel\\framework\\src\\Illuminate\\Routing\\ControllerDispatcher.php(43): Illuminate\\Routing\\Controller->callAction('index', Array)
#22 C:\\Users\\CENGE\\Desktop\\thesis\\backend\\vendor\\laravel\\framework\\src\\Illuminate\\Routing\\Route.php(259): Illuminate\\Routing\\ControllerDispatcher->dispatch(Object(Illuminate\\Routing\\Route), Object(App\\Http\\Controllers\\StudentController), 'index')
#23 C:\\Users\\CENGE\\Desktop\\thesis\\backend\\vendor\\laravel\\framework\\src\\Illuminate\\Routing\\Route.php(205): Illuminate\\Routing\\Route->runController()
#24 C:\\Users\\CENGE\\Desktop\\thesis\\backend\\vendor\\laravel\\framework\\src\\Illuminate\\Routing\\Router.php(806): Illuminate\\Routing\\Route->run()
#25 C:\\Users\\CENGE\\Desktop\\thesis\\backend\\vendor\\laravel\\framework\\src\\Illuminate\\Pipeline\\Pipeline.php(144): Illuminate\\Routing\\Router->Illuminate\\Routing\\{closure}(Object(Illuminate\\Http\\Request))
#26 C:\\Users\\CENGE\\Desktop\\thesis\\backend\\vendor\\laravel\\framework\\src\\Illuminate\\Routing\\Middleware\\SubstituteBindings.php(50): Illuminate\\Pipeline\\Pipeline->Illuminate\\Pipeline\\{closure}(Object(Illuminate\\Http\\Request))
#27 C:\\Users\\CENGE\\Desktop\\thesis\\backend\\vendor\\laravel\\framework\\src\\Illuminate\\Pipeline\\Pipeline.php(183): Illuminate\\Routing\\Middleware\\SubstituteBindings->handle(Object(Illuminate\\Http\\Request), Object(Closure))
#28 C:\\Users\\CENGE\\Desktop\\thesis\\backend\\vendor\\laravel\\framework\\src\\Illuminate\\Routing\\Middleware\\ThrottleRequests.php(159): Illuminate\\Pipeline\\Pipeline->Illuminate\\Pipeline\\{closure}(Object(Illuminate\\Http\\Request))
#29 C:\\Users\\CENGE\\Desktop\\thesis\\backend\\vendor\\laravel\\framework\\src\\Illuminate\\Routing\\Middleware\\ThrottleRequests.php(125): Illuminate\\Routing\\Middleware\\ThrottleRequests->handleRequest(Object(Illuminate\\Http\\Request), Object(Closure), Array)
#30 C:\\Users\\CENGE\\Desktop\\thesis\\backend\\vendor\\laravel\\framework\\src\\Illuminate\\Routing\\Middleware\\ThrottleRequests.php(87): Illuminate\\Routing\\Middleware\\ThrottleRequests->handleRequestUsingNamedLimiter(Object(Illuminate\\Http\\Request), Object(Closure), 'api', Object(Closure))
#31 C:\\Users\\CENGE\\Desktop\\thesis\\backend\\vendor\\laravel\\framework\\src\\Illuminate\\Pipeline\\Pipeline.php(183): Illuminate\\Routing\\Middleware\\ThrottleRequests->handle(Object(Illuminate\\Http\\Request), Object(Closure), 'api')
#32 C:\\Users\\CENGE\\Desktop\\thesis\\backend\\vendor\\laravel\\framework\\src\\Illuminate\\Pipeline\\Pipeline.php(119): Illuminate\\Pipeline\\Pipeline->Illuminate\\Pipeline\\{closure}(Object(Illuminate\\Http\\Request))
#33 C:\\Users\\CENGE\\Desktop\\thesis\\backend\\vendor\\laravel\\framework\\src\\Illuminate\\Routing\\Router.php(805): Illuminate\\Pipeline\\Pipeline->then(Object(Closure))
#34 C:\\Users\\CENGE\\Desktop\\thesis\\backend\\vendor\\laravel\\framework\\src\\Illuminate\\Routing\\Router.php(784): Illuminate\\Routing\\Router->runRouteWithinStack(Object(Illuminate\\Routing\\Route), Object(Illuminate\\Http\\Request))
#35 C:\\Users\\CENGE\\Desktop\\thesis\\backend\\vendor\\laravel\\framework\\src\\Illuminate\\Routing\\Router.php(748): Illuminate\\Routing\\Router->runRoute(Object(Illuminate\\Http\\Request), Object(Illuminate\\Routing\\Route))
#36 C:\\Users\\CENGE\\Desktop\\thesis\\backend\\vendor\\laravel\\framework\\src\\Illuminate\\Routing\\Router.php(737): Illuminate\\Routing\\Router->dispatchToRoute(Object(Illuminate\\Http\\Request))
#37 C:\\Users\\CENGE\\Desktop\\thesis\\backend\\vendor\\laravel\\framework\\src\\Illuminate\\Foundation\\Http\\Kernel.php(200): Illuminate\\Routing\\Router->dispatch(Object(Illuminate\\Http\\Request))
#38 C:\\Users\\CENGE\\Desktop\\thesis\\backend\\vendor\\laravel\\framework\\src\\Illuminate\\Pipeline\\Pipeline.php(144): Illuminate\\Foundation\\Http\\Kernel->Illuminate\\Foundation\\Http\\{closure}(Object(Illuminate\\Http\\Request))
#39 C:\\Users\\CENGE\\Desktop\\thesis\\backend\\vendor\\laravel\\framework\\src\\Illuminate\\Foundation\\Http\\Middleware\\TransformsRequest.php(21): Illuminate\\Pipeline\\Pipeline->Illuminate\\Pipeline\\{closure}(Object(Illuminate\\Http\\Request))
#40 C:\\Users\\CENGE\\Desktop\\thesis\\backend\\vendor\\laravel\\framework\\src\\Illuminate\\Foundation\\Http\\Middleware\\ConvertEmptyStringsToNull.php(31): Illuminate\\Foundation\\Http\\Middleware\\TransformsRequest->handle(Object(Illuminate\\Http\\Request), Object(Closure))
#41 C:\\Users\\CENGE\\Desktop\\thesis\\backend\\vendor\\laravel\\framework\\src\\Illuminate\\Pipeline\\Pipeline.php(183): Illuminate\\Foundation\\Http\\Middleware\\ConvertEmptyStringsToNull->handle(Object(Illuminate\\Http\\Request), Object(Closure))
#42 C:\\Users\\CENGE\\Desktop\\thesis\\backend\\vendor\\laravel\\framework\\src\\Illuminate\\Foundation\\Http\\Middleware\\TransformsRequest.php(21): Illuminate\\Pipeline\\Pipeline->Illuminate\\Pipeline\\{closure}(Object(Illuminate\\Http\\Request))
#43 C:\\Users\\CENGE\\Desktop\\thesis\\backend\\vendor\\laravel\\framework\\src\\Illuminate\\Foundation\\Http\\Middleware\\TrimStrings.php(40): Illuminate\\Foundation\\Http\\Middleware\\TransformsRequest->handle(Object(Illuminate\\Http\\Request), Object(Closure))
#44 C:\\Users\\CENGE\\Desktop\\thesis\\backend\\vendor\\laravel\\framework\\src\\Illuminate\\Pipeline\\Pipeline.php(183): Illuminate\\Foundation\\Http\\Middleware\\TrimStrings->handle(Object(Illuminate\\Http\\Request), Object(Closure))
#45 C:\\Users\\CENGE\\Desktop\\thesis\\backend\\vendor\\laravel\\framework\\src\\Illuminate\\Foundation\\Http\\Middleware\\ValidatePostSize.php(27): Illuminate\\Pipeline\\Pipeline->Illuminate\\Pipeline\\{closure}(Object(Illuminate\\Http\\Request))
#46 C:\\Users\\CENGE\\Desktop\\thesis\\backend\\vendor\\laravel\\framework\\src\\Illuminate\\Pipeline\\Pipeline.php(183): Illuminate\\Foundation\\Http\\Middleware\\ValidatePostSize->handle(Object(Illuminate\\Http\\Request), Object(Closure))
#47 C:\\Users\\CENGE\\Desktop\\thesis\\backend\\vendor\\laravel\\framework\\src\\Illuminate\\Foundation\\Http\\Middleware\\PreventRequestsDuringMaintenance.php(99): Illuminate\\Pipeline\\Pipeline->Illuminate\\Pipeline\\{closure}(Object(Illuminate\\Http\\Request))
#48 C:\\Users\\CENGE\\Desktop\\thesis\\backend\\vendor\\laravel\\framework\\src\\Illuminate\\Pipeline\\Pipeline.php(183): Illuminate\\Foundation\\Http\\Middleware\\PreventRequestsDuringMaintenance->handle(Object(Illuminate\\Http\\Request), Object(Closure))
#49 C:\\Users\\CENGE\\Desktop\\thesis\\backend\\vendor\\laravel\\framework\\src\\Illuminate\\Http\\Middleware\\HandleCors.php(62): Illuminate\\Pipeline\\Pipeline->Illuminate\\Pipeline\\{closure}(Object(Illuminate\\Http\\Request))
#50 C:\\Users\\CENGE\\Desktop\\thesis\\backend\\vendor\\laravel\\framework\\src\\Illuminate\\Pipeline\\Pipeline.php(183): Illuminate\\Http\\Middleware\\HandleCors->handle(Object(Illuminate\\Http\\Request), Object(Closure))
#51 C:\\Users\\CENGE\\Desktop\\thesis\\backend\\vendor\\laravel\\framework\\src\\Illuminate\\Http\\Middleware\\TrustProxies.php(39): Illuminate\\Pipeline\\Pipeline->Illuminate\\Pipeline\\{closure}(Object(Illuminate\\Http\\Request))
#52 C:\\Users\\CENGE\\Desktop\\thesis\\backend\\vendor\\laravel\\framework\\src\\Illuminate\\Pipeline\\Pipeline.php(183): Illuminate\\Http\\Middleware\\TrustProxies->handle(Object(Illuminate\\Http\\Request), Object(Closure))
#53 C:\\Users\\CENGE\\Desktop\\thesis\\backend\\vendor\\laravel\\framework\\src\\Illuminate\\Pipeline\\Pipeline.php(119): Illuminate\\Pipeline\\Pipeline->Illuminate\\Pipeline\\{closure}(Object(Illuminate\\Http\\Request))
#54 C:\\Users\\CENGE\\Desktop\\thesis\\backend\\vendor\\laravel\\framework\\src\\Illuminate\\Foundation\\Http\\Kernel.php(175): Illuminate\\Pipeline\\Pipeline->then(Object(Closure))
#55 C:\\Users\\CENGE\\Desktop\\thesis\\backend\\vendor\\laravel\\framework\\src\\Illuminate\\Foundation\\Http\\Kernel.php(144): Illuminate\\Foundation\\Http\\Kernel->sendRequestThroughRouter(Object(Illuminate\\Http\\Request))
#56 C:\\Users\\CENGE\\Desktop\\thesis\\backend\\public\\index.php(51): Illuminate\\Foundation\\Http\\Kernel->handle(Object(Illuminate\\Http\\Request))
#57 C:\\Users\\CENGE\\Desktop\\thesis\\backend\\vendor\\laravel\\framework\\src\\Illuminate\\Foundation\\resources\\server.php(16): require_once('C:\\\\Users\\\\CENGE\\\\...')
#58 {main}
"} 
[2025-02-04 16:24:10] local.ERROR: SQLSTATE[HY000] [1049] Unknown database 'student_evaluation' (Connection: mysql, SQL: select count(*) as aggregate from `students` where `student_id` like %% or `first_name` like %% or `last_name` like %%) {"exception":"[object] (Illuminate\\Database\\QueryException(code: 1049): SQLSTATE[HY000] [1049] Unknown database 'student_evaluation' (Connection: mysql, SQL: select count(*) as aggregate from `students` where `student_id` like %% or `first_name` like %% or `last_name` like %%) at C:\\Users\\CENGE\\Desktop\\thesis\\backend\\vendor\\laravel\\framework\\src\\Illuminate\\Database\\Connection.php:829)
[stacktrace]
#0 C:\\Users\\CENGE\\Desktop\\thesis\\backend\\vendor\\laravel\\framework\\src\\Illuminate\\Database\\Connection.php(783): Illuminate\\Database\\Connection->runQueryCallback('select count(*)...', Array, Object(Closure))
#1 C:\\Users\\CENGE\\Desktop\\thesis\\backend\\vendor\\laravel\\framework\\src\\Illuminate\\Database\\Connection.php(414): Illuminate\\Database\\Connection->run('select count(*)...', Array, Object(Closure))
#2 C:\\Users\\CENGE\\Desktop\\thesis\\backend\\vendor\\laravel\\framework\\src\\Illuminate\\Database\\Query\\Builder.php(2913): Illuminate\\Database\\Connection->select('select count(*)...', Array, true)
#3 C:\\Users\\CENGE\\Desktop\\thesis\\backend\\vendor\\laravel\\framework\\src\\Illuminate\\Database\\Query\\Builder.php(2902): Illuminate\\Database\\Query\\Builder->runSelect()
#4 C:\\Users\\CENGE\\Desktop\\thesis\\backend\\vendor\\laravel\\framework\\src\\Illuminate\\Database\\Query\\Builder.php(3456): Illuminate\\Database\\Query\\Builder->Illuminate\\Database\\Query\\{closure}()
#5 C:\\Users\\CENGE\\Desktop\\thesis\\backend\\vendor\\laravel\\framework\\src\\Illuminate\\Database\\Query\\Builder.php(2901): Illuminate\\Database\\Query\\Builder->onceWithColumns(Array, Object(Closure))
#6 C:\\Users\\CENGE\\Desktop\\thesis\\backend\\vendor\\laravel\\framework\\src\\Illuminate\\Database\\Query\\Builder.php(3066): Illuminate\\Database\\Query\\Builder->get()
#7 C:\\Users\\CENGE\\Desktop\\thesis\\backend\\vendor\\laravel\\framework\\src\\Illuminate\\Database\\Query\\Builder.php(3025): Illuminate\\Database\\Query\\Builder->runPaginationCountQuery(Array)
#8 C:\\Users\\CENGE\\Desktop\\thesis\\backend\\vendor\\laravel\\framework\\src\\Illuminate\\Database\\Eloquent\\Builder.php(923): Illuminate\\Database\\Query\\Builder->getCountForPagination()
#9 C:\\Users\\CENGE\\Desktop\\thesis\\backend\\app\\Http\\Controllers\\StudentController.php(22): Illuminate\\Database\\Eloquent\\Builder->paginate(10)
#10 C:\\Users\\CENGE\\Desktop\\thesis\\backend\\vendor\\laravel\\framework\\src\\Illuminate\\Routing\\Controller.php(54): App\\Http\\Controllers\\StudentController->index(Object(Illuminate\\Http\\Request))
#11 C:\\Users\\CENGE\\Desktop\\thesis\\backend\\vendor\\laravel\\framework\\src\\Illuminate\\Routing\\ControllerDispatcher.php(43): Illuminate\\Routing\\Controller->callAction('index', Array)
#12 C:\\Users\\CENGE\\Desktop\\thesis\\backend\\vendor\\laravel\\framework\\src\\Illuminate\\Routing\\Route.php(259): Illuminate\\Routing\\ControllerDispatcher->dispatch(Object(Illuminate\\Routing\\Route), Object(App\\Http\\Controllers\\StudentController), 'index')
#13 C:\\Users\\CENGE\\Desktop\\thesis\\backend\\vendor\\laravel\\framework\\src\\Illuminate\\Routing\\Route.php(205): Illuminate\\Routing\\Route->runController()
#14 C:\\Users\\CENGE\\Desktop\\thesis\\backend\\vendor\\laravel\\framework\\src\\Illuminate\\Routing\\Router.php(806): Illuminate\\Routing\\Route->run()
#15 C:\\Users\\CENGE\\Desktop\\thesis\\backend\\vendor\\laravel\\framework\\src\\Illuminate\\Pipeline\\Pipeline.php(144): Illuminate\\Routing\\Router->Illuminate\\Routing\\{closure}(Object(Illuminate\\Http\\Request))
#16 C:\\Users\\CENGE\\Desktop\\thesis\\backend\\vendor\\laravel\\framework\\src\\Illuminate\\Routing\\Middleware\\SubstituteBindings.php(50): Illuminate\\Pipeline\\Pipeline->Illuminate\\Pipeline\\{closure}(Object(Illuminate\\Http\\Request))
#17 C:\\Users\\CENGE\\Desktop\\thesis\\backend\\vendor\\laravel\\framework\\src\\Illuminate\\Pipeline\\Pipeline.php(183): Illuminate\\Routing\\Middleware\\SubstituteBindings->handle(Object(Illuminate\\Http\\Request), Object(Closure))
#18 C:\\Users\\CENGE\\Desktop\\thesis\\backend\\vendor\\laravel\\framework\\src\\Illuminate\\Routing\\Middleware\\ThrottleRequests.php(159): Illuminate\\Pipeline\\Pipeline->Illuminate\\Pipeline\\{closure}(Object(Illuminate\\Http\\Request))
#19 C:\\Users\\CENGE\\Desktop\\thesis\\backend\\vendor\\laravel\\framework\\src\\Illuminate\\Routing\\Middleware\\ThrottleRequests.php(125): Illuminate\\Routing\\Middleware\\ThrottleRequests->handleRequest(Object(Illuminate\\Http\\Request), Object(Closure), Array)
#20 C:\\Users\\CENGE\\Desktop\\thesis\\backend\\vendor\\laravel\\framework\\src\\Illuminate\\Routing\\Middleware\\ThrottleRequests.php(87): Illuminate\\Routing\\Middleware\\ThrottleRequests->handleRequestUsingNamedLimiter(Object(Illuminate\\Http\\Request), Object(Closure), 'api', Object(Closure))
#21 C:\\Users\\CENGE\\Desktop\\thesis\\backend\\vendor\\laravel\\framework\\src\\Illuminate\\Pipeline\\Pipeline.php(183): Illuminate\\Routing\\Middleware\\ThrottleRequests->handle(Object(Illuminate\\Http\\Request), Object(Closure), 'api')
#22 C:\\Users\\CENGE\\Desktop\\thesis\\backend\\vendor\\laravel\\framework\\src\\Illuminate\\Pipeline\\Pipeline.php(119): Illuminate\\Pipeline\\Pipeline->Illuminate\\Pipeline\\{closure}(Object(Illuminate\\Http\\Request))
#23 C:\\Users\\CENGE\\Desktop\\thesis\\backend\\vendor\\laravel\\framework\\src\\Illuminate\\Routing\\Router.php(805): Illuminate\\Pipeline\\Pipeline->then(Object(Closure))
#24 C:\\Users\\CENGE\\Desktop\\thesis\\backend\\vendor\\laravel\\framework\\src\\Illuminate\\Routing\\Router.php(784): Illuminate\\Routing\\Router->runRouteWithinStack(Object(Illuminate\\Routing\\Route), Object(Illuminate\\Http\\Request))
#25 C:\\Users\\CENGE\\Desktop\\thesis\\backend\\vendor\\laravel\\framework\\src\\Illuminate\\Routing\\Router.php(748): Illuminate\\Routing\\Router->runRoute(Object(Illuminate\\Http\\Request), Object(Illuminate\\Routing\\Route))
#26 C:\\Users\\CENGE\\Desktop\\thesis\\backend\\vendor\\laravel\\framework\\src\\Illuminate\\Routing\\Router.php(737): Illuminate\\Routing\\Router->dispatchToRoute(Object(Illuminate\\Http\\Request))
#27 C:\\Users\\CENGE\\Desktop\\thesis\\backend\\vendor\\laravel\\framework\\src\\Illuminate\\Foundation\\Http\\Kernel.php(200): Illuminate\\Routing\\Router->dispatch(Object(Illuminate\\Http\\Request))
#28 C:\\Users\\CENGE\\Desktop\\thesis\\backend\\vendor\\laravel\\framework\\src\\Illuminate\\Pipeline\\Pipeline.php(144): Illuminate\\Foundation\\Http\\Kernel->Illuminate\\Foundation\\Http\\{closure}(Object(Illuminate\\Http\\Request))
#29 C:\\Users\\CENGE\\Desktop\\thesis\\backend\\vendor\\laravel\\framework\\src\\Illuminate\\Foundation\\Http\\Middleware\\TransformsRequest.php(21): Illuminate\\Pipeline\\Pipeline->Illuminate\\Pipeline\\{closure}(Object(Illuminate\\Http\\Request))
#30 C:\\Users\\CENGE\\Desktop\\thesis\\backend\\vendor\\laravel\\framework\\src\\Illuminate\\Foundation\\Http\\Middleware\\ConvertEmptyStringsToNull.php(31): Illuminate\\Foundation\\Http\\Middleware\\TransformsRequest->handle(Object(Illuminate\\Http\\Request), Object(Closure))
#31 C:\\Users\\CENGE\\Desktop\\thesis\\backend\\vendor\\laravel\\framework\\src\\Illuminate\\Pipeline\\Pipeline.php(183): Illuminate\\Foundation\\Http\\Middleware\\ConvertEmptyStringsToNull->handle(Object(Illuminate\\Http\\Request), Object(Closure))
#32 C:\\Users\\CENGE\\Desktop\\thesis\\backend\\vendor\\laravel\\framework\\src\\Illuminate\\Foundation\\Http\\Middleware\\TransformsRequest.php(21): Illuminate\\Pipeline\\Pipeline->Illuminate\\Pipeline\\{closure}(Object(Illuminate\\Http\\Request))
#33 C:\\Users\\CENGE\\Desktop\\thesis\\backend\\vendor\\laravel\\framework\\src\\Illuminate\\Foundation\\Http\\Middleware\\TrimStrings.php(40): Illuminate\\Foundation\\Http\\Middleware\\TransformsRequest->handle(Object(Illuminate\\Http\\Request), Object(Closure))
#34 C:\\Users\\CENGE\\Desktop\\thesis\\backend\\vendor\\laravel\\framework\\src\\Illuminate\\Pipeline\\Pipeline.php(183): Illuminate\\Foundation\\Http\\Middleware\\TrimStrings->handle(Object(Illuminate\\Http\\Request), Object(Closure))
#35 C:\\Users\\CENGE\\Desktop\\thesis\\backend\\vendor\\laravel\\framework\\src\\Illuminate\\Foundation\\Http\\Middleware\\ValidatePostSize.php(27): Illuminate\\Pipeline\\Pipeline->Illuminate\\Pipeline\\{closure}(Object(Illuminate\\Http\\Request))
#36 C:\\Users\\CENGE\\Desktop\\thesis\\backend\\vendor\\laravel\\framework\\src\\Illuminate\\Pipeline\\Pipeline.php(183): Illuminate\\Foundation\\Http\\Middleware\\ValidatePostSize->handle(Object(Illuminate\\Http\\Request), Object(Closure))
#37 C:\\Users\\CENGE\\Desktop\\thesis\\backend\\vendor\\laravel\\framework\\src\\Illuminate\\Foundation\\Http\\Middleware\\PreventRequestsDuringMaintenance.php(99): Illuminate\\Pipeline\\Pipeline->Illuminate\\Pipeline\\{closure}(Object(Illuminate\\Http\\Request))
#38 C:\\Users\\CENGE\\Desktop\\thesis\\backend\\vendor\\laravel\\framework\\src\\Illuminate\\Pipeline\\Pipeline.php(183): Illuminate\\Foundation\\Http\\Middleware\\PreventRequestsDuringMaintenance->handle(Object(Illuminate\\Http\\Request), Object(Closure))
#39 C:\\Users\\CENGE\\Desktop\\thesis\\backend\\vendor\\laravel\\framework\\src\\Illuminate\\Http\\Middleware\\HandleCors.php(62): Illuminate\\Pipeline\\Pipeline->Illuminate\\Pipeline\\{closure}(Object(Illuminate\\Http\\Request))
#40 C:\\Users\\CENGE\\Desktop\\thesis\\backend\\vendor\\laravel\\framework\\src\\Illuminate\\Pipeline\\Pipeline.php(183): Illuminate\\Http\\Middleware\\HandleCors->handle(Object(Illuminate\\Http\\Request), Object(Closure))
#41 C:\\Users\\CENGE\\Desktop\\thesis\\backend\\vendor\\laravel\\framework\\src\\Illuminate\\Http\\Middleware\\TrustProxies.php(39): Illuminate\\Pipeline\\Pipeline->Illuminate\\Pipeline\\{closure}(Object(Illuminate\\Http\\Request))
#42 C:\\Users\\CENGE\\Desktop\\thesis\\backend\\vendor\\laravel\\framework\\src\\Illuminate\\Pipeline\\Pipeline.php(183): Illuminate\\Http\\Middleware\\TrustProxies->handle(Object(Illuminate\\Http\\Request), Object(Closure))
#43 C:\\Users\\CENGE\\Desktop\\thesis\\backend\\vendor\\laravel\\framework\\src\\Illuminate\\Pipeline\\Pipeline.php(119): Illuminate\\Pipeline\\Pipeline->Illuminate\\Pipeline\\{closure}(Object(Illuminate\\Http\\Request))
#44 C:\\Users\\CENGE\\Desktop\\thesis\\backend\\vendor\\laravel\\framework\\src\\Illuminate\\Foundation\\Http\\Kernel.php(175): Illuminate\\Pipeline\\Pipeline->then(Object(Closure))
#45 C:\\Users\\CENGE\\Desktop\\thesis\\backend\\vendor\\laravel\\framework\\src\\Illuminate\\Foundation\\Http\\Kernel.php(144): Illuminate\\Foundation\\Http\\Kernel->sendRequestThroughRouter(Object(Illuminate\\Http\\Request))
#46 C:\\Users\\CENGE\\Desktop\\thesis\\backend\\public\\index.php(51): Illuminate\\Foundation\\Http\\Kernel->handle(Object(Illuminate\\Http\\Request))
#47 C:\\Users\\CENGE\\Desktop\\thesis\\backend\\vendor\\laravel\\framework\\src\\Illuminate\\Foundation\\resources\\server.php(16): require_once('C:\\\\Users\\\\CENGE\\\\...')
#48 {main}

[previous exception] [object] (PDOException(code: 1049): SQLSTATE[HY000] [1049] Unknown database 'student_evaluation' at C:\\Users\\CENGE\\Desktop\\thesis\\backend\\vendor\\laravel\\framework\\src\\Illuminate\\Database\\Connectors\\Connector.php:65)
[stacktrace]
#0 C:\\Users\\CENGE\\Desktop\\thesis\\backend\\vendor\\laravel\\framework\\src\\Illuminate\\Database\\Connectors\\Connector.php(65): PDO->__construct('mysql:host=127....', 'root', Object(SensitiveParameterValue), Array)
#1 C:\\Users\\CENGE\\Desktop\\thesis\\backend\\vendor\\laravel\\framework\\src\\Illuminate\\Database\\Connectors\\Connector.php(44): Illuminate\\Database\\Connectors\\Connector->createPdoConnection('mysql:host=127....', 'root', '', Array)
#2 C:\\Users\\CENGE\\Desktop\\thesis\\backend\\vendor\\laravel\\framework\\src\\Illuminate\\Database\\Connectors\\MySqlConnector.php(24): Illuminate\\Database\\Connectors\\Connector->createConnection('mysql:host=127....', Array, Array)
#3 C:\\Users\\CENGE\\Desktop\\thesis\\backend\\vendor\\laravel\\framework\\src\\Illuminate\\Database\\Connectors\\ConnectionFactory.php(184): Illuminate\\Database\\Connectors\\MySqlConnector->connect(Array)
#4 [internal function]: Illuminate\\Database\\Connectors\\ConnectionFactory->Illuminate\\Database\\Connectors\\{closure}()
#5 C:\\Users\\CENGE\\Desktop\\thesis\\backend\\vendor\\laravel\\framework\\src\\Illuminate\\Database\\Connection.php(1339): call_user_func(Object(Closure))
#6 C:\\Users\\CENGE\\Desktop\\thesis\\backend\\vendor\\laravel\\framework\\src\\Illuminate\\Database\\Connection.php(1375): Illuminate\\Database\\Connection->getPdo()
#7 C:\\Users\\CENGE\\Desktop\\thesis\\backend\\vendor\\laravel\\framework\\src\\Illuminate\\Database\\Connection.php(528): Illuminate\\Database\\Connection->getReadPdo()
#8 C:\\Users\\CENGE\\Desktop\\thesis\\backend\\vendor\\laravel\\framework\\src\\Illuminate\\Database\\Connection.php(423): Illuminate\\Database\\Connection->getPdoForSelect(true)
#9 C:\\Users\\CENGE\\Desktop\\thesis\\backend\\vendor\\laravel\\framework\\src\\Illuminate\\Database\\Connection.php(816): Illuminate\\Database\\Connection->Illuminate\\Database\\{closure}('select count(*)...', Array)
#10 C:\\Users\\CENGE\\Desktop\\thesis\\backend\\vendor\\laravel\\framework\\src\\Illuminate\\Database\\Connection.php(783): Illuminate\\Database\\Connection->runQueryCallback('select count(*)...', Array, Object(Closure))
#11 C:\\Users\\CENGE\\Desktop\\thesis\\backend\\vendor\\laravel\\framework\\src\\Illuminate\\Database\\Connection.php(414): Illuminate\\Database\\Connection->run('select count(*)...', Array, Object(Closure))
#12 C:\\Users\\CENGE\\Desktop\\thesis\\backend\\vendor\\laravel\\framework\\src\\Illuminate\\Database\\Query\\Builder.php(2913): Illuminate\\Database\\Connection->select('select count(*)...', Array, true)
#13 C:\\Users\\CENGE\\Desktop\\thesis\\backend\\vendor\\laravel\\framework\\src\\Illuminate\\Database\\Query\\Builder.php(2902): Illuminate\\Database\\Query\\Builder->runSelect()
#14 C:\\Users\\CENGE\\Desktop\\thesis\\backend\\vendor\\laravel\\framework\\src\\Illuminate\\Database\\Query\\Builder.php(3456): Illuminate\\Database\\Query\\Builder->Illuminate\\Database\\Query\\{closure}()
#15 C:\\Users\\CENGE\\Desktop\\thesis\\backend\\vendor\\laravel\\framework\\src\\Illuminate\\Database\\Query\\Builder.php(2901): Illuminate\\Database\\Query\\Builder->onceWithColumns(Array, Object(Closure))
#16 C:\\Users\\CENGE\\Desktop\\thesis\\backend\\vendor\\laravel\\framework\\src\\Illuminate\\Database\\Query\\Builder.php(3066): Illuminate\\Database\\Query\\Builder->get()
#17 C:\\Users\\CENGE\\Desktop\\thesis\\backend\\vendor\\laravel\\framework\\src\\Illuminate\\Database\\Query\\Builder.php(3025): Illuminate\\Database\\Query\\Builder->runPaginationCountQuery(Array)
#18 C:\\Users\\CENGE\\Desktop\\thesis\\backend\\vendor\\laravel\\framework\\src\\Illuminate\\Database\\Eloquent\\Builder.php(923): Illuminate\\Database\\Query\\Builder->getCountForPagination()
#19 C:\\Users\\CENGE\\Desktop\\thesis\\backend\\app\\Http\\Controllers\\StudentController.php(22): Illuminate\\Database\\Eloquent\\Builder->paginate(10)
#20 C:\\Users\\CENGE\\Desktop\\thesis\\backend\\vendor\\laravel\\framework\\src\\Illuminate\\Routing\\Controller.php(54): App\\Http\\Controllers\\StudentController->index(Object(Illuminate\\Http\\Request))
#21 C:\\Users\\CENGE\\Desktop\\thesis\\backend\\vendor\\laravel\\framework\\src\\Illuminate\\Routing\\ControllerDispatcher.php(43): Illuminate\\Routing\\Controller->callAction('index', Array)
#22 C:\\Users\\CENGE\\Desktop\\thesis\\backend\\vendor\\laravel\\framework\\src\\Illuminate\\Routing\\Route.php(259): Illuminate\\Routing\\ControllerDispatcher->dispatch(Object(Illuminate\\Routing\\Route), Object(App\\Http\\Controllers\\StudentController), 'index')
#23 C:\\Users\\CENGE\\Desktop\\thesis\\backend\\vendor\\laravel\\framework\\src\\Illuminate\\Routing\\Route.php(205): Illuminate\\Routing\\Route->runController()
#24 C:\\Users\\CENGE\\Desktop\\thesis\\backend\\vendor\\laravel\\framework\\src\\Illuminate\\Routing\\Router.php(806): Illuminate\\Routing\\Route->run()
#25 C:\\Users\\CENGE\\Desktop\\thesis\\backend\\vendor\\laravel\\framework\\src\\Illuminate\\Pipeline\\Pipeline.php(144): Illuminate\\Routing\\Router->Illuminate\\Routing\\{closure}(Object(Illuminate\\Http\\Request))
#26 C:\\Users\\CENGE\\Desktop\\thesis\\backend\\vendor\\laravel\\framework\\src\\Illuminate\\Routing\\Middleware\\SubstituteBindings.php(50): Illuminate\\Pipeline\\Pipeline->Illuminate\\Pipeline\\{closure}(Object(Illuminate\\Http\\Request))
#27 C:\\Users\\CENGE\\Desktop\\thesis\\backend\\vendor\\laravel\\framework\\src\\Illuminate\\Pipeline\\Pipeline.php(183): Illuminate\\Routing\\Middleware\\SubstituteBindings->handle(Object(Illuminate\\Http\\Request), Object(Closure))
#28 C:\\Users\\CENGE\\Desktop\\thesis\\backend\\vendor\\laravel\\framework\\src\\Illuminate\\Routing\\Middleware\\ThrottleRequests.php(159): Illuminate\\Pipeline\\Pipeline->Illuminate\\Pipeline\\{closure}(Object(Illuminate\\Http\\Request))
#29 C:\\Users\\CENGE\\Desktop\\thesis\\backend\\vendor\\laravel\\framework\\src\\Illuminate\\Routing\\Middleware\\ThrottleRequests.php(125): Illuminate\\Routing\\Middleware\\ThrottleRequests->handleRequest(Object(Illuminate\\Http\\Request), Object(Closure), Array)
#30 C:\\Users\\CENGE\\Desktop\\thesis\\backend\\vendor\\laravel\\framework\\src\\Illuminate\\Routing\\Middleware\\ThrottleRequests.php(87): Illuminate\\Routing\\Middleware\\ThrottleRequests->handleRequestUsingNamedLimiter(Object(Illuminate\\Http\\Request), Object(Closure), 'api', Object(Closure))
#31 C:\\Users\\CENGE\\Desktop\\thesis\\backend\\vendor\\laravel\\framework\\src\\Illuminate\\Pipeline\\Pipeline.php(183): Illuminate\\Routing\\Middleware\\ThrottleRequests->handle(Object(Illuminate\\Http\\Request), Object(Closure), 'api')
#32 C:\\Users\\CENGE\\Desktop\\thesis\\backend\\vendor\\laravel\\framework\\src\\Illuminate\\Pipeline\\Pipeline.php(119): Illuminate\\Pipeline\\Pipeline->Illuminate\\Pipeline\\{closure}(Object(Illuminate\\Http\\Request))
#33 C:\\Users\\CENGE\\Desktop\\thesis\\backend\\vendor\\laravel\\framework\\src\\Illuminate\\Routing\\Router.php(805): Illuminate\\Pipeline\\Pipeline->then(Object(Closure))
#34 C:\\Users\\CENGE\\Desktop\\thesis\\backend\\vendor\\laravel\\framework\\src\\Illuminate\\Routing\\Router.php(784): Illuminate\\Routing\\Router->runRouteWithinStack(Object(Illuminate\\Routing\\Route), Object(Illuminate\\Http\\Request))
#35 C:\\Users\\CENGE\\Desktop\\thesis\\backend\\vendor\\laravel\\framework\\src\\Illuminate\\Routing\\Router.php(748): Illuminate\\Routing\\Router->runRoute(Object(Illuminate\\Http\\Request), Object(Illuminate\\Routing\\Route))
#36 C:\\Users\\CENGE\\Desktop\\thesis\\backend\\vendor\\laravel\\framework\\src\\Illuminate\\Routing\\Router.php(737): Illuminate\\Routing\\Router->dispatchToRoute(Object(Illuminate\\Http\\Request))
#37 C:\\Users\\CENGE\\Desktop\\thesis\\backend\\vendor\\laravel\\framework\\src\\Illuminate\\Foundation\\Http\\Kernel.php(200): Illuminate\\Routing\\Router->dispatch(Object(Illuminate\\Http\\Request))
#38 C:\\Users\\CENGE\\Desktop\\thesis\\backend\\vendor\\laravel\\framework\\src\\Illuminate\\Pipeline\\Pipeline.php(144): Illuminate\\Foundation\\Http\\Kernel->Illuminate\\Foundation\\Http\\{closure}(Object(Illuminate\\Http\\Request))
#39 C:\\Users\\CENGE\\Desktop\\thesis\\backend\\vendor\\laravel\\framework\\src\\Illuminate\\Foundation\\Http\\Middleware\\TransformsRequest.php(21): Illuminate\\Pipeline\\Pipeline->Illuminate\\Pipeline\\{closure}(Object(Illuminate\\Http\\Request))
#40 C:\\Users\\CENGE\\Desktop\\thesis\\backend\\vendor\\laravel\\framework\\src\\Illuminate\\Foundation\\Http\\Middleware\\ConvertEmptyStringsToNull.php(31): Illuminate\\Foundation\\Http\\Middleware\\TransformsRequest->handle(Object(Illuminate\\Http\\Request), Object(Closure))
#41 C:\\Users\\CENGE\\Desktop\\thesis\\backend\\vendor\\laravel\\framework\\src\\Illuminate\\Pipeline\\Pipeline.php(183): Illuminate\\Foundation\\Http\\Middleware\\ConvertEmptyStringsToNull->handle(Object(Illuminate\\Http\\Request), Object(Closure))
#42 C:\\Users\\CENGE\\Desktop\\thesis\\backend\\vendor\\laravel\\framework\\src\\Illuminate\\Foundation\\Http\\Middleware\\TransformsRequest.php(21): Illuminate\\Pipeline\\Pipeline->Illuminate\\Pipeline\\{closure}(Object(Illuminate\\Http\\Request))
#43 C:\\Users\\CENGE\\Desktop\\thesis\\backend\\vendor\\laravel\\framework\\src\\Illuminate\\Foundation\\Http\\Middleware\\TrimStrings.php(40): Illuminate\\Foundation\\Http\\Middleware\\TransformsRequest->handle(Object(Illuminate\\Http\\Request), Object(Closure))
#44 C:\\Users\\CENGE\\Desktop\\thesis\\backend\\vendor\\laravel\\framework\\src\\Illuminate\\Pipeline\\Pipeline.php(183): Illuminate\\Foundation\\Http\\Middleware\\TrimStrings->handle(Object(Illuminate\\Http\\Request), Object(Closure))
#45 C:\\Users\\CENGE\\Desktop\\thesis\\backend\\vendor\\laravel\\framework\\src\\Illuminate\\Foundation\\Http\\Middleware\\ValidatePostSize.php(27): Illuminate\\Pipeline\\Pipeline->Illuminate\\Pipeline\\{closure}(Object(Illuminate\\Http\\Request))
#46 C:\\Users\\CENGE\\Desktop\\thesis\\backend\\vendor\\laravel\\framework\\src\\Illuminate\\Pipeline\\Pipeline.php(183): Illuminate\\Foundation\\Http\\Middleware\\ValidatePostSize->handle(Object(Illuminate\\Http\\Request), Object(Closure))
#47 C:\\Users\\CENGE\\Desktop\\thesis\\backend\\vendor\\laravel\\framework\\src\\Illuminate\\Foundation\\Http\\Middleware\\PreventRequestsDuringMaintenance.php(99): Illuminate\\Pipeline\\Pipeline->Illuminate\\Pipeline\\{closure}(Object(Illuminate\\Http\\Request))
#48 C:\\Users\\CENGE\\Desktop\\thesis\\backend\\vendor\\laravel\\framework\\src\\Illuminate\\Pipeline\\Pipeline.php(183): Illuminate\\Foundation\\Http\\Middleware\\PreventRequestsDuringMaintenance->handle(Object(Illuminate\\Http\\Request), Object(Closure))
#49 C:\\Users\\CENGE\\Desktop\\thesis\\backend\\vendor\\laravel\\framework\\src\\Illuminate\\Http\\Middleware\\HandleCors.php(62): Illuminate\\Pipeline\\Pipeline->Illuminate\\Pipeline\\{closure}(Object(Illuminate\\Http\\Request))
#50 C:\\Users\\CENGE\\Desktop\\thesis\\backend\\vendor\\laravel\\framework\\src\\Illuminate\\Pipeline\\Pipeline.php(183): Illuminate\\Http\\Middleware\\HandleCors->handle(Object(Illuminate\\Http\\Request), Object(Closure))
#51 C:\\Users\\CENGE\\Desktop\\thesis\\backend\\vendor\\laravel\\framework\\src\\Illuminate\\Http\\Middleware\\TrustProxies.php(39): Illuminate\\Pipeline\\Pipeline->Illuminate\\Pipeline\\{closure}(Object(Illuminate\\Http\\Request))
#52 C:\\Users\\CENGE\\Desktop\\thesis\\backend\\vendor\\laravel\\framework\\src\\Illuminate\\Pipeline\\Pipeline.php(183): Illuminate\\Http\\Middleware\\TrustProxies->handle(Object(Illuminate\\Http\\Request), Object(Closure))
#53 C:\\Users\\CENGE\\Desktop\\thesis\\backend\\vendor\\laravel\\framework\\src\\Illuminate\\Pipeline\\Pipeline.php(119): Illuminate\\Pipeline\\Pipeline->Illuminate\\Pipeline\\{closure}(Object(Illuminate\\Http\\Request))
#54 C:\\Users\\CENGE\\Desktop\\thesis\\backend\\vendor\\laravel\\framework\\src\\Illuminate\\Foundation\\Http\\Kernel.php(175): Illuminate\\Pipeline\\Pipeline->then(Object(Closure))
#55 C:\\Users\\CENGE\\Desktop\\thesis\\backend\\vendor\\laravel\\framework\\src\\Illuminate\\Foundation\\Http\\Kernel.php(144): Illuminate\\Foundation\\Http\\Kernel->sendRequestThroughRouter(Object(Illuminate\\Http\\Request))
#56 C:\\Users\\CENGE\\Desktop\\thesis\\backend\\public\\index.php(51): Illuminate\\Foundation\\Http\\Kernel->handle(Object(Illuminate\\Http\\Request))
#57 C:\\Users\\CENGE\\Desktop\\thesis\\backend\\vendor\\laravel\\framework\\src\\Illuminate\\Foundation\\resources\\server.php(16): require_once('C:\\\\Users\\\\CENGE\\\\...')
#58 {main}
"} 
[2025-02-04 16:24:12] local.ERROR: SQLSTATE[HY000] [1049] Unknown database 'student_evaluation' (Connection: mysql, SQL: select * from `program_prospectuses`) {"exception":"[object] (Illuminate\\Database\\QueryException(code: 1049): SQLSTATE[HY000] [1049] Unknown database 'student_evaluation' (Connection: mysql, SQL: select * from `program_prospectuses`) at C:\\Users\\CENGE\\Desktop\\thesis\\backend\\vendor\\laravel\\framework\\src\\Illuminate\\Database\\Connection.php:829)
[stacktrace]
#0 C:\\Users\\CENGE\\Desktop\\thesis\\backend\\vendor\\laravel\\framework\\src\\Illuminate\\Database\\Connection.php(783): Illuminate\\Database\\Connection->runQueryCallback('select * from `...', Array, Object(Closure))
#1 C:\\Users\\CENGE\\Desktop\\thesis\\backend\\vendor\\laravel\\framework\\src\\Illuminate\\Database\\Connection.php(414): Illuminate\\Database\\Connection->run('select * from `...', Array, Object(Closure))
#2 C:\\Users\\CENGE\\Desktop\\thesis\\backend\\vendor\\laravel\\framework\\src\\Illuminate\\Database\\Query\\Builder.php(2913): Illuminate\\Database\\Connection->select('select * from `...', Array, true)
#3 C:\\Users\\CENGE\\Desktop\\thesis\\backend\\vendor\\laravel\\framework\\src\\Illuminate\\Database\\Query\\Builder.php(2902): Illuminate\\Database\\Query\\Builder->runSelect()
#4 C:\\Users\\CENGE\\Desktop\\thesis\\backend\\vendor\\laravel\\framework\\src\\Illuminate\\Database\\Query\\Builder.php(3456): Illuminate\\Database\\Query\\Builder->Illuminate\\Database\\Query\\{closure}()
#5 C:\\Users\\CENGE\\Desktop\\thesis\\backend\\vendor\\laravel\\framework\\src\\Illuminate\\Database\\Query\\Builder.php(2901): Illuminate\\Database\\Query\\Builder->onceWithColumns(Array, Object(Closure))
#6 C:\\Users\\CENGE\\Desktop\\thesis\\backend\\vendor\\laravel\\framework\\src\\Illuminate\\Database\\Eloquent\\Builder.php(739): Illuminate\\Database\\Query\\Builder->get(Array)
#7 C:\\Users\\CENGE\\Desktop\\thesis\\backend\\vendor\\laravel\\framework\\src\\Illuminate\\Database\\Eloquent\\Builder.php(723): Illuminate\\Database\\Eloquent\\Builder->getModels(Array)
#8 C:\\Users\\CENGE\\Desktop\\thesis\\backend\\vendor\\laravel\\framework\\src\\Illuminate\\Database\\Eloquent\\Model.php(675): Illuminate\\Database\\Eloquent\\Builder->get(Array)
#9 C:\\Users\\CENGE\\Desktop\\thesis\\backend\\app\\Http\\Controllers\\ProgramProspectusController.php(12): Illuminate\\Database\\Eloquent\\Model::all()
#10 C:\\Users\\CENGE\\Desktop\\thesis\\backend\\vendor\\laravel\\framework\\src\\Illuminate\\Routing\\Controller.php(54): App\\Http\\Controllers\\ProgramProspectusController->index()
#11 C:\\Users\\CENGE\\Desktop\\thesis\\backend\\vendor\\laravel\\framework\\src\\Illuminate\\Routing\\ControllerDispatcher.php(43): Illuminate\\Routing\\Controller->callAction('index', Array)
#12 C:\\Users\\CENGE\\Desktop\\thesis\\backend\\vendor\\laravel\\framework\\src\\Illuminate\\Routing\\Route.php(259): Illuminate\\Routing\\ControllerDispatcher->dispatch(Object(Illuminate\\Routing\\Route), Object(App\\Http\\Controllers\\ProgramProspectusController), 'index')
#13 C:\\Users\\CENGE\\Desktop\\thesis\\backend\\vendor\\laravel\\framework\\src\\Illuminate\\Routing\\Route.php(205): Illuminate\\Routing\\Route->runController()
#14 C:\\Users\\CENGE\\Desktop\\thesis\\backend\\vendor\\laravel\\framework\\src\\Illuminate\\Routing\\Router.php(806): Illuminate\\Routing\\Route->run()
#15 C:\\Users\\CENGE\\Desktop\\thesis\\backend\\vendor\\laravel\\framework\\src\\Illuminate\\Pipeline\\Pipeline.php(144): Illuminate\\Routing\\Router->Illuminate\\Routing\\{closure}(Object(Illuminate\\Http\\Request))
#16 C:\\Users\\CENGE\\Desktop\\thesis\\backend\\vendor\\laravel\\framework\\src\\Illuminate\\Routing\\Middleware\\SubstituteBindings.php(50): Illuminate\\Pipeline\\Pipeline->Illuminate\\Pipeline\\{closure}(Object(Illuminate\\Http\\Request))
#17 C:\\Users\\CENGE\\Desktop\\thesis\\backend\\vendor\\laravel\\framework\\src\\Illuminate\\Pipeline\\Pipeline.php(183): Illuminate\\Routing\\Middleware\\SubstituteBindings->handle(Object(Illuminate\\Http\\Request), Object(Closure))
#18 C:\\Users\\CENGE\\Desktop\\thesis\\backend\\vendor\\laravel\\framework\\src\\Illuminate\\Routing\\Middleware\\ThrottleRequests.php(159): Illuminate\\Pipeline\\Pipeline->Illuminate\\Pipeline\\{closure}(Object(Illuminate\\Http\\Request))
#19 C:\\Users\\CENGE\\Desktop\\thesis\\backend\\vendor\\laravel\\framework\\src\\Illuminate\\Routing\\Middleware\\ThrottleRequests.php(125): Illuminate\\Routing\\Middleware\\ThrottleRequests->handleRequest(Object(Illuminate\\Http\\Request), Object(Closure), Array)
#20 C:\\Users\\CENGE\\Desktop\\thesis\\backend\\vendor\\laravel\\framework\\src\\Illuminate\\Routing\\Middleware\\ThrottleRequests.php(87): Illuminate\\Routing\\Middleware\\ThrottleRequests->handleRequestUsingNamedLimiter(Object(Illuminate\\Http\\Request), Object(Closure), 'api', Object(Closure))
#21 C:\\Users\\CENGE\\Desktop\\thesis\\backend\\vendor\\laravel\\framework\\src\\Illuminate\\Pipeline\\Pipeline.php(183): Illuminate\\Routing\\Middleware\\ThrottleRequests->handle(Object(Illuminate\\Http\\Request), Object(Closure), 'api')
#22 C:\\Users\\CENGE\\Desktop\\thesis\\backend\\vendor\\laravel\\framework\\src\\Illuminate\\Pipeline\\Pipeline.php(119): Illuminate\\Pipeline\\Pipeline->Illuminate\\Pipeline\\{closure}(Object(Illuminate\\Http\\Request))
#23 C:\\Users\\CENGE\\Desktop\\thesis\\backend\\vendor\\laravel\\framework\\src\\Illuminate\\Routing\\Router.php(805): Illuminate\\Pipeline\\Pipeline->then(Object(Closure))
#24 C:\\Users\\CENGE\\Desktop\\thesis\\backend\\vendor\\laravel\\framework\\src\\Illuminate\\Routing\\Router.php(784): Illuminate\\Routing\\Router->runRouteWithinStack(Object(Illuminate\\Routing\\Route), Object(Illuminate\\Http\\Request))
#25 C:\\Users\\CENGE\\Desktop\\thesis\\backend\\vendor\\laravel\\framework\\src\\Illuminate\\Routing\\Router.php(748): Illuminate\\Routing\\Router->runRoute(Object(Illuminate\\Http\\Request), Object(Illuminate\\Routing\\Route))
#26 C:\\Users\\CENGE\\Desktop\\thesis\\backend\\vendor\\laravel\\framework\\src\\Illuminate\\Routing\\Router.php(737): Illuminate\\Routing\\Router->dispatchToRoute(Object(Illuminate\\Http\\Request))
#27 C:\\Users\\CENGE\\Desktop\\thesis\\backend\\vendor\\laravel\\framework\\src\\Illuminate\\Foundation\\Http\\Kernel.php(200): Illuminate\\Routing\\Router->dispatch(Object(Illuminate\\Http\\Request))
#28 C:\\Users\\CENGE\\Desktop\\thesis\\backend\\vendor\\laravel\\framework\\src\\Illuminate\\Pipeline\\Pipeline.php(144): Illuminate\\Foundation\\Http\\Kernel->Illuminate\\Foundation\\Http\\{closure}(Object(Illuminate\\Http\\Request))
#29 C:\\Users\\CENGE\\Desktop\\thesis\\backend\\vendor\\laravel\\framework\\src\\Illuminate\\Foundation\\Http\\Middleware\\TransformsRequest.php(21): Illuminate\\Pipeline\\Pipeline->Illuminate\\Pipeline\\{closure}(Object(Illuminate\\Http\\Request))
#30 C:\\Users\\CENGE\\Desktop\\thesis\\backend\\vendor\\laravel\\framework\\src\\Illuminate\\Foundation\\Http\\Middleware\\ConvertEmptyStringsToNull.php(31): Illuminate\\Foundation\\Http\\Middleware\\TransformsRequest->handle(Object(Illuminate\\Http\\Request), Object(Closure))
#31 C:\\Users\\CENGE\\Desktop\\thesis\\backend\\vendor\\laravel\\framework\\src\\Illuminate\\Pipeline\\Pipeline.php(183): Illuminate\\Foundation\\Http\\Middleware\\ConvertEmptyStringsToNull->handle(Object(Illuminate\\Http\\Request), Object(Closure))
#32 C:\\Users\\CENGE\\Desktop\\thesis\\backend\\vendor\\laravel\\framework\\src\\Illuminate\\Foundation\\Http\\Middleware\\TransformsRequest.php(21): Illuminate\\Pipeline\\Pipeline->Illuminate\\Pipeline\\{closure}(Object(Illuminate\\Http\\Request))
#33 C:\\Users\\CENGE\\Desktop\\thesis\\backend\\vendor\\laravel\\framework\\src\\Illuminate\\Foundation\\Http\\Middleware\\TrimStrings.php(40): Illuminate\\Foundation\\Http\\Middleware\\TransformsRequest->handle(Object(Illuminate\\Http\\Request), Object(Closure))
#34 C:\\Users\\CENGE\\Desktop\\thesis\\backend\\vendor\\laravel\\framework\\src\\Illuminate\\Pipeline\\Pipeline.php(183): Illuminate\\Foundation\\Http\\Middleware\\TrimStrings->handle(Object(Illuminate\\Http\\Request), Object(Closure))
#35 C:\\Users\\CENGE\\Desktop\\thesis\\backend\\vendor\\laravel\\framework\\src\\Illuminate\\Foundation\\Http\\Middleware\\ValidatePostSize.php(27): Illuminate\\Pipeline\\Pipeline->Illuminate\\Pipeline\\{closure}(Object(Illuminate\\Http\\Request))
#36 C:\\Users\\CENGE\\Desktop\\thesis\\backend\\vendor\\laravel\\framework\\src\\Illuminate\\Pipeline\\Pipeline.php(183): Illuminate\\Foundation\\Http\\Middleware\\ValidatePostSize->handle(Object(Illuminate\\Http\\Request), Object(Closure))
#37 C:\\Users\\CENGE\\Desktop\\thesis\\backend\\vendor\\laravel\\framework\\src\\Illuminate\\Foundation\\Http\\Middleware\\PreventRequestsDuringMaintenance.php(99): Illuminate\\Pipeline\\Pipeline->Illuminate\\Pipeline\\{closure}(Object(Illuminate\\Http\\Request))
#38 C:\\Users\\CENGE\\Desktop\\thesis\\backend\\vendor\\laravel\\framework\\src\\Illuminate\\Pipeline\\Pipeline.php(183): Illuminate\\Foundation\\Http\\Middleware\\PreventRequestsDuringMaintenance->handle(Object(Illuminate\\Http\\Request), Object(Closure))
#39 C:\\Users\\CENGE\\Desktop\\thesis\\backend\\vendor\\laravel\\framework\\src\\Illuminate\\Http\\Middleware\\HandleCors.php(62): Illuminate\\Pipeline\\Pipeline->Illuminate\\Pipeline\\{closure}(Object(Illuminate\\Http\\Request))
#40 C:\\Users\\CENGE\\Desktop\\thesis\\backend\\vendor\\laravel\\framework\\src\\Illuminate\\Pipeline\\Pipeline.php(183): Illuminate\\Http\\Middleware\\HandleCors->handle(Object(Illuminate\\Http\\Request), Object(Closure))
#41 C:\\Users\\CENGE\\Desktop\\thesis\\backend\\vendor\\laravel\\framework\\src\\Illuminate\\Http\\Middleware\\TrustProxies.php(39): Illuminate\\Pipeline\\Pipeline->Illuminate\\Pipeline\\{closure}(Object(Illuminate\\Http\\Request))
#42 C:\\Users\\CENGE\\Desktop\\thesis\\backend\\vendor\\laravel\\framework\\src\\Illuminate\\Pipeline\\Pipeline.php(183): Illuminate\\Http\\Middleware\\TrustProxies->handle(Object(Illuminate\\Http\\Request), Object(Closure))
#43 C:\\Users\\CENGE\\Desktop\\thesis\\backend\\vendor\\laravel\\framework\\src\\Illuminate\\Pipeline\\Pipeline.php(119): Illuminate\\Pipeline\\Pipeline->Illuminate\\Pipeline\\{closure}(Object(Illuminate\\Http\\Request))
#44 C:\\Users\\CENGE\\Desktop\\thesis\\backend\\vendor\\laravel\\framework\\src\\Illuminate\\Foundation\\Http\\Kernel.php(175): Illuminate\\Pipeline\\Pipeline->then(Object(Closure))
#45 C:\\Users\\CENGE\\Desktop\\thesis\\backend\\vendor\\laravel\\framework\\src\\Illuminate\\Foundation\\Http\\Kernel.php(144): Illuminate\\Foundation\\Http\\Kernel->sendRequestThroughRouter(Object(Illuminate\\Http\\Request))
#46 C:\\Users\\CENGE\\Desktop\\thesis\\backend\\public\\index.php(51): Illuminate\\Foundation\\Http\\Kernel->handle(Object(Illuminate\\Http\\Request))
#47 C:\\Users\\CENGE\\Desktop\\thesis\\backend\\vendor\\laravel\\framework\\src\\Illuminate\\Foundation\\resources\\server.php(16): require_once('C:\\\\Users\\\\CENGE\\\\...')
#48 {main}

[previous exception] [object] (PDOException(code: 1049): SQLSTATE[HY000] [1049] Unknown database 'student_evaluation' at C:\\Users\\CENGE\\Desktop\\thesis\\backend\\vendor\\laravel\\framework\\src\\Illuminate\\Database\\Connectors\\Connector.php:65)
[stacktrace]
#0 C:\\Users\\CENGE\\Desktop\\thesis\\backend\\vendor\\laravel\\framework\\src\\Illuminate\\Database\\Connectors\\Connector.php(65): PDO->__construct('mysql:host=127....', 'root', Object(SensitiveParameterValue), Array)
#1 C:\\Users\\CENGE\\Desktop\\thesis\\backend\\vendor\\laravel\\framework\\src\\Illuminate\\Database\\Connectors\\Connector.php(44): Illuminate\\Database\\Connectors\\Connector->createPdoConnection('mysql:host=127....', 'root', '', Array)
#2 C:\\Users\\CENGE\\Desktop\\thesis\\backend\\vendor\\laravel\\framework\\src\\Illuminate\\Database\\Connectors\\MySqlConnector.php(24): Illuminate\\Database\\Connectors\\Connector->createConnection('mysql:host=127....', Array, Array)
#3 C:\\Users\\CENGE\\Desktop\\thesis\\backend\\vendor\\laravel\\framework\\src\\Illuminate\\Database\\Connectors\\ConnectionFactory.php(184): Illuminate\\Database\\Connectors\\MySqlConnector->connect(Array)
#4 [internal function]: Illuminate\\Database\\Connectors\\ConnectionFactory->Illuminate\\Database\\Connectors\\{closure}()
#5 C:\\Users\\CENGE\\Desktop\\thesis\\backend\\vendor\\laravel\\framework\\src\\Illuminate\\Database\\Connection.php(1339): call_user_func(Object(Closure))
#6 C:\\Users\\CENGE\\Desktop\\thesis\\backend\\vendor\\laravel\\framework\\src\\Illuminate\\Database\\Connection.php(1375): Illuminate\\Database\\Connection->getPdo()
#7 C:\\Users\\CENGE\\Desktop\\thesis\\backend\\vendor\\laravel\\framework\\src\\Illuminate\\Database\\Connection.php(528): Illuminate\\Database\\Connection->getReadPdo()
#8 C:\\Users\\CENGE\\Desktop\\thesis\\backend\\vendor\\laravel\\framework\\src\\Illuminate\\Database\\Connection.php(423): Illuminate\\Database\\Connection->getPdoForSelect(true)
#9 C:\\Users\\CENGE\\Desktop\\thesis\\backend\\vendor\\laravel\\framework\\src\\Illuminate\\Database\\Connection.php(816): Illuminate\\Database\\Connection->Illuminate\\Database\\{closure}('select * from `...', Array)
#10 C:\\Users\\CENGE\\Desktop\\thesis\\backend\\vendor\\laravel\\framework\\src\\Illuminate\\Database\\Connection.php(783): Illuminate\\Database\\Connection->runQueryCallback('select * from `...', Array, Object(Closure))
#11 C:\\Users\\CENGE\\Desktop\\thesis\\backend\\vendor\\laravel\\framework\\src\\Illuminate\\Database\\Connection.php(414): Illuminate\\Database\\Connection->run('select * from `...', Array, Object(Closure))
#12 C:\\Users\\CENGE\\Desktop\\thesis\\backend\\vendor\\laravel\\framework\\src\\Illuminate\\Database\\Query\\Builder.php(2913): Illuminate\\Database\\Connection->select('select * from `...', Array, true)
#13 C:\\Users\\CENGE\\Desktop\\thesis\\backend\\vendor\\laravel\\framework\\src\\Illuminate\\Database\\Query\\Builder.php(2902): Illuminate\\Database\\Query\\Builder->runSelect()
#14 C:\\Users\\CENGE\\Desktop\\thesis\\backend\\vendor\\laravel\\framework\\src\\Illuminate\\Database\\Query\\Builder.php(3456): Illuminate\\Database\\Query\\Builder->Illuminate\\Database\\Query\\{closure}()
#15 C:\\Users\\CENGE\\Desktop\\thesis\\backend\\vendor\\laravel\\framework\\src\\Illuminate\\Database\\Query\\Builder.php(2901): Illuminate\\Database\\Query\\Builder->onceWithColumns(Array, Object(Closure))
#16 C:\\Users\\CENGE\\Desktop\\thesis\\backend\\vendor\\laravel\\framework\\src\\Illuminate\\Database\\Eloquent\\Builder.php(739): Illuminate\\Database\\Query\\Builder->get(Array)
#17 C:\\Users\\CENGE\\Desktop\\thesis\\backend\\vendor\\laravel\\framework\\src\\Illuminate\\Database\\Eloquent\\Builder.php(723): Illuminate\\Database\\Eloquent\\Builder->getModels(Array)
#18 C:\\Users\\CENGE\\Desktop\\thesis\\backend\\vendor\\laravel\\framework\\src\\Illuminate\\Database\\Eloquent\\Model.php(675): Illuminate\\Database\\Eloquent\\Builder->get(Array)
#19 C:\\Users\\CENGE\\Desktop\\thesis\\backend\\app\\Http\\Controllers\\ProgramProspectusController.php(12): Illuminate\\Database\\Eloquent\\Model::all()
#20 C:\\Users\\CENGE\\Desktop\\thesis\\backend\\vendor\\laravel\\framework\\src\\Illuminate\\Routing\\Controller.php(54): App\\Http\\Controllers\\ProgramProspectusController->index()
#21 C:\\Users\\CENGE\\Desktop\\thesis\\backend\\vendor\\laravel\\framework\\src\\Illuminate\\Routing\\ControllerDispatcher.php(43): Illuminate\\Routing\\Controller->callAction('index', Array)
#22 C:\\Users\\CENGE\\Desktop\\thesis\\backend\\vendor\\laravel\\framework\\src\\Illuminate\\Routing\\Route.php(259): Illuminate\\Routing\\ControllerDispatcher->dispatch(Object(Illuminate\\Routing\\Route), Object(App\\Http\\Controllers\\ProgramProspectusController), 'index')
#23 C:\\Users\\CENGE\\Desktop\\thesis\\backend\\vendor\\laravel\\framework\\src\\Illuminate\\Routing\\Route.php(205): Illuminate\\Routing\\Route->runController()
#24 C:\\Users\\CENGE\\Desktop\\thesis\\backend\\vendor\\laravel\\framework\\src\\Illuminate\\Routing\\Router.php(806): Illuminate\\Routing\\Route->run()
#25 C:\\Users\\CENGE\\Desktop\\thesis\\backend\\vendor\\laravel\\framework\\src\\Illuminate\\Pipeline\\Pipeline.php(144): Illuminate\\Routing\\Router->Illuminate\\Routing\\{closure}(Object(Illuminate\\Http\\Request))
#26 C:\\Users\\CENGE\\Desktop\\thesis\\backend\\vendor\\laravel\\framework\\src\\Illuminate\\Routing\\Middleware\\SubstituteBindings.php(50): Illuminate\\Pipeline\\Pipeline->Illuminate\\Pipeline\\{closure}(Object(Illuminate\\Http\\Request))
#27 C:\\Users\\CENGE\\Desktop\\thesis\\backend\\vendor\\laravel\\framework\\src\\Illuminate\\Pipeline\\Pipeline.php(183): Illuminate\\Routing\\Middleware\\SubstituteBindings->handle(Object(Illuminate\\Http\\Request), Object(Closure))
#28 C:\\Users\\CENGE\\Desktop\\thesis\\backend\\vendor\\laravel\\framework\\src\\Illuminate\\Routing\\Middleware\\ThrottleRequests.php(159): Illuminate\\Pipeline\\Pipeline->Illuminate\\Pipeline\\{closure}(Object(Illuminate\\Http\\Request))
#29 C:\\Users\\CENGE\\Desktop\\thesis\\backend\\vendor\\laravel\\framework\\src\\Illuminate\\Routing\\Middleware\\ThrottleRequests.php(125): Illuminate\\Routing\\Middleware\\ThrottleRequests->handleRequest(Object(Illuminate\\Http\\Request), Object(Closure), Array)
#30 C:\\Users\\CENGE\\Desktop\\thesis\\backend\\vendor\\laravel\\framework\\src\\Illuminate\\Routing\\Middleware\\ThrottleRequests.php(87): Illuminate\\Routing\\Middleware\\ThrottleRequests->handleRequestUsingNamedLimiter(Object(Illuminate\\Http\\Request), Object(Closure), 'api', Object(Closure))
#31 C:\\Users\\CENGE\\Desktop\\thesis\\backend\\vendor\\laravel\\framework\\src\\Illuminate\\Pipeline\\Pipeline.php(183): Illuminate\\Routing\\Middleware\\ThrottleRequests->handle(Object(Illuminate\\Http\\Request), Object(Closure), 'api')
#32 C:\\Users\\CENGE\\Desktop\\thesis\\backend\\vendor\\laravel\\framework\\src\\Illuminate\\Pipeline\\Pipeline.php(119): Illuminate\\Pipeline\\Pipeline->Illuminate\\Pipeline\\{closure}(Object(Illuminate\\Http\\Request))
#33 C:\\Users\\CENGE\\Desktop\\thesis\\backend\\vendor\\laravel\\framework\\src\\Illuminate\\Routing\\Router.php(805): Illuminate\\Pipeline\\Pipeline->then(Object(Closure))
#34 C:\\Users\\CENGE\\Desktop\\thesis\\backend\\vendor\\laravel\\framework\\src\\Illuminate\\Routing\\Router.php(784): Illuminate\\Routing\\Router->runRouteWithinStack(Object(Illuminate\\Routing\\Route), Object(Illuminate\\Http\\Request))
#35 C:\\Users\\CENGE\\Desktop\\thesis\\backend\\vendor\\laravel\\framework\\src\\Illuminate\\Routing\\Router.php(748): Illuminate\\Routing\\Router->runRoute(Object(Illuminate\\Http\\Request), Object(Illuminate\\Routing\\Route))
#36 C:\\Users\\CENGE\\Desktop\\thesis\\backend\\vendor\\laravel\\framework\\src\\Illuminate\\Routing\\Router.php(737): Illuminate\\Routing\\Router->dispatchToRoute(Object(Illuminate\\Http\\Request))
#37 C:\\Users\\CENGE\\Desktop\\thesis\\backend\\vendor\\laravel\\framework\\src\\Illuminate\\Foundation\\Http\\Kernel.php(200): Illuminate\\Routing\\Router->dispatch(Object(Illuminate\\Http\\Request))
#38 C:\\Users\\CENGE\\Desktop\\thesis\\backend\\vendor\\laravel\\framework\\src\\Illuminate\\Pipeline\\Pipeline.php(144): Illuminate\\Foundation\\Http\\Kernel->Illuminate\\Foundation\\Http\\{closure}(Object(Illuminate\\Http\\Request))
#39 C:\\Users\\CENGE\\Desktop\\thesis\\backend\\vendor\\laravel\\framework\\src\\Illuminate\\Foundation\\Http\\Middleware\\TransformsRequest.php(21): Illuminate\\Pipeline\\Pipeline->Illuminate\\Pipeline\\{closure}(Object(Illuminate\\Http\\Request))
#40 C:\\Users\\CENGE\\Desktop\\thesis\\backend\\vendor\\laravel\\framework\\src\\Illuminate\\Foundation\\Http\\Middleware\\ConvertEmptyStringsToNull.php(31): Illuminate\\Foundation\\Http\\Middleware\\TransformsRequest->handle(Object(Illuminate\\Http\\Request), Object(Closure))
#41 C:\\Users\\CENGE\\Desktop\\thesis\\backend\\vendor\\laravel\\framework\\src\\Illuminate\\Pipeline\\Pipeline.php(183): Illuminate\\Foundation\\Http\\Middleware\\ConvertEmptyStringsToNull->handle(Object(Illuminate\\Http\\Request), Object(Closure))
#42 C:\\Users\\CENGE\\Desktop\\thesis\\backend\\vendor\\laravel\\framework\\src\\Illuminate\\Foundation\\Http\\Middleware\\TransformsRequest.php(21): Illuminate\\Pipeline\\Pipeline->Illuminate\\Pipeline\\{closure}(Object(Illuminate\\Http\\Request))
#43 C:\\Users\\CENGE\\Desktop\\thesis\\backend\\vendor\\laravel\\framework\\src\\Illuminate\\Foundation\\Http\\Middleware\\TrimStrings.php(40): Illuminate\\Foundation\\Http\\Middleware\\TransformsRequest->handle(Object(Illuminate\\Http\\Request), Object(Closure))
#44 C:\\Users\\CENGE\\Desktop\\thesis\\backend\\vendor\\laravel\\framework\\src\\Illuminate\\Pipeline\\Pipeline.php(183): Illuminate\\Foundation\\Http\\Middleware\\TrimStrings->handle(Object(Illuminate\\Http\\Request), Object(Closure))
#45 C:\\Users\\CENGE\\Desktop\\thesis\\backend\\vendor\\laravel\\framework\\src\\Illuminate\\Foundation\\Http\\Middleware\\ValidatePostSize.php(27): Illuminate\\Pipeline\\Pipeline->Illuminate\\Pipeline\\{closure}(Object(Illuminate\\Http\\Request))
#46 C:\\Users\\CENGE\\Desktop\\thesis\\backend\\vendor\\laravel\\framework\\src\\Illuminate\\Pipeline\\Pipeline.php(183): Illuminate\\Foundation\\Http\\Middleware\\ValidatePostSize->handle(Object(Illuminate\\Http\\Request), Object(Closure))
#47 C:\\Users\\CENGE\\Desktop\\thesis\\backend\\vendor\\laravel\\framework\\src\\Illuminate\\Foundation\\Http\\Middleware\\PreventRequestsDuringMaintenance.php(99): Illuminate\\Pipeline\\Pipeline->Illuminate\\Pipeline\\{closure}(Object(Illuminate\\Http\\Request))
#48 C:\\Users\\CENGE\\Desktop\\thesis\\backend\\vendor\\laravel\\framework\\src\\Illuminate\\Pipeline\\Pipeline.php(183): Illuminate\\Foundation\\Http\\Middleware\\PreventRequestsDuringMaintenance->handle(Object(Illuminate\\Http\\Request), Object(Closure))
#49 C:\\Users\\CENGE\\Desktop\\thesis\\backend\\vendor\\laravel\\framework\\src\\Illuminate\\Http\\Middleware\\HandleCors.php(62): Illuminate\\Pipeline\\Pipeline->Illuminate\\Pipeline\\{closure}(Object(Illuminate\\Http\\Request))
#50 C:\\Users\\CENGE\\Desktop\\thesis\\backend\\vendor\\laravel\\framework\\src\\Illuminate\\Pipeline\\Pipeline.php(183): Illuminate\\Http\\Middleware\\HandleCors->handle(Object(Illuminate\\Http\\Request), Object(Closure))
#51 C:\\Users\\CENGE\\Desktop\\thesis\\backend\\vendor\\laravel\\framework\\src\\Illuminate\\Http\\Middleware\\TrustProxies.php(39): Illuminate\\Pipeline\\Pipeline->Illuminate\\Pipeline\\{closure}(Object(Illuminate\\Http\\Request))
#52 C:\\Users\\CENGE\\Desktop\\thesis\\backend\\vendor\\laravel\\framework\\src\\Illuminate\\Pipeline\\Pipeline.php(183): Illuminate\\Http\\Middleware\\TrustProxies->handle(Object(Illuminate\\Http\\Request), Object(Closure))
#53 C:\\Users\\CENGE\\Desktop\\thesis\\backend\\vendor\\laravel\\framework\\src\\Illuminate\\Pipeline\\Pipeline.php(119): Illuminate\\Pipeline\\Pipeline->Illuminate\\Pipeline\\{closure}(Object(Illuminate\\Http\\Request))
#54 C:\\Users\\CENGE\\Desktop\\thesis\\backend\\vendor\\laravel\\framework\\src\\Illuminate\\Foundation\\Http\\Kernel.php(175): Illuminate\\Pipeline\\Pipeline->then(Object(Closure))
#55 C:\\Users\\CENGE\\Desktop\\thesis\\backend\\vendor\\laravel\\framework\\src\\Illuminate\\Foundation\\Http\\Kernel.php(144): Illuminate\\Foundation\\Http\\Kernel->sendRequestThroughRouter(Object(Illuminate\\Http\\Request))
#56 C:\\Users\\CENGE\\Desktop\\thesis\\backend\\public\\index.php(51): Illuminate\\Foundation\\Http\\Kernel->handle(Object(Illuminate\\Http\\Request))
#57 C:\\Users\\CENGE\\Desktop\\thesis\\backend\\vendor\\laravel\\framework\\src\\Illuminate\\Foundation\\resources\\server.php(16): require_once('C:\\\\Users\\\\CENGE\\\\...')
#58 {main}
"} 
[2025-02-04 16:24:14] local.ERROR: SQLSTATE[HY000] [1049] Unknown database 'student_evaluation' (Connection: mysql, SQL: select count(*) as aggregate from `students` where `student_id` like %% or `first_name` like %% or `last_name` like %%) {"exception":"[object] (Illuminate\\Database\\QueryException(code: 1049): SQLSTATE[HY000] [1049] Unknown database 'student_evaluation' (Connection: mysql, SQL: select count(*) as aggregate from `students` where `student_id` like %% or `first_name` like %% or `last_name` like %%) at C:\\Users\\CENGE\\Desktop\\thesis\\backend\\vendor\\laravel\\framework\\src\\Illuminate\\Database\\Connection.php:829)
[stacktrace]
#0 C:\\Users\\CENGE\\Desktop\\thesis\\backend\\vendor\\laravel\\framework\\src\\Illuminate\\Database\\Connection.php(783): Illuminate\\Database\\Connection->runQueryCallback('select count(*)...', Array, Object(Closure))
#1 C:\\Users\\CENGE\\Desktop\\thesis\\backend\\vendor\\laravel\\framework\\src\\Illuminate\\Database\\Connection.php(414): Illuminate\\Database\\Connection->run('select count(*)...', Array, Object(Closure))
#2 C:\\Users\\CENGE\\Desktop\\thesis\\backend\\vendor\\laravel\\framework\\src\\Illuminate\\Database\\Query\\Builder.php(2913): Illuminate\\Database\\Connection->select('select count(*)...', Array, true)
#3 C:\\Users\\CENGE\\Desktop\\thesis\\backend\\vendor\\laravel\\framework\\src\\Illuminate\\Database\\Query\\Builder.php(2902): Illuminate\\Database\\Query\\Builder->runSelect()
#4 C:\\Users\\CENGE\\Desktop\\thesis\\backend\\vendor\\laravel\\framework\\src\\Illuminate\\Database\\Query\\Builder.php(3456): Illuminate\\Database\\Query\\Builder->Illuminate\\Database\\Query\\{closure}()
#5 C:\\Users\\CENGE\\Desktop\\thesis\\backend\\vendor\\laravel\\framework\\src\\Illuminate\\Database\\Query\\Builder.php(2901): Illuminate\\Database\\Query\\Builder->onceWithColumns(Array, Object(Closure))
#6 C:\\Users\\CENGE\\Desktop\\thesis\\backend\\vendor\\laravel\\framework\\src\\Illuminate\\Database\\Query\\Builder.php(3066): Illuminate\\Database\\Query\\Builder->get()
#7 C:\\Users\\CENGE\\Desktop\\thesis\\backend\\vendor\\laravel\\framework\\src\\Illuminate\\Database\\Query\\Builder.php(3025): Illuminate\\Database\\Query\\Builder->runPaginationCountQuery(Array)
#8 C:\\Users\\CENGE\\Desktop\\thesis\\backend\\vendor\\laravel\\framework\\src\\Illuminate\\Database\\Eloquent\\Builder.php(923): Illuminate\\Database\\Query\\Builder->getCountForPagination()
#9 C:\\Users\\CENGE\\Desktop\\thesis\\backend\\app\\Http\\Controllers\\StudentController.php(22): Illuminate\\Database\\Eloquent\\Builder->paginate(10)
#10 C:\\Users\\CENGE\\Desktop\\thesis\\backend\\vendor\\laravel\\framework\\src\\Illuminate\\Routing\\Controller.php(54): App\\Http\\Controllers\\StudentController->index(Object(Illuminate\\Http\\Request))
#11 C:\\Users\\CENGE\\Desktop\\thesis\\backend\\vendor\\laravel\\framework\\src\\Illuminate\\Routing\\ControllerDispatcher.php(43): Illuminate\\Routing\\Controller->callAction('index', Array)
#12 C:\\Users\\CENGE\\Desktop\\thesis\\backend\\vendor\\laravel\\framework\\src\\Illuminate\\Routing\\Route.php(259): Illuminate\\Routing\\ControllerDispatcher->dispatch(Object(Illuminate\\Routing\\Route), Object(App\\Http\\Controllers\\StudentController), 'index')
#13 C:\\Users\\CENGE\\Desktop\\thesis\\backend\\vendor\\laravel\\framework\\src\\Illuminate\\Routing\\Route.php(205): Illuminate\\Routing\\Route->runController()
#14 C:\\Users\\CENGE\\Desktop\\thesis\\backend\\vendor\\laravel\\framework\\src\\Illuminate\\Routing\\Router.php(806): Illuminate\\Routing\\Route->run()
#15 C:\\Users\\CENGE\\Desktop\\thesis\\backend\\vendor\\laravel\\framework\\src\\Illuminate\\Pipeline\\Pipeline.php(144): Illuminate\\Routing\\Router->Illuminate\\Routing\\{closure}(Object(Illuminate\\Http\\Request))
#16 C:\\Users\\CENGE\\Desktop\\thesis\\backend\\vendor\\laravel\\framework\\src\\Illuminate\\Routing\\Middleware\\SubstituteBindings.php(50): Illuminate\\Pipeline\\Pipeline->Illuminate\\Pipeline\\{closure}(Object(Illuminate\\Http\\Request))
#17 C:\\Users\\CENGE\\Desktop\\thesis\\backend\\vendor\\laravel\\framework\\src\\Illuminate\\Pipeline\\Pipeline.php(183): Illuminate\\Routing\\Middleware\\SubstituteBindings->handle(Object(Illuminate\\Http\\Request), Object(Closure))
#18 C:\\Users\\CENGE\\Desktop\\thesis\\backend\\vendor\\laravel\\framework\\src\\Illuminate\\Routing\\Middleware\\ThrottleRequests.php(159): Illuminate\\Pipeline\\Pipeline->Illuminate\\Pipeline\\{closure}(Object(Illuminate\\Http\\Request))
#19 C:\\Users\\CENGE\\Desktop\\thesis\\backend\\vendor\\laravel\\framework\\src\\Illuminate\\Routing\\Middleware\\ThrottleRequests.php(125): Illuminate\\Routing\\Middleware\\ThrottleRequests->handleRequest(Object(Illuminate\\Http\\Request), Object(Closure), Array)
#20 C:\\Users\\CENGE\\Desktop\\thesis\\backend\\vendor\\laravel\\framework\\src\\Illuminate\\Routing\\Middleware\\ThrottleRequests.php(87): Illuminate\\Routing\\Middleware\\ThrottleRequests->handleRequestUsingNamedLimiter(Object(Illuminate\\Http\\Request), Object(Closure), 'api', Object(Closure))
#21 C:\\Users\\CENGE\\Desktop\\thesis\\backend\\vendor\\laravel\\framework\\src\\Illuminate\\Pipeline\\Pipeline.php(183): Illuminate\\Routing\\Middleware\\ThrottleRequests->handle(Object(Illuminate\\Http\\Request), Object(Closure), 'api')
#22 C:\\Users\\CENGE\\Desktop\\thesis\\backend\\vendor\\laravel\\framework\\src\\Illuminate\\Pipeline\\Pipeline.php(119): Illuminate\\Pipeline\\Pipeline->Illuminate\\Pipeline\\{closure}(Object(Illuminate\\Http\\Request))
#23 C:\\Users\\CENGE\\Desktop\\thesis\\backend\\vendor\\laravel\\framework\\src\\Illuminate\\Routing\\Router.php(805): Illuminate\\Pipeline\\Pipeline->then(Object(Closure))
#24 C:\\Users\\CENGE\\Desktop\\thesis\\backend\\vendor\\laravel\\framework\\src\\Illuminate\\Routing\\Router.php(784): Illuminate\\Routing\\Router->runRouteWithinStack(Object(Illuminate\\Routing\\Route), Object(Illuminate\\Http\\Request))
#25 C:\\Users\\CENGE\\Desktop\\thesis\\backend\\vendor\\laravel\\framework\\src\\Illuminate\\Routing\\Router.php(748): Illuminate\\Routing\\Router->runRoute(Object(Illuminate\\Http\\Request), Object(Illuminate\\Routing\\Route))
#26 C:\\Users\\CENGE\\Desktop\\thesis\\backend\\vendor\\laravel\\framework\\src\\Illuminate\\Routing\\Router.php(737): Illuminate\\Routing\\Router->dispatchToRoute(Object(Illuminate\\Http\\Request))
#27 C:\\Users\\CENGE\\Desktop\\thesis\\backend\\vendor\\laravel\\framework\\src\\Illuminate\\Foundation\\Http\\Kernel.php(200): Illuminate\\Routing\\Router->dispatch(Object(Illuminate\\Http\\Request))
#28 C:\\Users\\CENGE\\Desktop\\thesis\\backend\\vendor\\laravel\\framework\\src\\Illuminate\\Pipeline\\Pipeline.php(144): Illuminate\\Foundation\\Http\\Kernel->Illuminate\\Foundation\\Http\\{closure}(Object(Illuminate\\Http\\Request))
#29 C:\\Users\\CENGE\\Desktop\\thesis\\backend\\vendor\\laravel\\framework\\src\\Illuminate\\Foundation\\Http\\Middleware\\TransformsRequest.php(21): Illuminate\\Pipeline\\Pipeline->Illuminate\\Pipeline\\{closure}(Object(Illuminate\\Http\\Request))
#30 C:\\Users\\CENGE\\Desktop\\thesis\\backend\\vendor\\laravel\\framework\\src\\Illuminate\\Foundation\\Http\\Middleware\\ConvertEmptyStringsToNull.php(31): Illuminate\\Foundation\\Http\\Middleware\\TransformsRequest->handle(Object(Illuminate\\Http\\Request), Object(Closure))
#31 C:\\Users\\CENGE\\Desktop\\thesis\\backend\\vendor\\laravel\\framework\\src\\Illuminate\\Pipeline\\Pipeline.php(183): Illuminate\\Foundation\\Http\\Middleware\\ConvertEmptyStringsToNull->handle(Object(Illuminate\\Http\\Request), Object(Closure))
#32 C:\\Users\\CENGE\\Desktop\\thesis\\backend\\vendor\\laravel\\framework\\src\\Illuminate\\Foundation\\Http\\Middleware\\TransformsRequest.php(21): Illuminate\\Pipeline\\Pipeline->Illuminate\\Pipeline\\{closure}(Object(Illuminate\\Http\\Request))
#33 C:\\Users\\CENGE\\Desktop\\thesis\\backend\\vendor\\laravel\\framework\\src\\Illuminate\\Foundation\\Http\\Middleware\\TrimStrings.php(40): Illuminate\\Foundation\\Http\\Middleware\\TransformsRequest->handle(Object(Illuminate\\Http\\Request), Object(Closure))
#34 C:\\Users\\CENGE\\Desktop\\thesis\\backend\\vendor\\laravel\\framework\\src\\Illuminate\\Pipeline\\Pipeline.php(183): Illuminate\\Foundation\\Http\\Middleware\\TrimStrings->handle(Object(Illuminate\\Http\\Request), Object(Closure))
#35 C:\\Users\\CENGE\\Desktop\\thesis\\backend\\vendor\\laravel\\framework\\src\\Illuminate\\Foundation\\Http\\Middleware\\ValidatePostSize.php(27): Illuminate\\Pipeline\\Pipeline->Illuminate\\Pipeline\\{closure}(Object(Illuminate\\Http\\Request))
#36 C:\\Users\\CENGE\\Desktop\\thesis\\backend\\vendor\\laravel\\framework\\src\\Illuminate\\Pipeline\\Pipeline.php(183): Illuminate\\Foundation\\Http\\Middleware\\ValidatePostSize->handle(Object(Illuminate\\Http\\Request), Object(Closure))
#37 C:\\Users\\CENGE\\Desktop\\thesis\\backend\\vendor\\laravel\\framework\\src\\Illuminate\\Foundation\\Http\\Middleware\\PreventRequestsDuringMaintenance.php(99): Illuminate\\Pipeline\\Pipeline->Illuminate\\Pipeline\\{closure}(Object(Illuminate\\Http\\Request))
#38 C:\\Users\\CENGE\\Desktop\\thesis\\backend\\vendor\\laravel\\framework\\src\\Illuminate\\Pipeline\\Pipeline.php(183): Illuminate\\Foundation\\Http\\Middleware\\PreventRequestsDuringMaintenance->handle(Object(Illuminate\\Http\\Request), Object(Closure))
#39 C:\\Users\\CENGE\\Desktop\\thesis\\backend\\vendor\\laravel\\framework\\src\\Illuminate\\Http\\Middleware\\HandleCors.php(62): Illuminate\\Pipeline\\Pipeline->Illuminate\\Pipeline\\{closure}(Object(Illuminate\\Http\\Request))
#40 C:\\Users\\CENGE\\Desktop\\thesis\\backend\\vendor\\laravel\\framework\\src\\Illuminate\\Pipeline\\Pipeline.php(183): Illuminate\\Http\\Middleware\\HandleCors->handle(Object(Illuminate\\Http\\Request), Object(Closure))
#41 C:\\Users\\CENGE\\Desktop\\thesis\\backend\\vendor\\laravel\\framework\\src\\Illuminate\\Http\\Middleware\\TrustProxies.php(39): Illuminate\\Pipeline\\Pipeline->Illuminate\\Pipeline\\{closure}(Object(Illuminate\\Http\\Request))
#42 C:\\Users\\CENGE\\Desktop\\thesis\\backend\\vendor\\laravel\\framework\\src\\Illuminate\\Pipeline\\Pipeline.php(183): Illuminate\\Http\\Middleware\\TrustProxies->handle(Object(Illuminate\\Http\\Request), Object(Closure))
#43 C:\\Users\\CENGE\\Desktop\\thesis\\backend\\vendor\\laravel\\framework\\src\\Illuminate\\Pipeline\\Pipeline.php(119): Illuminate\\Pipeline\\Pipeline->Illuminate\\Pipeline\\{closure}(Object(Illuminate\\Http\\Request))
#44 C:\\Users\\CENGE\\Desktop\\thesis\\backend\\vendor\\laravel\\framework\\src\\Illuminate\\Foundation\\Http\\Kernel.php(175): Illuminate\\Pipeline\\Pipeline->then(Object(Closure))
#45 C:\\Users\\CENGE\\Desktop\\thesis\\backend\\vendor\\laravel\\framework\\src\\Illuminate\\Foundation\\Http\\Kernel.php(144): Illuminate\\Foundation\\Http\\Kernel->sendRequestThroughRouter(Object(Illuminate\\Http\\Request))
#46 C:\\Users\\CENGE\\Desktop\\thesis\\backend\\public\\index.php(51): Illuminate\\Foundation\\Http\\Kernel->handle(Object(Illuminate\\Http\\Request))
#47 C:\\Users\\CENGE\\Desktop\\thesis\\backend\\vendor\\laravel\\framework\\src\\Illuminate\\Foundation\\resources\\server.php(16): require_once('C:\\\\Users\\\\CENGE\\\\...')
#48 {main}

[previous exception] [object] (PDOException(code: 1049): SQLSTATE[HY000] [1049] Unknown database 'student_evaluation' at C:\\Users\\CENGE\\Desktop\\thesis\\backend\\vendor\\laravel\\framework\\src\\Illuminate\\Database\\Connectors\\Connector.php:65)
[stacktrace]
#0 C:\\Users\\CENGE\\Desktop\\thesis\\backend\\vendor\\laravel\\framework\\src\\Illuminate\\Database\\Connectors\\Connector.php(65): PDO->__construct('mysql:host=127....', 'root', Object(SensitiveParameterValue), Array)
#1 C:\\Users\\CENGE\\Desktop\\thesis\\backend\\vendor\\laravel\\framework\\src\\Illuminate\\Database\\Connectors\\Connector.php(44): Illuminate\\Database\\Connectors\\Connector->createPdoConnection('mysql:host=127....', 'root', '', Array)
#2 C:\\Users\\CENGE\\Desktop\\thesis\\backend\\vendor\\laravel\\framework\\src\\Illuminate\\Database\\Connectors\\MySqlConnector.php(24): Illuminate\\Database\\Connectors\\Connector->createConnection('mysql:host=127....', Array, Array)
#3 C:\\Users\\CENGE\\Desktop\\thesis\\backend\\vendor\\laravel\\framework\\src\\Illuminate\\Database\\Connectors\\ConnectionFactory.php(184): Illuminate\\Database\\Connectors\\MySqlConnector->connect(Array)
#4 [internal function]: Illuminate\\Database\\Connectors\\ConnectionFactory->Illuminate\\Database\\Connectors\\{closure}()
#5 C:\\Users\\CENGE\\Desktop\\thesis\\backend\\vendor\\laravel\\framework\\src\\Illuminate\\Database\\Connection.php(1339): call_user_func(Object(Closure))
#6 C:\\Users\\CENGE\\Desktop\\thesis\\backend\\vendor\\laravel\\framework\\src\\Illuminate\\Database\\Connection.php(1375): Illuminate\\Database\\Connection->getPdo()
#7 C:\\Users\\CENGE\\Desktop\\thesis\\backend\\vendor\\laravel\\framework\\src\\Illuminate\\Database\\Connection.php(528): Illuminate\\Database\\Connection->getReadPdo()
#8 C:\\Users\\CENGE\\Desktop\\thesis\\backend\\vendor\\laravel\\framework\\src\\Illuminate\\Database\\Connection.php(423): Illuminate\\Database\\Connection->getPdoForSelect(true)
#9 C:\\Users\\CENGE\\Desktop\\thesis\\backend\\vendor\\laravel\\framework\\src\\Illuminate\\Database\\Connection.php(816): Illuminate\\Database\\Connection->Illuminate\\Database\\{closure}('select count(*)...', Array)
#10 C:\\Users\\CENGE\\Desktop\\thesis\\backend\\vendor\\laravel\\framework\\src\\Illuminate\\Database\\Connection.php(783): Illuminate\\Database\\Connection->runQueryCallback('select count(*)...', Array, Object(Closure))
#11 C:\\Users\\CENGE\\Desktop\\thesis\\backend\\vendor\\laravel\\framework\\src\\Illuminate\\Database\\Connection.php(414): Illuminate\\Database\\Connection->run('select count(*)...', Array, Object(Closure))
#12 C:\\Users\\CENGE\\Desktop\\thesis\\backend\\vendor\\laravel\\framework\\src\\Illuminate\\Database\\Query\\Builder.php(2913): Illuminate\\Database\\Connection->select('select count(*)...', Array, true)
#13 C:\\Users\\CENGE\\Desktop\\thesis\\backend\\vendor\\laravel\\framework\\src\\Illuminate\\Database\\Query\\Builder.php(2902): Illuminate\\Database\\Query\\Builder->runSelect()
#14 C:\\Users\\CENGE\\Desktop\\thesis\\backend\\vendor\\laravel\\framework\\src\\Illuminate\\Database\\Query\\Builder.php(3456): Illuminate\\Database\\Query\\Builder->Illuminate\\Database\\Query\\{closure}()
#15 C:\\Users\\CENGE\\Desktop\\thesis\\backend\\vendor\\laravel\\framework\\src\\Illuminate\\Database\\Query\\Builder.php(2901): Illuminate\\Database\\Query\\Builder->onceWithColumns(Array, Object(Closure))
#16 C:\\Users\\CENGE\\Desktop\\thesis\\backend\\vendor\\laravel\\framework\\src\\Illuminate\\Database\\Query\\Builder.php(3066): Illuminate\\Database\\Query\\Builder->get()
#17 C:\\Users\\CENGE\\Desktop\\thesis\\backend\\vendor\\laravel\\framework\\src\\Illuminate\\Database\\Query\\Builder.php(3025): Illuminate\\Database\\Query\\Builder->runPaginationCountQuery(Array)
#18 C:\\Users\\CENGE\\Desktop\\thesis\\backend\\vendor\\laravel\\framework\\src\\Illuminate\\Database\\Eloquent\\Builder.php(923): Illuminate\\Database\\Query\\Builder->getCountForPagination()
#19 C:\\Users\\CENGE\\Desktop\\thesis\\backend\\app\\Http\\Controllers\\StudentController.php(22): Illuminate\\Database\\Eloquent\\Builder->paginate(10)
#20 C:\\Users\\CENGE\\Desktop\\thesis\\backend\\vendor\\laravel\\framework\\src\\Illuminate\\Routing\\Controller.php(54): App\\Http\\Controllers\\StudentController->index(Object(Illuminate\\Http\\Request))
#21 C:\\Users\\CENGE\\Desktop\\thesis\\backend\\vendor\\laravel\\framework\\src\\Illuminate\\Routing\\ControllerDispatcher.php(43): Illuminate\\Routing\\Controller->callAction('index', Array)
#22 C:\\Users\\CENGE\\Desktop\\thesis\\backend\\vendor\\laravel\\framework\\src\\Illuminate\\Routing\\Route.php(259): Illuminate\\Routing\\ControllerDispatcher->dispatch(Object(Illuminate\\Routing\\Route), Object(App\\Http\\Controllers\\StudentController), 'index')
#23 C:\\Users\\CENGE\\Desktop\\thesis\\backend\\vendor\\laravel\\framework\\src\\Illuminate\\Routing\\Route.php(205): Illuminate\\Routing\\Route->runController()
#24 C:\\Users\\CENGE\\Desktop\\thesis\\backend\\vendor\\laravel\\framework\\src\\Illuminate\\Routing\\Router.php(806): Illuminate\\Routing\\Route->run()
#25 C:\\Users\\CENGE\\Desktop\\thesis\\backend\\vendor\\laravel\\framework\\src\\Illuminate\\Pipeline\\Pipeline.php(144): Illuminate\\Routing\\Router->Illuminate\\Routing\\{closure}(Object(Illuminate\\Http\\Request))
#26 C:\\Users\\CENGE\\Desktop\\thesis\\backend\\vendor\\laravel\\framework\\src\\Illuminate\\Routing\\Middleware\\SubstituteBindings.php(50): Illuminate\\Pipeline\\Pipeline->Illuminate\\Pipeline\\{closure}(Object(Illuminate\\Http\\Request))
#27 C:\\Users\\CENGE\\Desktop\\thesis\\backend\\vendor\\laravel\\framework\\src\\Illuminate\\Pipeline\\Pipeline.php(183): Illuminate\\Routing\\Middleware\\SubstituteBindings->handle(Object(Illuminate\\Http\\Request), Object(Closure))
#28 C:\\Users\\CENGE\\Desktop\\thesis\\backend\\vendor\\laravel\\framework\\src\\Illuminate\\Routing\\Middleware\\ThrottleRequests.php(159): Illuminate\\Pipeline\\Pipeline->Illuminate\\Pipeline\\{closure}(Object(Illuminate\\Http\\Request))
#29 C:\\Users\\CENGE\\Desktop\\thesis\\backend\\vendor\\laravel\\framework\\src\\Illuminate\\Routing\\Middleware\\ThrottleRequests.php(125): Illuminate\\Routing\\Middleware\\ThrottleRequests->handleRequest(Object(Illuminate\\Http\\Request), Object(Closure), Array)
#30 C:\\Users\\CENGE\\Desktop\\thesis\\backend\\vendor\\laravel\\framework\\src\\Illuminate\\Routing\\Middleware\\ThrottleRequests.php(87): Illuminate\\Routing\\Middleware\\ThrottleRequests->handleRequestUsingNamedLimiter(Object(Illuminate\\Http\\Request), Object(Closure), 'api', Object(Closure))
#31 C:\\Users\\CENGE\\Desktop\\thesis\\backend\\vendor\\laravel\\framework\\src\\Illuminate\\Pipeline\\Pipeline.php(183): Illuminate\\Routing\\Middleware\\ThrottleRequests->handle(Object(Illuminate\\Http\\Request), Object(Closure), 'api')
#32 C:\\Users\\CENGE\\Desktop\\thesis\\backend\\vendor\\laravel\\framework\\src\\Illuminate\\Pipeline\\Pipeline.php(119): Illuminate\\Pipeline\\Pipeline->Illuminate\\Pipeline\\{closure}(Object(Illuminate\\Http\\Request))
#33 C:\\Users\\CENGE\\Desktop\\thesis\\backend\\vendor\\laravel\\framework\\src\\Illuminate\\Routing\\Router.php(805): Illuminate\\Pipeline\\Pipeline->then(Object(Closure))
#34 C:\\Users\\CENGE\\Desktop\\thesis\\backend\\vendor\\laravel\\framework\\src\\Illuminate\\Routing\\Router.php(784): Illuminate\\Routing\\Router->runRouteWithinStack(Object(Illuminate\\Routing\\Route), Object(Illuminate\\Http\\Request))
#35 C:\\Users\\CENGE\\Desktop\\thesis\\backend\\vendor\\laravel\\framework\\src\\Illuminate\\Routing\\Router.php(748): Illuminate\\Routing\\Router->runRoute(Object(Illuminate\\Http\\Request), Object(Illuminate\\Routing\\Route))
#36 C:\\Users\\CENGE\\Desktop\\thesis\\backend\\vendor\\laravel\\framework\\src\\Illuminate\\Routing\\Router.php(737): Illuminate\\Routing\\Router->dispatchToRoute(Object(Illuminate\\Http\\Request))
#37 C:\\Users\\CENGE\\Desktop\\thesis\\backend\\vendor\\laravel\\framework\\src\\Illuminate\\Foundation\\Http\\Kernel.php(200): Illuminate\\Routing\\Router->dispatch(Object(Illuminate\\Http\\Request))
#38 C:\\Users\\CENGE\\Desktop\\thesis\\backend\\vendor\\laravel\\framework\\src\\Illuminate\\Pipeline\\Pipeline.php(144): Illuminate\\Foundation\\Http\\Kernel->Illuminate\\Foundation\\Http\\{closure}(Object(Illuminate\\Http\\Request))
#39 C:\\Users\\CENGE\\Desktop\\thesis\\backend\\vendor\\laravel\\framework\\src\\Illuminate\\Foundation\\Http\\Middleware\\TransformsRequest.php(21): Illuminate\\Pipeline\\Pipeline->Illuminate\\Pipeline\\{closure}(Object(Illuminate\\Http\\Request))
#40 C:\\Users\\CENGE\\Desktop\\thesis\\backend\\vendor\\laravel\\framework\\src\\Illuminate\\Foundation\\Http\\Middleware\\ConvertEmptyStringsToNull.php(31): Illuminate\\Foundation\\Http\\Middleware\\TransformsRequest->handle(Object(Illuminate\\Http\\Request), Object(Closure))
#41 C:\\Users\\CENGE\\Desktop\\thesis\\backend\\vendor\\laravel\\framework\\src\\Illuminate\\Pipeline\\Pipeline.php(183): Illuminate\\Foundation\\Http\\Middleware\\ConvertEmptyStringsToNull->handle(Object(Illuminate\\Http\\Request), Object(Closure))
#42 C:\\Users\\CENGE\\Desktop\\thesis\\backend\\vendor\\laravel\\framework\\src\\Illuminate\\Foundation\\Http\\Middleware\\TransformsRequest.php(21): Illuminate\\Pipeline\\Pipeline->Illuminate\\Pipeline\\{closure}(Object(Illuminate\\Http\\Request))
#43 C:\\Users\\CENGE\\Desktop\\thesis\\backend\\vendor\\laravel\\framework\\src\\Illuminate\\Foundation\\Http\\Middleware\\TrimStrings.php(40): Illuminate\\Foundation\\Http\\Middleware\\TransformsRequest->handle(Object(Illuminate\\Http\\Request), Object(Closure))
#44 C:\\Users\\CENGE\\Desktop\\thesis\\backend\\vendor\\laravel\\framework\\src\\Illuminate\\Pipeline\\Pipeline.php(183): Illuminate\\Foundation\\Http\\Middleware\\TrimStrings->handle(Object(Illuminate\\Http\\Request), Object(Closure))
#45 C:\\Users\\CENGE\\Desktop\\thesis\\backend\\vendor\\laravel\\framework\\src\\Illuminate\\Foundation\\Http\\Middleware\\ValidatePostSize.php(27): Illuminate\\Pipeline\\Pipeline->Illuminate\\Pipeline\\{closure}(Object(Illuminate\\Http\\Request))
#46 C:\\Users\\CENGE\\Desktop\\thesis\\backend\\vendor\\laravel\\framework\\src\\Illuminate\\Pipeline\\Pipeline.php(183): Illuminate\\Foundation\\Http\\Middleware\\ValidatePostSize->handle(Object(Illuminate\\Http\\Request), Object(Closure))
#47 C:\\Users\\CENGE\\Desktop\\thesis\\backend\\vendor\\laravel\\framework\\src\\Illuminate\\Foundation\\Http\\Middleware\\PreventRequestsDuringMaintenance.php(99): Illuminate\\Pipeline\\Pipeline->Illuminate\\Pipeline\\{closure}(Object(Illuminate\\Http\\Request))
#48 C:\\Users\\CENGE\\Desktop\\thesis\\backend\\vendor\\laravel\\framework\\src\\Illuminate\\Pipeline\\Pipeline.php(183): Illuminate\\Foundation\\Http\\Middleware\\PreventRequestsDuringMaintenance->handle(Object(Illuminate\\Http\\Request), Object(Closure))
#49 C:\\Users\\CENGE\\Desktop\\thesis\\backend\\vendor\\laravel\\framework\\src\\Illuminate\\Http\\Middleware\\HandleCors.php(62): Illuminate\\Pipeline\\Pipeline->Illuminate\\Pipeline\\{closure}(Object(Illuminate\\Http\\Request))
#50 C:\\Users\\CENGE\\Desktop\\thesis\\backend\\vendor\\laravel\\framework\\src\\Illuminate\\Pipeline\\Pipeline.php(183): Illuminate\\Http\\Middleware\\HandleCors->handle(Object(Illuminate\\Http\\Request), Object(Closure))
#51 C:\\Users\\CENGE\\Desktop\\thesis\\backend\\vendor\\laravel\\framework\\src\\Illuminate\\Http\\Middleware\\TrustProxies.php(39): Illuminate\\Pipeline\\Pipeline->Illuminate\\Pipeline\\{closure}(Object(Illuminate\\Http\\Request))
#52 C:\\Users\\CENGE\\Desktop\\thesis\\backend\\vendor\\laravel\\framework\\src\\Illuminate\\Pipeline\\Pipeline.php(183): Illuminate\\Http\\Middleware\\TrustProxies->handle(Object(Illuminate\\Http\\Request), Object(Closure))
#53 C:\\Users\\CENGE\\Desktop\\thesis\\backend\\vendor\\laravel\\framework\\src\\Illuminate\\Pipeline\\Pipeline.php(119): Illuminate\\Pipeline\\Pipeline->Illuminate\\Pipeline\\{closure}(Object(Illuminate\\Http\\Request))
#54 C:\\Users\\CENGE\\Desktop\\thesis\\backend\\vendor\\laravel\\framework\\src\\Illuminate\\Foundation\\Http\\Kernel.php(175): Illuminate\\Pipeline\\Pipeline->then(Object(Closure))
#55 C:\\Users\\CENGE\\Desktop\\thesis\\backend\\vendor\\laravel\\framework\\src\\Illuminate\\Foundation\\Http\\Kernel.php(144): Illuminate\\Foundation\\Http\\Kernel->sendRequestThroughRouter(Object(Illuminate\\Http\\Request))
#56 C:\\Users\\CENGE\\Desktop\\thesis\\backend\\public\\index.php(51): Illuminate\\Foundation\\Http\\Kernel->handle(Object(Illuminate\\Http\\Request))
#57 C:\\Users\\CENGE\\Desktop\\thesis\\backend\\vendor\\laravel\\framework\\src\\Illuminate\\Foundation\\resources\\server.php(16): require_once('C:\\\\Users\\\\CENGE\\\\...')
#58 {main}
"} 
[2025-02-04 16:24:14] local.ERROR: SQLSTATE[HY000] [1049] Unknown database 'student_evaluation' (Connection: mysql, SQL: select count(*) as aggregate from `students` where `student_id` like %% or `first_name` like %% or `last_name` like %%) {"exception":"[object] (Illuminate\\Database\\QueryException(code: 1049): SQLSTATE[HY000] [1049] Unknown database 'student_evaluation' (Connection: mysql, SQL: select count(*) as aggregate from `students` where `student_id` like %% or `first_name` like %% or `last_name` like %%) at C:\\Users\\CENGE\\Desktop\\thesis\\backend\\vendor\\laravel\\framework\\src\\Illuminate\\Database\\Connection.php:829)
[stacktrace]
#0 C:\\Users\\CENGE\\Desktop\\thesis\\backend\\vendor\\laravel\\framework\\src\\Illuminate\\Database\\Connection.php(783): Illuminate\\Database\\Connection->runQueryCallback('select count(*)...', Array, Object(Closure))
#1 C:\\Users\\CENGE\\Desktop\\thesis\\backend\\vendor\\laravel\\framework\\src\\Illuminate\\Database\\Connection.php(414): Illuminate\\Database\\Connection->run('select count(*)...', Array, Object(Closure))
#2 C:\\Users\\CENGE\\Desktop\\thesis\\backend\\vendor\\laravel\\framework\\src\\Illuminate\\Database\\Query\\Builder.php(2913): Illuminate\\Database\\Connection->select('select count(*)...', Array, true)
#3 C:\\Users\\CENGE\\Desktop\\thesis\\backend\\vendor\\laravel\\framework\\src\\Illuminate\\Database\\Query\\Builder.php(2902): Illuminate\\Database\\Query\\Builder->runSelect()
#4 C:\\Users\\CENGE\\Desktop\\thesis\\backend\\vendor\\laravel\\framework\\src\\Illuminate\\Database\\Query\\Builder.php(3456): Illuminate\\Database\\Query\\Builder->Illuminate\\Database\\Query\\{closure}()
#5 C:\\Users\\CENGE\\Desktop\\thesis\\backend\\vendor\\laravel\\framework\\src\\Illuminate\\Database\\Query\\Builder.php(2901): Illuminate\\Database\\Query\\Builder->onceWithColumns(Array, Object(Closure))
#6 C:\\Users\\CENGE\\Desktop\\thesis\\backend\\vendor\\laravel\\framework\\src\\Illuminate\\Database\\Query\\Builder.php(3066): Illuminate\\Database\\Query\\Builder->get()
#7 C:\\Users\\CENGE\\Desktop\\thesis\\backend\\vendor\\laravel\\framework\\src\\Illuminate\\Database\\Query\\Builder.php(3025): Illuminate\\Database\\Query\\Builder->runPaginationCountQuery(Array)
#8 C:\\Users\\CENGE\\Desktop\\thesis\\backend\\vendor\\laravel\\framework\\src\\Illuminate\\Database\\Eloquent\\Builder.php(923): Illuminate\\Database\\Query\\Builder->getCountForPagination()
#9 C:\\Users\\CENGE\\Desktop\\thesis\\backend\\app\\Http\\Controllers\\StudentController.php(22): Illuminate\\Database\\Eloquent\\Builder->paginate(10)
#10 C:\\Users\\CENGE\\Desktop\\thesis\\backend\\vendor\\laravel\\framework\\src\\Illuminate\\Routing\\Controller.php(54): App\\Http\\Controllers\\StudentController->index(Object(Illuminate\\Http\\Request))
#11 C:\\Users\\CENGE\\Desktop\\thesis\\backend\\vendor\\laravel\\framework\\src\\Illuminate\\Routing\\ControllerDispatcher.php(43): Illuminate\\Routing\\Controller->callAction('index', Array)
#12 C:\\Users\\CENGE\\Desktop\\thesis\\backend\\vendor\\laravel\\framework\\src\\Illuminate\\Routing\\Route.php(259): Illuminate\\Routing\\ControllerDispatcher->dispatch(Object(Illuminate\\Routing\\Route), Object(App\\Http\\Controllers\\StudentController), 'index')
#13 C:\\Users\\CENGE\\Desktop\\thesis\\backend\\vendor\\laravel\\framework\\src\\Illuminate\\Routing\\Route.php(205): Illuminate\\Routing\\Route->runController()
#14 C:\\Users\\CENGE\\Desktop\\thesis\\backend\\vendor\\laravel\\framework\\src\\Illuminate\\Routing\\Router.php(806): Illuminate\\Routing\\Route->run()
#15 C:\\Users\\CENGE\\Desktop\\thesis\\backend\\vendor\\laravel\\framework\\src\\Illuminate\\Pipeline\\Pipeline.php(144): Illuminate\\Routing\\Router->Illuminate\\Routing\\{closure}(Object(Illuminate\\Http\\Request))
#16 C:\\Users\\CENGE\\Desktop\\thesis\\backend\\vendor\\laravel\\framework\\src\\Illuminate\\Routing\\Middleware\\SubstituteBindings.php(50): Illuminate\\Pipeline\\Pipeline->Illuminate\\Pipeline\\{closure}(Object(Illuminate\\Http\\Request))
#17 C:\\Users\\CENGE\\Desktop\\thesis\\backend\\vendor\\laravel\\framework\\src\\Illuminate\\Pipeline\\Pipeline.php(183): Illuminate\\Routing\\Middleware\\SubstituteBindings->handle(Object(Illuminate\\Http\\Request), Object(Closure))
#18 C:\\Users\\CENGE\\Desktop\\thesis\\backend\\vendor\\laravel\\framework\\src\\Illuminate\\Routing\\Middleware\\ThrottleRequests.php(159): Illuminate\\Pipeline\\Pipeline->Illuminate\\Pipeline\\{closure}(Object(Illuminate\\Http\\Request))
#19 C:\\Users\\CENGE\\Desktop\\thesis\\backend\\vendor\\laravel\\framework\\src\\Illuminate\\Routing\\Middleware\\ThrottleRequests.php(125): Illuminate\\Routing\\Middleware\\ThrottleRequests->handleRequest(Object(Illuminate\\Http\\Request), Object(Closure), Array)
#20 C:\\Users\\CENGE\\Desktop\\thesis\\backend\\vendor\\laravel\\framework\\src\\Illuminate\\Routing\\Middleware\\ThrottleRequests.php(87): Illuminate\\Routing\\Middleware\\ThrottleRequests->handleRequestUsingNamedLimiter(Object(Illuminate\\Http\\Request), Object(Closure), 'api', Object(Closure))
#21 C:\\Users\\CENGE\\Desktop\\thesis\\backend\\vendor\\laravel\\framework\\src\\Illuminate\\Pipeline\\Pipeline.php(183): Illuminate\\Routing\\Middleware\\ThrottleRequests->handle(Object(Illuminate\\Http\\Request), Object(Closure), 'api')
#22 C:\\Users\\CENGE\\Desktop\\thesis\\backend\\vendor\\laravel\\framework\\src\\Illuminate\\Pipeline\\Pipeline.php(119): Illuminate\\Pipeline\\Pipeline->Illuminate\\Pipeline\\{closure}(Object(Illuminate\\Http\\Request))
#23 C:\\Users\\CENGE\\Desktop\\thesis\\backend\\vendor\\laravel\\framework\\src\\Illuminate\\Routing\\Router.php(805): Illuminate\\Pipeline\\Pipeline->then(Object(Closure))
#24 C:\\Users\\CENGE\\Desktop\\thesis\\backend\\vendor\\laravel\\framework\\src\\Illuminate\\Routing\\Router.php(784): Illuminate\\Routing\\Router->runRouteWithinStack(Object(Illuminate\\Routing\\Route), Object(Illuminate\\Http\\Request))
#25 C:\\Users\\CENGE\\Desktop\\thesis\\backend\\vendor\\laravel\\framework\\src\\Illuminate\\Routing\\Router.php(748): Illuminate\\Routing\\Router->runRoute(Object(Illuminate\\Http\\Request), Object(Illuminate\\Routing\\Route))
#26 C:\\Users\\CENGE\\Desktop\\thesis\\backend\\vendor\\laravel\\framework\\src\\Illuminate\\Routing\\Router.php(737): Illuminate\\Routing\\Router->dispatchToRoute(Object(Illuminate\\Http\\Request))
#27 C:\\Users\\CENGE\\Desktop\\thesis\\backend\\vendor\\laravel\\framework\\src\\Illuminate\\Foundation\\Http\\Kernel.php(200): Illuminate\\Routing\\Router->dispatch(Object(Illuminate\\Http\\Request))
#28 C:\\Users\\CENGE\\Desktop\\thesis\\backend\\vendor\\laravel\\framework\\src\\Illuminate\\Pipeline\\Pipeline.php(144): Illuminate\\Foundation\\Http\\Kernel->Illuminate\\Foundation\\Http\\{closure}(Object(Illuminate\\Http\\Request))
#29 C:\\Users\\CENGE\\Desktop\\thesis\\backend\\vendor\\laravel\\framework\\src\\Illuminate\\Foundation\\Http\\Middleware\\TransformsRequest.php(21): Illuminate\\Pipeline\\Pipeline->Illuminate\\Pipeline\\{closure}(Object(Illuminate\\Http\\Request))
#30 C:\\Users\\CENGE\\Desktop\\thesis\\backend\\vendor\\laravel\\framework\\src\\Illuminate\\Foundation\\Http\\Middleware\\ConvertEmptyStringsToNull.php(31): Illuminate\\Foundation\\Http\\Middleware\\TransformsRequest->handle(Object(Illuminate\\Http\\Request), Object(Closure))
#31 C:\\Users\\CENGE\\Desktop\\thesis\\backend\\vendor\\laravel\\framework\\src\\Illuminate\\Pipeline\\Pipeline.php(183): Illuminate\\Foundation\\Http\\Middleware\\ConvertEmptyStringsToNull->handle(Object(Illuminate\\Http\\Request), Object(Closure))
#32 C:\\Users\\CENGE\\Desktop\\thesis\\backend\\vendor\\laravel\\framework\\src\\Illuminate\\Foundation\\Http\\Middleware\\TransformsRequest.php(21): Illuminate\\Pipeline\\Pipeline->Illuminate\\Pipeline\\{closure}(Object(Illuminate\\Http\\Request))
#33 C:\\Users\\CENGE\\Desktop\\thesis\\backend\\vendor\\laravel\\framework\\src\\Illuminate\\Foundation\\Http\\Middleware\\TrimStrings.php(40): Illuminate\\Foundation\\Http\\Middleware\\TransformsRequest->handle(Object(Illuminate\\Http\\Request), Object(Closure))
#34 C:\\Users\\CENGE\\Desktop\\thesis\\backend\\vendor\\laravel\\framework\\src\\Illuminate\\Pipeline\\Pipeline.php(183): Illuminate\\Foundation\\Http\\Middleware\\TrimStrings->handle(Object(Illuminate\\Http\\Request), Object(Closure))
#35 C:\\Users\\CENGE\\Desktop\\thesis\\backend\\vendor\\laravel\\framework\\src\\Illuminate\\Foundation\\Http\\Middleware\\ValidatePostSize.php(27): Illuminate\\Pipeline\\Pipeline->Illuminate\\Pipeline\\{closure}(Object(Illuminate\\Http\\Request))
#36 C:\\Users\\CENGE\\Desktop\\thesis\\backend\\vendor\\laravel\\framework\\src\\Illuminate\\Pipeline\\Pipeline.php(183): Illuminate\\Foundation\\Http\\Middleware\\ValidatePostSize->handle(Object(Illuminate\\Http\\Request), Object(Closure))
#37 C:\\Users\\CENGE\\Desktop\\thesis\\backend\\vendor\\laravel\\framework\\src\\Illuminate\\Foundation\\Http\\Middleware\\PreventRequestsDuringMaintenance.php(99): Illuminate\\Pipeline\\Pipeline->Illuminate\\Pipeline\\{closure}(Object(Illuminate\\Http\\Request))
#38 C:\\Users\\CENGE\\Desktop\\thesis\\backend\\vendor\\laravel\\framework\\src\\Illuminate\\Pipeline\\Pipeline.php(183): Illuminate\\Foundation\\Http\\Middleware\\PreventRequestsDuringMaintenance->handle(Object(Illuminate\\Http\\Request), Object(Closure))
#39 C:\\Users\\CENGE\\Desktop\\thesis\\backend\\vendor\\laravel\\framework\\src\\Illuminate\\Http\\Middleware\\HandleCors.php(62): Illuminate\\Pipeline\\Pipeline->Illuminate\\Pipeline\\{closure}(Object(Illuminate\\Http\\Request))
#40 C:\\Users\\CENGE\\Desktop\\thesis\\backend\\vendor\\laravel\\framework\\src\\Illuminate\\Pipeline\\Pipeline.php(183): Illuminate\\Http\\Middleware\\HandleCors->handle(Object(Illuminate\\Http\\Request), Object(Closure))
#41 C:\\Users\\CENGE\\Desktop\\thesis\\backend\\vendor\\laravel\\framework\\src\\Illuminate\\Http\\Middleware\\TrustProxies.php(39): Illuminate\\Pipeline\\Pipeline->Illuminate\\Pipeline\\{closure}(Object(Illuminate\\Http\\Request))
#42 C:\\Users\\CENGE\\Desktop\\thesis\\backend\\vendor\\laravel\\framework\\src\\Illuminate\\Pipeline\\Pipeline.php(183): Illuminate\\Http\\Middleware\\TrustProxies->handle(Object(Illuminate\\Http\\Request), Object(Closure))
#43 C:\\Users\\CENGE\\Desktop\\thesis\\backend\\vendor\\laravel\\framework\\src\\Illuminate\\Pipeline\\Pipeline.php(119): Illuminate\\Pipeline\\Pipeline->Illuminate\\Pipeline\\{closure}(Object(Illuminate\\Http\\Request))
#44 C:\\Users\\CENGE\\Desktop\\thesis\\backend\\vendor\\laravel\\framework\\src\\Illuminate\\Foundation\\Http\\Kernel.php(175): Illuminate\\Pipeline\\Pipeline->then(Object(Closure))
#45 C:\\Users\\CENGE\\Desktop\\thesis\\backend\\vendor\\laravel\\framework\\src\\Illuminate\\Foundation\\Http\\Kernel.php(144): Illuminate\\Foundation\\Http\\Kernel->sendRequestThroughRouter(Object(Illuminate\\Http\\Request))
#46 C:\\Users\\CENGE\\Desktop\\thesis\\backend\\public\\index.php(51): Illuminate\\Foundation\\Http\\Kernel->handle(Object(Illuminate\\Http\\Request))
#47 C:\\Users\\CENGE\\Desktop\\thesis\\backend\\vendor\\laravel\\framework\\src\\Illuminate\\Foundation\\resources\\server.php(16): require_once('C:\\\\Users\\\\CENGE\\\\...')
#48 {main}

[previous exception] [object] (PDOException(code: 1049): SQLSTATE[HY000] [1049] Unknown database 'student_evaluation' at C:\\Users\\CENGE\\Desktop\\thesis\\backend\\vendor\\laravel\\framework\\src\\Illuminate\\Database\\Connectors\\Connector.php:65)
[stacktrace]
#0 C:\\Users\\CENGE\\Desktop\\thesis\\backend\\vendor\\laravel\\framework\\src\\Illuminate\\Database\\Connectors\\Connector.php(65): PDO->__construct('mysql:host=127....', 'root', Object(SensitiveParameterValue), Array)
#1 C:\\Users\\CENGE\\Desktop\\thesis\\backend\\vendor\\laravel\\framework\\src\\Illuminate\\Database\\Connectors\\Connector.php(44): Illuminate\\Database\\Connectors\\Connector->createPdoConnection('mysql:host=127....', 'root', '', Array)
#2 C:\\Users\\CENGE\\Desktop\\thesis\\backend\\vendor\\laravel\\framework\\src\\Illuminate\\Database\\Connectors\\MySqlConnector.php(24): Illuminate\\Database\\Connectors\\Connector->createConnection('mysql:host=127....', Array, Array)
#3 C:\\Users\\CENGE\\Desktop\\thesis\\backend\\vendor\\laravel\\framework\\src\\Illuminate\\Database\\Connectors\\ConnectionFactory.php(184): Illuminate\\Database\\Connectors\\MySqlConnector->connect(Array)
#4 [internal function]: Illuminate\\Database\\Connectors\\ConnectionFactory->Illuminate\\Database\\Connectors\\{closure}()
#5 C:\\Users\\CENGE\\Desktop\\thesis\\backend\\vendor\\laravel\\framework\\src\\Illuminate\\Database\\Connection.php(1339): call_user_func(Object(Closure))
#6 C:\\Users\\CENGE\\Desktop\\thesis\\backend\\vendor\\laravel\\framework\\src\\Illuminate\\Database\\Connection.php(1375): Illuminate\\Database\\Connection->getPdo()
#7 C:\\Users\\CENGE\\Desktop\\thesis\\backend\\vendor\\laravel\\framework\\src\\Illuminate\\Database\\Connection.php(528): Illuminate\\Database\\Connection->getReadPdo()
#8 C:\\Users\\CENGE\\Desktop\\thesis\\backend\\vendor\\laravel\\framework\\src\\Illuminate\\Database\\Connection.php(423): Illuminate\\Database\\Connection->getPdoForSelect(true)
#9 C:\\Users\\CENGE\\Desktop\\thesis\\backend\\vendor\\laravel\\framework\\src\\Illuminate\\Database\\Connection.php(816): Illuminate\\Database\\Connection->Illuminate\\Database\\{closure}('select count(*)...', Array)
#10 C:\\Users\\CENGE\\Desktop\\thesis\\backend\\vendor\\laravel\\framework\\src\\Illuminate\\Database\\Connection.php(783): Illuminate\\Database\\Connection->runQueryCallback('select count(*)...', Array, Object(Closure))
#11 C:\\Users\\CENGE\\Desktop\\thesis\\backend\\vendor\\laravel\\framework\\src\\Illuminate\\Database\\Connection.php(414): Illuminate\\Database\\Connection->run('select count(*)...', Array, Object(Closure))
#12 C:\\Users\\CENGE\\Desktop\\thesis\\backend\\vendor\\laravel\\framework\\src\\Illuminate\\Database\\Query\\Builder.php(2913): Illuminate\\Database\\Connection->select('select count(*)...', Array, true)
#13 C:\\Users\\CENGE\\Desktop\\thesis\\backend\\vendor\\laravel\\framework\\src\\Illuminate\\Database\\Query\\Builder.php(2902): Illuminate\\Database\\Query\\Builder->runSelect()
#14 C:\\Users\\CENGE\\Desktop\\thesis\\backend\\vendor\\laravel\\framework\\src\\Illuminate\\Database\\Query\\Builder.php(3456): Illuminate\\Database\\Query\\Builder->Illuminate\\Database\\Query\\{closure}()
#15 C:\\Users\\CENGE\\Desktop\\thesis\\backend\\vendor\\laravel\\framework\\src\\Illuminate\\Database\\Query\\Builder.php(2901): Illuminate\\Database\\Query\\Builder->onceWithColumns(Array, Object(Closure))
#16 C:\\Users\\CENGE\\Desktop\\thesis\\backend\\vendor\\laravel\\framework\\src\\Illuminate\\Database\\Query\\Builder.php(3066): Illuminate\\Database\\Query\\Builder->get()
#17 C:\\Users\\CENGE\\Desktop\\thesis\\backend\\vendor\\laravel\\framework\\src\\Illuminate\\Database\\Query\\Builder.php(3025): Illuminate\\Database\\Query\\Builder->runPaginationCountQuery(Array)
#18 C:\\Users\\CENGE\\Desktop\\thesis\\backend\\vendor\\laravel\\framework\\src\\Illuminate\\Database\\Eloquent\\Builder.php(923): Illuminate\\Database\\Query\\Builder->getCountForPagination()
#19 C:\\Users\\CENGE\\Desktop\\thesis\\backend\\app\\Http\\Controllers\\StudentController.php(22): Illuminate\\Database\\Eloquent\\Builder->paginate(10)
#20 C:\\Users\\CENGE\\Desktop\\thesis\\backend\\vendor\\laravel\\framework\\src\\Illuminate\\Routing\\Controller.php(54): App\\Http\\Controllers\\StudentController->index(Object(Illuminate\\Http\\Request))
#21 C:\\Users\\CENGE\\Desktop\\thesis\\backend\\vendor\\laravel\\framework\\src\\Illuminate\\Routing\\ControllerDispatcher.php(43): Illuminate\\Routing\\Controller->callAction('index', Array)
#22 C:\\Users\\CENGE\\Desktop\\thesis\\backend\\vendor\\laravel\\framework\\src\\Illuminate\\Routing\\Route.php(259): Illuminate\\Routing\\ControllerDispatcher->dispatch(Object(Illuminate\\Routing\\Route), Object(App\\Http\\Controllers\\StudentController), 'index')
#23 C:\\Users\\CENGE\\Desktop\\thesis\\backend\\vendor\\laravel\\framework\\src\\Illuminate\\Routing\\Route.php(205): Illuminate\\Routing\\Route->runController()
#24 C:\\Users\\CENGE\\Desktop\\thesis\\backend\\vendor\\laravel\\framework\\src\\Illuminate\\Routing\\Router.php(806): Illuminate\\Routing\\Route->run()
#25 C:\\Users\\CENGE\\Desktop\\thesis\\backend\\vendor\\laravel\\framework\\src\\Illuminate\\Pipeline\\Pipeline.php(144): Illuminate\\Routing\\Router->Illuminate\\Routing\\{closure}(Object(Illuminate\\Http\\Request))
#26 C:\\Users\\CENGE\\Desktop\\thesis\\backend\\vendor\\laravel\\framework\\src\\Illuminate\\Routing\\Middleware\\SubstituteBindings.php(50): Illuminate\\Pipeline\\Pipeline->Illuminate\\Pipeline\\{closure}(Object(Illuminate\\Http\\Request))
#27 C:\\Users\\CENGE\\Desktop\\thesis\\backend\\vendor\\laravel\\framework\\src\\Illuminate\\Pipeline\\Pipeline.php(183): Illuminate\\Routing\\Middleware\\SubstituteBindings->handle(Object(Illuminate\\Http\\Request), Object(Closure))
#28 C:\\Users\\CENGE\\Desktop\\thesis\\backend\\vendor\\laravel\\framework\\src\\Illuminate\\Routing\\Middleware\\ThrottleRequests.php(159): Illuminate\\Pipeline\\Pipeline->Illuminate\\Pipeline\\{closure}(Object(Illuminate\\Http\\Request))
#29 C:\\Users\\CENGE\\Desktop\\thesis\\backend\\vendor\\laravel\\framework\\src\\Illuminate\\Routing\\Middleware\\ThrottleRequests.php(125): Illuminate\\Routing\\Middleware\\ThrottleRequests->handleRequest(Object(Illuminate\\Http\\Request), Object(Closure), Array)
#30 C:\\Users\\CENGE\\Desktop\\thesis\\backend\\vendor\\laravel\\framework\\src\\Illuminate\\Routing\\Middleware\\ThrottleRequests.php(87): Illuminate\\Routing\\Middleware\\ThrottleRequests->handleRequestUsingNamedLimiter(Object(Illuminate\\Http\\Request), Object(Closure), 'api', Object(Closure))
#31 C:\\Users\\CENGE\\Desktop\\thesis\\backend\\vendor\\laravel\\framework\\src\\Illuminate\\Pipeline\\Pipeline.php(183): Illuminate\\Routing\\Middleware\\ThrottleRequests->handle(Object(Illuminate\\Http\\Request), Object(Closure), 'api')
#32 C:\\Users\\CENGE\\Desktop\\thesis\\backend\\vendor\\laravel\\framework\\src\\Illuminate\\Pipeline\\Pipeline.php(119): Illuminate\\Pipeline\\Pipeline->Illuminate\\Pipeline\\{closure}(Object(Illuminate\\Http\\Request))
#33 C:\\Users\\CENGE\\Desktop\\thesis\\backend\\vendor\\laravel\\framework\\src\\Illuminate\\Routing\\Router.php(805): Illuminate\\Pipeline\\Pipeline->then(Object(Closure))
#34 C:\\Users\\CENGE\\Desktop\\thesis\\backend\\vendor\\laravel\\framework\\src\\Illuminate\\Routing\\Router.php(784): Illuminate\\Routing\\Router->runRouteWithinStack(Object(Illuminate\\Routing\\Route), Object(Illuminate\\Http\\Request))
#35 C:\\Users\\CENGE\\Desktop\\thesis\\backend\\vendor\\laravel\\framework\\src\\Illuminate\\Routing\\Router.php(748): Illuminate\\Routing\\Router->runRoute(Object(Illuminate\\Http\\Request), Object(Illuminate\\Routing\\Route))
#36 C:\\Users\\CENGE\\Desktop\\thesis\\backend\\vendor\\laravel\\framework\\src\\Illuminate\\Routing\\Router.php(737): Illuminate\\Routing\\Router->dispatchToRoute(Object(Illuminate\\Http\\Request))
#37 C:\\Users\\CENGE\\Desktop\\thesis\\backend\\vendor\\laravel\\framework\\src\\Illuminate\\Foundation\\Http\\Kernel.php(200): Illuminate\\Routing\\Router->dispatch(Object(Illuminate\\Http\\Request))
#38 C:\\Users\\CENGE\\Desktop\\thesis\\backend\\vendor\\laravel\\framework\\src\\Illuminate\\Pipeline\\Pipeline.php(144): Illuminate\\Foundation\\Http\\Kernel->Illuminate\\Foundation\\Http\\{closure}(Object(Illuminate\\Http\\Request))
#39 C:\\Users\\CENGE\\Desktop\\thesis\\backend\\vendor\\laravel\\framework\\src\\Illuminate\\Foundation\\Http\\Middleware\\TransformsRequest.php(21): Illuminate\\Pipeline\\Pipeline->Illuminate\\Pipeline\\{closure}(Object(Illuminate\\Http\\Request))
#40 C:\\Users\\CENGE\\Desktop\\thesis\\backend\\vendor\\laravel\\framework\\src\\Illuminate\\Foundation\\Http\\Middleware\\ConvertEmptyStringsToNull.php(31): Illuminate\\Foundation\\Http\\Middleware\\TransformsRequest->handle(Object(Illuminate\\Http\\Request), Object(Closure))
#41 C:\\Users\\CENGE\\Desktop\\thesis\\backend\\vendor\\laravel\\framework\\src\\Illuminate\\Pipeline\\Pipeline.php(183): Illuminate\\Foundation\\Http\\Middleware\\ConvertEmptyStringsToNull->handle(Object(Illuminate\\Http\\Request), Object(Closure))
#42 C:\\Users\\CENGE\\Desktop\\thesis\\backend\\vendor\\laravel\\framework\\src\\Illuminate\\Foundation\\Http\\Middleware\\TransformsRequest.php(21): Illuminate\\Pipeline\\Pipeline->Illuminate\\Pipeline\\{closure}(Object(Illuminate\\Http\\Request))
#43 C:\\Users\\CENGE\\Desktop\\thesis\\backend\\vendor\\laravel\\framework\\src\\Illuminate\\Foundation\\Http\\Middleware\\TrimStrings.php(40): Illuminate\\Foundation\\Http\\Middleware\\TransformsRequest->handle(Object(Illuminate\\Http\\Request), Object(Closure))
#44 C:\\Users\\CENGE\\Desktop\\thesis\\backend\\vendor\\laravel\\framework\\src\\Illuminate\\Pipeline\\Pipeline.php(183): Illuminate\\Foundation\\Http\\Middleware\\TrimStrings->handle(Object(Illuminate\\Http\\Request), Object(Closure))
#45 C:\\Users\\CENGE\\Desktop\\thesis\\backend\\vendor\\laravel\\framework\\src\\Illuminate\\Foundation\\Http\\Middleware\\ValidatePostSize.php(27): Illuminate\\Pipeline\\Pipeline->Illuminate\\Pipeline\\{closure}(Object(Illuminate\\Http\\Request))
#46 C:\\Users\\CENGE\\Desktop\\thesis\\backend\\vendor\\laravel\\framework\\src\\Illuminate\\Pipeline\\Pipeline.php(183): Illuminate\\Foundation\\Http\\Middleware\\ValidatePostSize->handle(Object(Illuminate\\Http\\Request), Object(Closure))
#47 C:\\Users\\CENGE\\Desktop\\thesis\\backend\\vendor\\laravel\\framework\\src\\Illuminate\\Foundation\\Http\\Middleware\\PreventRequestsDuringMaintenance.php(99): Illuminate\\Pipeline\\Pipeline->Illuminate\\Pipeline\\{closure}(Object(Illuminate\\Http\\Request))
#48 C:\\Users\\CENGE\\Desktop\\thesis\\backend\\vendor\\laravel\\framework\\src\\Illuminate\\Pipeline\\Pipeline.php(183): Illuminate\\Foundation\\Http\\Middleware\\PreventRequestsDuringMaintenance->handle(Object(Illuminate\\Http\\Request), Object(Closure))
#49 C:\\Users\\CENGE\\Desktop\\thesis\\backend\\vendor\\laravel\\framework\\src\\Illuminate\\Http\\Middleware\\HandleCors.php(62): Illuminate\\Pipeline\\Pipeline->Illuminate\\Pipeline\\{closure}(Object(Illuminate\\Http\\Request))
#50 C:\\Users\\CENGE\\Desktop\\thesis\\backend\\vendor\\laravel\\framework\\src\\Illuminate\\Pipeline\\Pipeline.php(183): Illuminate\\Http\\Middleware\\HandleCors->handle(Object(Illuminate\\Http\\Request), Object(Closure))
#51 C:\\Users\\CENGE\\Desktop\\thesis\\backend\\vendor\\laravel\\framework\\src\\Illuminate\\Http\\Middleware\\TrustProxies.php(39): Illuminate\\Pipeline\\Pipeline->Illuminate\\Pipeline\\{closure}(Object(Illuminate\\Http\\Request))
#52 C:\\Users\\CENGE\\Desktop\\thesis\\backend\\vendor\\laravel\\framework\\src\\Illuminate\\Pipeline\\Pipeline.php(183): Illuminate\\Http\\Middleware\\TrustProxies->handle(Object(Illuminate\\Http\\Request), Object(Closure))
#53 C:\\Users\\CENGE\\Desktop\\thesis\\backend\\vendor\\laravel\\framework\\src\\Illuminate\\Pipeline\\Pipeline.php(119): Illuminate\\Pipeline\\Pipeline->Illuminate\\Pipeline\\{closure}(Object(Illuminate\\Http\\Request))
#54 C:\\Users\\CENGE\\Desktop\\thesis\\backend\\vendor\\laravel\\framework\\src\\Illuminate\\Foundation\\Http\\Kernel.php(175): Illuminate\\Pipeline\\Pipeline->then(Object(Closure))
#55 C:\\Users\\CENGE\\Desktop\\thesis\\backend\\vendor\\laravel\\framework\\src\\Illuminate\\Foundation\\Http\\Kernel.php(144): Illuminate\\Foundation\\Http\\Kernel->sendRequestThroughRouter(Object(Illuminate\\Http\\Request))
#56 C:\\Users\\CENGE\\Desktop\\thesis\\backend\\public\\index.php(51): Illuminate\\Foundation\\Http\\Kernel->handle(Object(Illuminate\\Http\\Request))
#57 C:\\Users\\CENGE\\Desktop\\thesis\\backend\\vendor\\laravel\\framework\\src\\Illuminate\\Foundation\\resources\\server.php(16): require_once('C:\\\\Users\\\\CENGE\\\\...')
#58 {main}
"} 
[2025-02-17 14:56:22] local.ERROR: Database file at path [/absolute/path/to/database.sqlite] does not exist. Ensure this is an absolute path to the database. (Connection: sqlite, SQL: PRAGMA foreign_keys = ON;) {"exception":"[object] (Illuminate\\Database\\QueryException(code: 0): Database file at path [/absolute/path/to/database.sqlite] does not exist. Ensure this is an absolute path to the database. (Connection: sqlite, SQL: PRAGMA foreign_keys = ON;) at C:\\Users\\CENGE\\Desktop\\thesis\\backend\\vendor\\laravel\\framework\\src\\Illuminate\\Database\\Connection.php:829)
[stacktrace]
#0 C:\\Users\\CENGE\\Desktop\\thesis\\backend\\vendor\\laravel\\framework\\src\\Illuminate\\Database\\Connection.php(783): Illuminate\\Database\\Connection->runQueryCallback('PRAGMA foreign_...', Array, Object(Closure))
#1 C:\\Users\\CENGE\\Desktop\\thesis\\backend\\vendor\\laravel\\framework\\src\\Illuminate\\Database\\Connection.php(576): Illuminate\\Database\\Connection->run('PRAGMA foreign_...', Array, Object(Closure))
#2 C:\\Users\\CENGE\\Desktop\\thesis\\backend\\vendor\\laravel\\framework\\src\\Illuminate\\Database\\Schema\\Builder.php(560): Illuminate\\Database\\Connection->statement('PRAGMA foreign_...')
#3 C:\\Users\\CENGE\\Desktop\\thesis\\backend\\vendor\\laravel\\framework\\src\\Illuminate\\Database\\SQLiteConnection.php(36): Illuminate\\Database\\Schema\\Builder->enableForeignKeyConstraints()
#4 C:\\Users\\CENGE\\Desktop\\thesis\\backend\\vendor\\laravel\\framework\\src\\Illuminate\\Database\\Connectors\\ConnectionFactory.php(272): Illuminate\\Database\\SQLiteConnection->__construct(Object(Closure), '/absolute/path/...', '', Array)
#5 C:\\Users\\CENGE\\Desktop\\thesis\\backend\\vendor\\laravel\\framework\\src\\Illuminate\\Database\\Connectors\\ConnectionFactory.php(75): Illuminate\\Database\\Connectors\\ConnectionFactory->createConnection('sqlite', Object(Closure), '/absolute/path/...', '', Array)
#6 C:\\Users\\CENGE\\Desktop\\thesis\\backend\\vendor\\laravel\\framework\\src\\Illuminate\\Database\\Connectors\\ConnectionFactory.php(50): Illuminate\\Database\\Connectors\\ConnectionFactory->createSingleConnection(Array)
#7 C:\\Users\\CENGE\\Desktop\\thesis\\backend\\vendor\\laravel\\framework\\src\\Illuminate\\Database\\DatabaseManager.php(175): Illuminate\\Database\\Connectors\\ConnectionFactory->make(Array, 'sqlite')
#8 C:\\Users\\CENGE\\Desktop\\thesis\\backend\\vendor\\laravel\\framework\\src\\Illuminate\\Database\\DatabaseManager.php(101): Illuminate\\Database\\DatabaseManager->makeConnection('sqlite')
#9 C:\\Users\\CENGE\\Desktop\\thesis\\backend\\vendor\\laravel\\framework\\src\\Illuminate\\Database\\DatabaseServiceProvider.php(74): Illuminate\\Database\\DatabaseManager->connection()
#10 C:\\Users\\CENGE\\Desktop\\thesis\\backend\\vendor\\laravel\\framework\\src\\Illuminate\\Container\\Container.php(908): Illuminate\\Database\\DatabaseServiceProvider->Illuminate\\Database\\{closure}(Object(Illuminate\\Foundation\\Application), Array)
#11 C:\\Users\\CENGE\\Desktop\\thesis\\backend\\vendor\\laravel\\framework\\src\\Illuminate\\Container\\Container.php(795): Illuminate\\Container\\Container->build(Object(Closure))
#12 C:\\Users\\CENGE\\Desktop\\thesis\\backend\\vendor\\laravel\\framework\\src\\Illuminate\\Foundation\\Application.php(961): Illuminate\\Container\\Container->resolve('db.schema', Array, true)
#13 C:\\Users\\CENGE\\Desktop\\thesis\\backend\\vendor\\laravel\\framework\\src\\Illuminate\\Container\\Container.php(731): Illuminate\\Foundation\\Application->resolve('db.schema', Array)
#14 C:\\Users\\CENGE\\Desktop\\thesis\\backend\\vendor\\laravel\\framework\\src\\Illuminate\\Foundation\\Application.php(946): Illuminate\\Container\\Container->make('db.schema', Array)
#15 C:\\Users\\CENGE\\Desktop\\thesis\\backend\\vendor\\laravel\\framework\\src\\Illuminate\\Container\\Container.php(1454): Illuminate\\Foundation\\Application->make('db.schema')
#16 C:\\Users\\CENGE\\Desktop\\thesis\\backend\\vendor\\laravel\\framework\\src\\Illuminate\\Support\\Facades\\Facade.php(240): Illuminate\\Container\\Container->offsetGet('db.schema')
#17 C:\\Users\\CENGE\\Desktop\\thesis\\backend\\vendor\\laravel\\framework\\src\\Illuminate\\Support\\Facades\\Facade.php(208): Illuminate\\Support\\Facades\\Facade::resolveFacadeInstance('db.schema')
#18 C:\\Users\\CENGE\\Desktop\\thesis\\backend\\vendor\\laravel\\framework\\src\\Illuminate\\Support\\Facades\\Facade.php(349): Illuminate\\Support\\Facades\\Facade::getFacadeRoot()
#19 C:\\Users\\CENGE\\Desktop\\thesis\\backend\\app\\Providers\\AppServiceProvider.php(22): Illuminate\\Support\\Facades\\Facade::__callStatic('defaultStringLe...', Array)
#20 C:\\Users\\CENGE\\Desktop\\thesis\\backend\\vendor\\laravel\\framework\\src\\Illuminate\\Container\\BoundMethod.php(36): App\\Providers\\AppServiceProvider->boot()
#21 C:\\Users\\CENGE\\Desktop\\thesis\\backend\\vendor\\laravel\\framework\\src\\Illuminate\\Container\\Util.php(41): Illuminate\\Container\\BoundMethod::Illuminate\\Container\\{closure}()
#22 C:\\Users\\CENGE\\Desktop\\thesis\\backend\\vendor\\laravel\\framework\\src\\Illuminate\\Container\\BoundMethod.php(93): Illuminate\\Container\\Util::unwrapIfClosure(Object(Closure))
#23 C:\\Users\\CENGE\\Desktop\\thesis\\backend\\vendor\\laravel\\framework\\src\\Illuminate\\Container\\BoundMethod.php(35): Illuminate\\Container\\BoundMethod::callBoundMethod(Object(Illuminate\\Foundation\\Application), Array, Object(Closure))
#24 C:\\Users\\CENGE\\Desktop\\thesis\\backend\\vendor\\laravel\\framework\\src\\Illuminate\\Container\\Container.php(662): Illuminate\\Container\\BoundMethod::call(Object(Illuminate\\Foundation\\Application), Array, Array, NULL)
#25 C:\\Users\\CENGE\\Desktop\\thesis\\backend\\vendor\\laravel\\framework\\src\\Illuminate\\Foundation\\Application.php(1034): Illuminate\\Container\\Container->call(Array)
#26 C:\\Users\\CENGE\\Desktop\\thesis\\backend\\vendor\\laravel\\framework\\src\\Illuminate\\Foundation\\Application.php(1015): Illuminate\\Foundation\\Application->bootProvider(Object(App\\Providers\\AppServiceProvider))
#27 [internal function]: Illuminate\\Foundation\\Application->Illuminate\\Foundation\\{closure}(Object(App\\Providers\\AppServiceProvider), 20)
#28 C:\\Users\\CENGE\\Desktop\\thesis\\backend\\vendor\\laravel\\framework\\src\\Illuminate\\Foundation\\Application.php(1014): array_walk(Array, Object(Closure))
#29 C:\\Users\\CENGE\\Desktop\\thesis\\backend\\vendor\\laravel\\framework\\src\\Illuminate\\Foundation\\Bootstrap\\BootProviders.php(17): Illuminate\\Foundation\\Application->boot()
#30 C:\\Users\\CENGE\\Desktop\\thesis\\backend\\vendor\\laravel\\framework\\src\\Illuminate\\Foundation\\Application.php(263): Illuminate\\Foundation\\Bootstrap\\BootProviders->bootstrap(Object(Illuminate\\Foundation\\Application))
#31 C:\\Users\\CENGE\\Desktop\\thesis\\backend\\vendor\\laravel\\framework\\src\\Illuminate\\Foundation\\Console\\Kernel.php(447): Illuminate\\Foundation\\Application->bootstrapWith(Array)
#32 C:\\Users\\CENGE\\Desktop\\thesis\\backend\\vendor\\laravel\\framework\\src\\Illuminate\\Foundation\\Console\\Kernel.php(199): Illuminate\\Foundation\\Console\\Kernel->bootstrap()
#33 C:\\Users\\CENGE\\Desktop\\thesis\\backend\\artisan(35): Illuminate\\Foundation\\Console\\Kernel->handle(Object(Symfony\\Component\\Console\\Input\\ArgvInput), Object(Symfony\\Component\\Console\\Output\\ConsoleOutput))
#34 {main}

[previous exception] [object] (Illuminate\\Database\\SQLiteDatabaseDoesNotExistException(code: 0): Database file at path [/absolute/path/to/database.sqlite] does not exist. Ensure this is an absolute path to the database. at C:\\Users\\CENGE\\Desktop\\thesis\\backend\\vendor\\laravel\\framework\\src\\Illuminate\\Database\\Connectors\\SQLiteConnector.php:34)
[stacktrace]
#0 C:\\Users\\CENGE\\Desktop\\thesis\\backend\\vendor\\laravel\\framework\\src\\Illuminate\\Database\\Connectors\\ConnectionFactory.php(221): Illuminate\\Database\\Connectors\\SQLiteConnector->connect(Array)
#1 [internal function]: Illuminate\\Database\\Connectors\\ConnectionFactory->Illuminate\\Database\\Connectors\\{closure}()
#2 C:\\Users\\CENGE\\Desktop\\thesis\\backend\\vendor\\laravel\\framework\\src\\Illuminate\\Database\\Connection.php(1339): call_user_func(Object(Closure))
#3 C:\\Users\\CENGE\\Desktop\\thesis\\backend\\vendor\\laravel\\framework\\src\\Illuminate\\Database\\Connection.php(581): Illuminate\\Database\\Connection->getPdo()
#4 C:\\Users\\CENGE\\Desktop\\thesis\\backend\\vendor\\laravel\\framework\\src\\Illuminate\\Database\\Connection.php(816): Illuminate\\Database\\Connection->Illuminate\\Database\\{closure}('PRAGMA foreign_...', Array)
#5 C:\\Users\\CENGE\\Desktop\\thesis\\backend\\vendor\\laravel\\framework\\src\\Illuminate\\Database\\Connection.php(783): Illuminate\\Database\\Connection->runQueryCallback('PRAGMA foreign_...', Array, Object(Closure))
#6 C:\\Users\\CENGE\\Desktop\\thesis\\backend\\vendor\\laravel\\framework\\src\\Illuminate\\Database\\Connection.php(576): Illuminate\\Database\\Connection->run('PRAGMA foreign_...', Array, Object(Closure))
#7 C:\\Users\\CENGE\\Desktop\\thesis\\backend\\vendor\\laravel\\framework\\src\\Illuminate\\Database\\Schema\\Builder.php(560): Illuminate\\Database\\Connection->statement('PRAGMA foreign_...')
#8 C:\\Users\\CENGE\\Desktop\\thesis\\backend\\vendor\\laravel\\framework\\src\\Illuminate\\Database\\SQLiteConnection.php(36): Illuminate\\Database\\Schema\\Builder->enableForeignKeyConstraints()
#9 C:\\Users\\CENGE\\Desktop\\thesis\\backend\\vendor\\laravel\\framework\\src\\Illuminate\\Database\\Connectors\\ConnectionFactory.php(272): Illuminate\\Database\\SQLiteConnection->__construct(Object(Closure), '/absolute/path/...', '', Array)
#10 C:\\Users\\CENGE\\Desktop\\thesis\\backend\\vendor\\laravel\\framework\\src\\Illuminate\\Database\\Connectors\\ConnectionFactory.php(75): Illuminate\\Database\\Connectors\\ConnectionFactory->createConnection('sqlite', Object(Closure), '/absolute/path/...', '', Array)
#11 C:\\Users\\CENGE\\Desktop\\thesis\\backend\\vendor\\laravel\\framework\\src\\Illuminate\\Database\\Connectors\\ConnectionFactory.php(50): Illuminate\\Database\\Connectors\\ConnectionFactory->createSingleConnection(Array)
#12 C:\\Users\\CENGE\\Desktop\\thesis\\backend\\vendor\\laravel\\framework\\src\\Illuminate\\Database\\DatabaseManager.php(175): Illuminate\\Database\\Connectors\\ConnectionFactory->make(Array, 'sqlite')
#13 C:\\Users\\CENGE\\Desktop\\thesis\\backend\\vendor\\laravel\\framework\\src\\Illuminate\\Database\\DatabaseManager.php(101): Illuminate\\Database\\DatabaseManager->makeConnection('sqlite')
#14 C:\\Users\\CENGE\\Desktop\\thesis\\backend\\vendor\\laravel\\framework\\src\\Illuminate\\Database\\DatabaseServiceProvider.php(74): Illuminate\\Database\\DatabaseManager->connection()
#15 C:\\Users\\CENGE\\Desktop\\thesis\\backend\\vendor\\laravel\\framework\\src\\Illuminate\\Container\\Container.php(908): Illuminate\\Database\\DatabaseServiceProvider->Illuminate\\Database\\{closure}(Object(Illuminate\\Foundation\\Application), Array)
#16 C:\\Users\\CENGE\\Desktop\\thesis\\backend\\vendor\\laravel\\framework\\src\\Illuminate\\Container\\Container.php(795): Illuminate\\Container\\Container->build(Object(Closure))
#17 C:\\Users\\CENGE\\Desktop\\thesis\\backend\\vendor\\laravel\\framework\\src\\Illuminate\\Foundation\\Application.php(961): Illuminate\\Container\\Container->resolve('db.schema', Array, true)
#18 C:\\Users\\CENGE\\Desktop\\thesis\\backend\\vendor\\laravel\\framework\\src\\Illuminate\\Container\\Container.php(731): Illuminate\\Foundation\\Application->resolve('db.schema', Array)
#19 C:\\Users\\CENGE\\Desktop\\thesis\\backend\\vendor\\laravel\\framework\\src\\Illuminate\\Foundation\\Application.php(946): Illuminate\\Container\\Container->make('db.schema', Array)
#20 C:\\Users\\CENGE\\Desktop\\thesis\\backend\\vendor\\laravel\\framework\\src\\Illuminate\\Container\\Container.php(1454): Illuminate\\Foundation\\Application->make('db.schema')
#21 C:\\Users\\CENGE\\Desktop\\thesis\\backend\\vendor\\laravel\\framework\\src\\Illuminate\\Support\\Facades\\Facade.php(240): Illuminate\\Container\\Container->offsetGet('db.schema')
#22 C:\\Users\\CENGE\\Desktop\\thesis\\backend\\vendor\\laravel\\framework\\src\\Illuminate\\Support\\Facades\\Facade.php(208): Illuminate\\Support\\Facades\\Facade::resolveFacadeInstance('db.schema')
#23 C:\\Users\\CENGE\\Desktop\\thesis\\backend\\vendor\\laravel\\framework\\src\\Illuminate\\Support\\Facades\\Facade.php(349): Illuminate\\Support\\Facades\\Facade::getFacadeRoot()
#24 C:\\Users\\CENGE\\Desktop\\thesis\\backend\\app\\Providers\\AppServiceProvider.php(22): Illuminate\\Support\\Facades\\Facade::__callStatic('defaultStringLe...', Array)
#25 C:\\Users\\CENGE\\Desktop\\thesis\\backend\\vendor\\laravel\\framework\\src\\Illuminate\\Container\\BoundMethod.php(36): App\\Providers\\AppServiceProvider->boot()
#26 C:\\Users\\CENGE\\Desktop\\thesis\\backend\\vendor\\laravel\\framework\\src\\Illuminate\\Container\\Util.php(41): Illuminate\\Container\\BoundMethod::Illuminate\\Container\\{closure}()
#27 C:\\Users\\CENGE\\Desktop\\thesis\\backend\\vendor\\laravel\\framework\\src\\Illuminate\\Container\\BoundMethod.php(93): Illuminate\\Container\\Util::unwrapIfClosure(Object(Closure))
#28 C:\\Users\\CENGE\\Desktop\\thesis\\backend\\vendor\\laravel\\framework\\src\\Illuminate\\Container\\BoundMethod.php(35): Illuminate\\Container\\BoundMethod::callBoundMethod(Object(Illuminate\\Foundation\\Application), Array, Object(Closure))
#29 C:\\Users\\CENGE\\Desktop\\thesis\\backend\\vendor\\laravel\\framework\\src\\Illuminate\\Container\\Container.php(662): Illuminate\\Container\\BoundMethod::call(Object(Illuminate\\Foundation\\Application), Array, Array, NULL)
#30 C:\\Users\\CENGE\\Desktop\\thesis\\backend\\vendor\\laravel\\framework\\src\\Illuminate\\Foundation\\Application.php(1034): Illuminate\\Container\\Container->call(Array)
#31 C:\\Users\\CENGE\\Desktop\\thesis\\backend\\vendor\\laravel\\framework\\src\\Illuminate\\Foundation\\Application.php(1015): Illuminate\\Foundation\\Application->bootProvider(Object(App\\Providers\\AppServiceProvider))
#32 [internal function]: Illuminate\\Foundation\\Application->Illuminate\\Foundation\\{closure}(Object(App\\Providers\\AppServiceProvider), 20)
#33 C:\\Users\\CENGE\\Desktop\\thesis\\backend\\vendor\\laravel\\framework\\src\\Illuminate\\Foundation\\Application.php(1014): array_walk(Array, Object(Closure))
#34 C:\\Users\\CENGE\\Desktop\\thesis\\backend\\vendor\\laravel\\framework\\src\\Illuminate\\Foundation\\Bootstrap\\BootProviders.php(17): Illuminate\\Foundation\\Application->boot()
#35 C:\\Users\\CENGE\\Desktop\\thesis\\backend\\vendor\\laravel\\framework\\src\\Illuminate\\Foundation\\Application.php(263): Illuminate\\Foundation\\Bootstrap\\BootProviders->bootstrap(Object(Illuminate\\Foundation\\Application))
#36 C:\\Users\\CENGE\\Desktop\\thesis\\backend\\vendor\\laravel\\framework\\src\\Illuminate\\Foundation\\Console\\Kernel.php(447): Illuminate\\Foundation\\Application->bootstrapWith(Array)
#37 C:\\Users\\CENGE\\Desktop\\thesis\\backend\\vendor\\laravel\\framework\\src\\Illuminate\\Foundation\\Console\\Kernel.php(199): Illuminate\\Foundation\\Console\\Kernel->bootstrap()
#38 C:\\Users\\CENGE\\Desktop\\thesis\\backend\\artisan(35): Illuminate\\Foundation\\Console\\Kernel->handle(Object(Symfony\\Component\\Console\\Input\\ArgvInput), Object(Symfony\\Component\\Console\\Output\\ConsoleOutput))
#39 {main}
"} 
[2025-02-17 14:57:03] local.ERROR: Database file at path [database.sqlite] does not exist. Ensure this is an absolute path to the database. (Connection: sqlite, SQL: PRAGMA foreign_keys = ON;) {"exception":"[object] (Illuminate\\Database\\QueryException(code: 0): Database file at path [database.sqlite] does not exist. Ensure this is an absolute path to the database. (Connection: sqlite, SQL: PRAGMA foreign_keys = ON;) at C:\\Users\\CENGE\\Desktop\\thesis\\backend\\vendor\\laravel\\framework\\src\\Illuminate\\Database\\Connection.php:829)
[stacktrace]
#0 C:\\Users\\CENGE\\Desktop\\thesis\\backend\\vendor\\laravel\\framework\\src\\Illuminate\\Database\\Connection.php(783): Illuminate\\Database\\Connection->runQueryCallback('PRAGMA foreign_...', Array, Object(Closure))
#1 C:\\Users\\CENGE\\Desktop\\thesis\\backend\\vendor\\laravel\\framework\\src\\Illuminate\\Database\\Connection.php(576): Illuminate\\Database\\Connection->run('PRAGMA foreign_...', Array, Object(Closure))
#2 C:\\Users\\CENGE\\Desktop\\thesis\\backend\\vendor\\laravel\\framework\\src\\Illuminate\\Database\\Schema\\Builder.php(560): Illuminate\\Database\\Connection->statement('PRAGMA foreign_...')
#3 C:\\Users\\CENGE\\Desktop\\thesis\\backend\\vendor\\laravel\\framework\\src\\Illuminate\\Database\\SQLiteConnection.php(36): Illuminate\\Database\\Schema\\Builder->enableForeignKeyConstraints()
#4 C:\\Users\\CENGE\\Desktop\\thesis\\backend\\vendor\\laravel\\framework\\src\\Illuminate\\Database\\Connectors\\ConnectionFactory.php(272): Illuminate\\Database\\SQLiteConnection->__construct(Object(Closure), 'database.sqlite', '', Array)
#5 C:\\Users\\CENGE\\Desktop\\thesis\\backend\\vendor\\laravel\\framework\\src\\Illuminate\\Database\\Connectors\\ConnectionFactory.php(75): Illuminate\\Database\\Connectors\\ConnectionFactory->createConnection('sqlite', Object(Closure), 'database.sqlite', '', Array)
#6 C:\\Users\\CENGE\\Desktop\\thesis\\backend\\vendor\\laravel\\framework\\src\\Illuminate\\Database\\Connectors\\ConnectionFactory.php(50): Illuminate\\Database\\Connectors\\ConnectionFactory->createSingleConnection(Array)
#7 C:\\Users\\CENGE\\Desktop\\thesis\\backend\\vendor\\laravel\\framework\\src\\Illuminate\\Database\\DatabaseManager.php(175): Illuminate\\Database\\Connectors\\ConnectionFactory->make(Array, 'sqlite')
#8 C:\\Users\\CENGE\\Desktop\\thesis\\backend\\vendor\\laravel\\framework\\src\\Illuminate\\Database\\DatabaseManager.php(101): Illuminate\\Database\\DatabaseManager->makeConnection('sqlite')
#9 C:\\Users\\CENGE\\Desktop\\thesis\\backend\\vendor\\laravel\\framework\\src\\Illuminate\\Database\\DatabaseServiceProvider.php(74): Illuminate\\Database\\DatabaseManager->connection()
#10 C:\\Users\\CENGE\\Desktop\\thesis\\backend\\vendor\\laravel\\framework\\src\\Illuminate\\Container\\Container.php(908): Illuminate\\Database\\DatabaseServiceProvider->Illuminate\\Database\\{closure}(Object(Illuminate\\Foundation\\Application), Array)
#11 C:\\Users\\CENGE\\Desktop\\thesis\\backend\\vendor\\laravel\\framework\\src\\Illuminate\\Container\\Container.php(795): Illuminate\\Container\\Container->build(Object(Closure))
#12 C:\\Users\\CENGE\\Desktop\\thesis\\backend\\vendor\\laravel\\framework\\src\\Illuminate\\Foundation\\Application.php(961): Illuminate\\Container\\Container->resolve('db.schema', Array, true)
#13 C:\\Users\\CENGE\\Desktop\\thesis\\backend\\vendor\\laravel\\framework\\src\\Illuminate\\Container\\Container.php(731): Illuminate\\Foundation\\Application->resolve('db.schema', Array)
#14 C:\\Users\\CENGE\\Desktop\\thesis\\backend\\vendor\\laravel\\framework\\src\\Illuminate\\Foundation\\Application.php(946): Illuminate\\Container\\Container->make('db.schema', Array)
#15 C:\\Users\\CENGE\\Desktop\\thesis\\backend\\vendor\\laravel\\framework\\src\\Illuminate\\Container\\Container.php(1454): Illuminate\\Foundation\\Application->make('db.schema')
#16 C:\\Users\\CENGE\\Desktop\\thesis\\backend\\vendor\\laravel\\framework\\src\\Illuminate\\Support\\Facades\\Facade.php(240): Illuminate\\Container\\Container->offsetGet('db.schema')
#17 C:\\Users\\CENGE\\Desktop\\thesis\\backend\\vendor\\laravel\\framework\\src\\Illuminate\\Support\\Facades\\Facade.php(208): Illuminate\\Support\\Facades\\Facade::resolveFacadeInstance('db.schema')
#18 C:\\Users\\CENGE\\Desktop\\thesis\\backend\\vendor\\laravel\\framework\\src\\Illuminate\\Support\\Facades\\Facade.php(349): Illuminate\\Support\\Facades\\Facade::getFacadeRoot()
#19 C:\\Users\\CENGE\\Desktop\\thesis\\backend\\app\\Providers\\AppServiceProvider.php(22): Illuminate\\Support\\Facades\\Facade::__callStatic('defaultStringLe...', Array)
#20 C:\\Users\\CENGE\\Desktop\\thesis\\backend\\vendor\\laravel\\framework\\src\\Illuminate\\Container\\BoundMethod.php(36): App\\Providers\\AppServiceProvider->boot()
#21 C:\\Users\\CENGE\\Desktop\\thesis\\backend\\vendor\\laravel\\framework\\src\\Illuminate\\Container\\Util.php(41): Illuminate\\Container\\BoundMethod::Illuminate\\Container\\{closure}()
#22 C:\\Users\\CENGE\\Desktop\\thesis\\backend\\vendor\\laravel\\framework\\src\\Illuminate\\Container\\BoundMethod.php(93): Illuminate\\Container\\Util::unwrapIfClosure(Object(Closure))
#23 C:\\Users\\CENGE\\Desktop\\thesis\\backend\\vendor\\laravel\\framework\\src\\Illuminate\\Container\\BoundMethod.php(35): Illuminate\\Container\\BoundMethod::callBoundMethod(Object(Illuminate\\Foundation\\Application), Array, Object(Closure))
#24 C:\\Users\\CENGE\\Desktop\\thesis\\backend\\vendor\\laravel\\framework\\src\\Illuminate\\Container\\Container.php(662): Illuminate\\Container\\BoundMethod::call(Object(Illuminate\\Foundation\\Application), Array, Array, NULL)
#25 C:\\Users\\CENGE\\Desktop\\thesis\\backend\\vendor\\laravel\\framework\\src\\Illuminate\\Foundation\\Application.php(1034): Illuminate\\Container\\Container->call(Array)
#26 C:\\Users\\CENGE\\Desktop\\thesis\\backend\\vendor\\laravel\\framework\\src\\Illuminate\\Foundation\\Application.php(1015): Illuminate\\Foundation\\Application->bootProvider(Object(App\\Providers\\AppServiceProvider))
#27 [internal function]: Illuminate\\Foundation\\Application->Illuminate\\Foundation\\{closure}(Object(App\\Providers\\AppServiceProvider), 20)
#28 C:\\Users\\CENGE\\Desktop\\thesis\\backend\\vendor\\laravel\\framework\\src\\Illuminate\\Foundation\\Application.php(1014): array_walk(Array, Object(Closure))
#29 C:\\Users\\CENGE\\Desktop\\thesis\\backend\\vendor\\laravel\\framework\\src\\Illuminate\\Foundation\\Bootstrap\\BootProviders.php(17): Illuminate\\Foundation\\Application->boot()
#30 C:\\Users\\CENGE\\Desktop\\thesis\\backend\\vendor\\laravel\\framework\\src\\Illuminate\\Foundation\\Application.php(263): Illuminate\\Foundation\\Bootstrap\\BootProviders->bootstrap(Object(Illuminate\\Foundation\\Application))
#31 C:\\Users\\CENGE\\Desktop\\thesis\\backend\\vendor\\laravel\\framework\\src\\Illuminate\\Foundation\\Console\\Kernel.php(447): Illuminate\\Foundation\\Application->bootstrapWith(Array)
#32 C:\\Users\\CENGE\\Desktop\\thesis\\backend\\vendor\\laravel\\framework\\src\\Illuminate\\Foundation\\Console\\Kernel.php(199): Illuminate\\Foundation\\Console\\Kernel->bootstrap()
#33 C:\\Users\\CENGE\\Desktop\\thesis\\backend\\artisan(35): Illuminate\\Foundation\\Console\\Kernel->handle(Object(Symfony\\Component\\Console\\Input\\ArgvInput), Object(Symfony\\Component\\Console\\Output\\ConsoleOutput))
#34 {main}

[previous exception] [object] (Illuminate\\Database\\SQLiteDatabaseDoesNotExistException(code: 0): Database file at path [database.sqlite] does not exist. Ensure this is an absolute path to the database. at C:\\Users\\CENGE\\Desktop\\thesis\\backend\\vendor\\laravel\\framework\\src\\Illuminate\\Database\\Connectors\\SQLiteConnector.php:34)
[stacktrace]
#0 C:\\Users\\CENGE\\Desktop\\thesis\\backend\\vendor\\laravel\\framework\\src\\Illuminate\\Database\\Connectors\\ConnectionFactory.php(221): Illuminate\\Database\\Connectors\\SQLiteConnector->connect(Array)
#1 [internal function]: Illuminate\\Database\\Connectors\\ConnectionFactory->Illuminate\\Database\\Connectors\\{closure}()
#2 C:\\Users\\CENGE\\Desktop\\thesis\\backend\\vendor\\laravel\\framework\\src\\Illuminate\\Database\\Connection.php(1339): call_user_func(Object(Closure))
#3 C:\\Users\\CENGE\\Desktop\\thesis\\backend\\vendor\\laravel\\framework\\src\\Illuminate\\Database\\Connection.php(581): Illuminate\\Database\\Connection->getPdo()
#4 C:\\Users\\CENGE\\Desktop\\thesis\\backend\\vendor\\laravel\\framework\\src\\Illuminate\\Database\\Connection.php(816): Illuminate\\Database\\Connection->Illuminate\\Database\\{closure}('PRAGMA foreign_...', Array)
#5 C:\\Users\\CENGE\\Desktop\\thesis\\backend\\vendor\\laravel\\framework\\src\\Illuminate\\Database\\Connection.php(783): Illuminate\\Database\\Connection->runQueryCallback('PRAGMA foreign_...', Array, Object(Closure))
#6 C:\\Users\\CENGE\\Desktop\\thesis\\backend\\vendor\\laravel\\framework\\src\\Illuminate\\Database\\Connection.php(576): Illuminate\\Database\\Connection->run('PRAGMA foreign_...', Array, Object(Closure))
#7 C:\\Users\\CENGE\\Desktop\\thesis\\backend\\vendor\\laravel\\framework\\src\\Illuminate\\Database\\Schema\\Builder.php(560): Illuminate\\Database\\Connection->statement('PRAGMA foreign_...')
#8 C:\\Users\\CENGE\\Desktop\\thesis\\backend\\vendor\\laravel\\framework\\src\\Illuminate\\Database\\SQLiteConnection.php(36): Illuminate\\Database\\Schema\\Builder->enableForeignKeyConstraints()
#9 C:\\Users\\CENGE\\Desktop\\thesis\\backend\\vendor\\laravel\\framework\\src\\Illuminate\\Database\\Connectors\\ConnectionFactory.php(272): Illuminate\\Database\\SQLiteConnection->__construct(Object(Closure), 'database.sqlite', '', Array)
#10 C:\\Users\\CENGE\\Desktop\\thesis\\backend\\vendor\\laravel\\framework\\src\\Illuminate\\Database\\Connectors\\ConnectionFactory.php(75): Illuminate\\Database\\Connectors\\ConnectionFactory->createConnection('sqlite', Object(Closure), 'database.sqlite', '', Array)
#11 C:\\Users\\CENGE\\Desktop\\thesis\\backend\\vendor\\laravel\\framework\\src\\Illuminate\\Database\\Connectors\\ConnectionFactory.php(50): Illuminate\\Database\\Connectors\\ConnectionFactory->createSingleConnection(Array)
#12 C:\\Users\\CENGE\\Desktop\\thesis\\backend\\vendor\\laravel\\framework\\src\\Illuminate\\Database\\DatabaseManager.php(175): Illuminate\\Database\\Connectors\\ConnectionFactory->make(Array, 'sqlite')
#13 C:\\Users\\CENGE\\Desktop\\thesis\\backend\\vendor\\laravel\\framework\\src\\Illuminate\\Database\\DatabaseManager.php(101): Illuminate\\Database\\DatabaseManager->makeConnection('sqlite')
#14 C:\\Users\\CENGE\\Desktop\\thesis\\backend\\vendor\\laravel\\framework\\src\\Illuminate\\Database\\DatabaseServiceProvider.php(74): Illuminate\\Database\\DatabaseManager->connection()
#15 C:\\Users\\CENGE\\Desktop\\thesis\\backend\\vendor\\laravel\\framework\\src\\Illuminate\\Container\\Container.php(908): Illuminate\\Database\\DatabaseServiceProvider->Illuminate\\Database\\{closure}(Object(Illuminate\\Foundation\\Application), Array)
#16 C:\\Users\\CENGE\\Desktop\\thesis\\backend\\vendor\\laravel\\framework\\src\\Illuminate\\Container\\Container.php(795): Illuminate\\Container\\Container->build(Object(Closure))
#17 C:\\Users\\CENGE\\Desktop\\thesis\\backend\\vendor\\laravel\\framework\\src\\Illuminate\\Foundation\\Application.php(961): Illuminate\\Container\\Container->resolve('db.schema', Array, true)
#18 C:\\Users\\CENGE\\Desktop\\thesis\\backend\\vendor\\laravel\\framework\\src\\Illuminate\\Container\\Container.php(731): Illuminate\\Foundation\\Application->resolve('db.schema', Array)
#19 C:\\Users\\CENGE\\Desktop\\thesis\\backend\\vendor\\laravel\\framework\\src\\Illuminate\\Foundation\\Application.php(946): Illuminate\\Container\\Container->make('db.schema', Array)
#20 C:\\Users\\CENGE\\Desktop\\thesis\\backend\\vendor\\laravel\\framework\\src\\Illuminate\\Container\\Container.php(1454): Illuminate\\Foundation\\Application->make('db.schema')
#21 C:\\Users\\CENGE\\Desktop\\thesis\\backend\\vendor\\laravel\\framework\\src\\Illuminate\\Support\\Facades\\Facade.php(240): Illuminate\\Container\\Container->offsetGet('db.schema')
#22 C:\\Users\\CENGE\\Desktop\\thesis\\backend\\vendor\\laravel\\framework\\src\\Illuminate\\Support\\Facades\\Facade.php(208): Illuminate\\Support\\Facades\\Facade::resolveFacadeInstance('db.schema')
#23 C:\\Users\\CENGE\\Desktop\\thesis\\backend\\vendor\\laravel\\framework\\src\\Illuminate\\Support\\Facades\\Facade.php(349): Illuminate\\Support\\Facades\\Facade::getFacadeRoot()
#24 C:\\Users\\CENGE\\Desktop\\thesis\\backend\\app\\Providers\\AppServiceProvider.php(22): Illuminate\\Support\\Facades\\Facade::__callStatic('defaultStringLe...', Array)
#25 C:\\Users\\CENGE\\Desktop\\thesis\\backend\\vendor\\laravel\\framework\\src\\Illuminate\\Container\\BoundMethod.php(36): App\\Providers\\AppServiceProvider->boot()
#26 C:\\Users\\CENGE\\Desktop\\thesis\\backend\\vendor\\laravel\\framework\\src\\Illuminate\\Container\\Util.php(41): Illuminate\\Container\\BoundMethod::Illuminate\\Container\\{closure}()
#27 C:\\Users\\CENGE\\Desktop\\thesis\\backend\\vendor\\laravel\\framework\\src\\Illuminate\\Container\\BoundMethod.php(93): Illuminate\\Container\\Util::unwrapIfClosure(Object(Closure))
#28 C:\\Users\\CENGE\\Desktop\\thesis\\backend\\vendor\\laravel\\framework\\src\\Illuminate\\Container\\BoundMethod.php(35): Illuminate\\Container\\BoundMethod::callBoundMethod(Object(Illuminate\\Foundation\\Application), Array, Object(Closure))
#29 C:\\Users\\CENGE\\Desktop\\thesis\\backend\\vendor\\laravel\\framework\\src\\Illuminate\\Container\\Container.php(662): Illuminate\\Container\\BoundMethod::call(Object(Illuminate\\Foundation\\Application), Array, Array, NULL)
#30 C:\\Users\\CENGE\\Desktop\\thesis\\backend\\vendor\\laravel\\framework\\src\\Illuminate\\Foundation\\Application.php(1034): Illuminate\\Container\\Container->call(Array)
#31 C:\\Users\\CENGE\\Desktop\\thesis\\backend\\vendor\\laravel\\framework\\src\\Illuminate\\Foundation\\Application.php(1015): Illuminate\\Foundation\\Application->bootProvider(Object(App\\Providers\\AppServiceProvider))
#32 [internal function]: Illuminate\\Foundation\\Application->Illuminate\\Foundation\\{closure}(Object(App\\Providers\\AppServiceProvider), 20)
#33 C:\\Users\\CENGE\\Desktop\\thesis\\backend\\vendor\\laravel\\framework\\src\\Illuminate\\Foundation\\Application.php(1014): array_walk(Array, Object(Closure))
#34 C:\\Users\\CENGE\\Desktop\\thesis\\backend\\vendor\\laravel\\framework\\src\\Illuminate\\Foundation\\Bootstrap\\BootProviders.php(17): Illuminate\\Foundation\\Application->boot()
#35 C:\\Users\\CENGE\\Desktop\\thesis\\backend\\vendor\\laravel\\framework\\src\\Illuminate\\Foundation\\Application.php(263): Illuminate\\Foundation\\Bootstrap\\BootProviders->bootstrap(Object(Illuminate\\Foundation\\Application))
#36 C:\\Users\\CENGE\\Desktop\\thesis\\backend\\vendor\\laravel\\framework\\src\\Illuminate\\Foundation\\Console\\Kernel.php(447): Illuminate\\Foundation\\Application->bootstrapWith(Array)
#37 C:\\Users\\CENGE\\Desktop\\thesis\\backend\\vendor\\laravel\\framework\\src\\Illuminate\\Foundation\\Console\\Kernel.php(199): Illuminate\\Foundation\\Console\\Kernel->bootstrap()
#38 C:\\Users\\CENGE\\Desktop\\thesis\\backend\\artisan(35): Illuminate\\Foundation\\Console\\Kernel->handle(Object(Symfony\\Component\\Console\\Input\\ArgvInput), Object(Symfony\\Component\\Console\\Output\\ConsoleOutput))
#39 {main}
"} 
[2025-02-17 14:57:38] local.ERROR: Database file at path [/database/database.sqlite] does not exist. Ensure this is an absolute path to the database. (Connection: sqlite, SQL: PRAGMA foreign_keys = ON;) {"exception":"[object] (Illuminate\\Database\\QueryException(code: 0): Database file at path [/database/database.sqlite] does not exist. Ensure this is an absolute path to the database. (Connection: sqlite, SQL: PRAGMA foreign_keys = ON;) at C:\\Users\\CENGE\\Desktop\\thesis\\backend\\vendor\\laravel\\framework\\src\\Illuminate\\Database\\Connection.php:829)
[stacktrace]
#0 C:\\Users\\CENGE\\Desktop\\thesis\\backend\\vendor\\laravel\\framework\\src\\Illuminate\\Database\\Connection.php(783): Illuminate\\Database\\Connection->runQueryCallback('PRAGMA foreign_...', Array, Object(Closure))
#1 C:\\Users\\CENGE\\Desktop\\thesis\\backend\\vendor\\laravel\\framework\\src\\Illuminate\\Database\\Connection.php(576): Illuminate\\Database\\Connection->run('PRAGMA foreign_...', Array, Object(Closure))
#2 C:\\Users\\CENGE\\Desktop\\thesis\\backend\\vendor\\laravel\\framework\\src\\Illuminate\\Database\\Schema\\Builder.php(560): Illuminate\\Database\\Connection->statement('PRAGMA foreign_...')
#3 C:\\Users\\CENGE\\Desktop\\thesis\\backend\\vendor\\laravel\\framework\\src\\Illuminate\\Database\\SQLiteConnection.php(36): Illuminate\\Database\\Schema\\Builder->enableForeignKeyConstraints()
#4 C:\\Users\\CENGE\\Desktop\\thesis\\backend\\vendor\\laravel\\framework\\src\\Illuminate\\Database\\Connectors\\ConnectionFactory.php(272): Illuminate\\Database\\SQLiteConnection->__construct(Object(Closure), '/database/datab...', '', Array)
#5 C:\\Users\\CENGE\\Desktop\\thesis\\backend\\vendor\\laravel\\framework\\src\\Illuminate\\Database\\Connectors\\ConnectionFactory.php(75): Illuminate\\Database\\Connectors\\ConnectionFactory->createConnection('sqlite', Object(Closure), '/database/datab...', '', Array)
#6 C:\\Users\\CENGE\\Desktop\\thesis\\backend\\vendor\\laravel\\framework\\src\\Illuminate\\Database\\Connectors\\ConnectionFactory.php(50): Illuminate\\Database\\Connectors\\ConnectionFactory->createSingleConnection(Array)
#7 C:\\Users\\CENGE\\Desktop\\thesis\\backend\\vendor\\laravel\\framework\\src\\Illuminate\\Database\\DatabaseManager.php(175): Illuminate\\Database\\Connectors\\ConnectionFactory->make(Array, 'sqlite')
#8 C:\\Users\\CENGE\\Desktop\\thesis\\backend\\vendor\\laravel\\framework\\src\\Illuminate\\Database\\DatabaseManager.php(101): Illuminate\\Database\\DatabaseManager->makeConnection('sqlite')
#9 C:\\Users\\CENGE\\Desktop\\thesis\\backend\\vendor\\laravel\\framework\\src\\Illuminate\\Database\\DatabaseServiceProvider.php(74): Illuminate\\Database\\DatabaseManager->connection()
#10 C:\\Users\\CENGE\\Desktop\\thesis\\backend\\vendor\\laravel\\framework\\src\\Illuminate\\Container\\Container.php(908): Illuminate\\Database\\DatabaseServiceProvider->Illuminate\\Database\\{closure}(Object(Illuminate\\Foundation\\Application), Array)
#11 C:\\Users\\CENGE\\Desktop\\thesis\\backend\\vendor\\laravel\\framework\\src\\Illuminate\\Container\\Container.php(795): Illuminate\\Container\\Container->build(Object(Closure))
#12 C:\\Users\\CENGE\\Desktop\\thesis\\backend\\vendor\\laravel\\framework\\src\\Illuminate\\Foundation\\Application.php(961): Illuminate\\Container\\Container->resolve('db.schema', Array, true)
#13 C:\\Users\\CENGE\\Desktop\\thesis\\backend\\vendor\\laravel\\framework\\src\\Illuminate\\Container\\Container.php(731): Illuminate\\Foundation\\Application->resolve('db.schema', Array)
#14 C:\\Users\\CENGE\\Desktop\\thesis\\backend\\vendor\\laravel\\framework\\src\\Illuminate\\Foundation\\Application.php(946): Illuminate\\Container\\Container->make('db.schema', Array)
#15 C:\\Users\\CENGE\\Desktop\\thesis\\backend\\vendor\\laravel\\framework\\src\\Illuminate\\Container\\Container.php(1454): Illuminate\\Foundation\\Application->make('db.schema')
#16 C:\\Users\\CENGE\\Desktop\\thesis\\backend\\vendor\\laravel\\framework\\src\\Illuminate\\Support\\Facades\\Facade.php(240): Illuminate\\Container\\Container->offsetGet('db.schema')
#17 C:\\Users\\CENGE\\Desktop\\thesis\\backend\\vendor\\laravel\\framework\\src\\Illuminate\\Support\\Facades\\Facade.php(208): Illuminate\\Support\\Facades\\Facade::resolveFacadeInstance('db.schema')
#18 C:\\Users\\CENGE\\Desktop\\thesis\\backend\\vendor\\laravel\\framework\\src\\Illuminate\\Support\\Facades\\Facade.php(349): Illuminate\\Support\\Facades\\Facade::getFacadeRoot()
#19 C:\\Users\\CENGE\\Desktop\\thesis\\backend\\app\\Providers\\AppServiceProvider.php(22): Illuminate\\Support\\Facades\\Facade::__callStatic('defaultStringLe...', Array)
#20 C:\\Users\\CENGE\\Desktop\\thesis\\backend\\vendor\\laravel\\framework\\src\\Illuminate\\Container\\BoundMethod.php(36): App\\Providers\\AppServiceProvider->boot()
#21 C:\\Users\\CENGE\\Desktop\\thesis\\backend\\vendor\\laravel\\framework\\src\\Illuminate\\Container\\Util.php(41): Illuminate\\Container\\BoundMethod::Illuminate\\Container\\{closure}()
#22 C:\\Users\\CENGE\\Desktop\\thesis\\backend\\vendor\\laravel\\framework\\src\\Illuminate\\Container\\BoundMethod.php(93): Illuminate\\Container\\Util::unwrapIfClosure(Object(Closure))
#23 C:\\Users\\CENGE\\Desktop\\thesis\\backend\\vendor\\laravel\\framework\\src\\Illuminate\\Container\\BoundMethod.php(35): Illuminate\\Container\\BoundMethod::callBoundMethod(Object(Illuminate\\Foundation\\Application), Array, Object(Closure))
#24 C:\\Users\\CENGE\\Desktop\\thesis\\backend\\vendor\\laravel\\framework\\src\\Illuminate\\Container\\Container.php(662): Illuminate\\Container\\BoundMethod::call(Object(Illuminate\\Foundation\\Application), Array, Array, NULL)
#25 C:\\Users\\CENGE\\Desktop\\thesis\\backend\\vendor\\laravel\\framework\\src\\Illuminate\\Foundation\\Application.php(1034): Illuminate\\Container\\Container->call(Array)
#26 C:\\Users\\CENGE\\Desktop\\thesis\\backend\\vendor\\laravel\\framework\\src\\Illuminate\\Foundation\\Application.php(1015): Illuminate\\Foundation\\Application->bootProvider(Object(App\\Providers\\AppServiceProvider))
#27 [internal function]: Illuminate\\Foundation\\Application->Illuminate\\Foundation\\{closure}(Object(App\\Providers\\AppServiceProvider), 20)
#28 C:\\Users\\CENGE\\Desktop\\thesis\\backend\\vendor\\laravel\\framework\\src\\Illuminate\\Foundation\\Application.php(1014): array_walk(Array, Object(Closure))
#29 C:\\Users\\CENGE\\Desktop\\thesis\\backend\\vendor\\laravel\\framework\\src\\Illuminate\\Foundation\\Bootstrap\\BootProviders.php(17): Illuminate\\Foundation\\Application->boot()
#30 C:\\Users\\CENGE\\Desktop\\thesis\\backend\\vendor\\laravel\\framework\\src\\Illuminate\\Foundation\\Application.php(263): Illuminate\\Foundation\\Bootstrap\\BootProviders->bootstrap(Object(Illuminate\\Foundation\\Application))
#31 C:\\Users\\CENGE\\Desktop\\thesis\\backend\\vendor\\laravel\\framework\\src\\Illuminate\\Foundation\\Console\\Kernel.php(447): Illuminate\\Foundation\\Application->bootstrapWith(Array)
#32 C:\\Users\\CENGE\\Desktop\\thesis\\backend\\vendor\\laravel\\framework\\src\\Illuminate\\Foundation\\Console\\Kernel.php(199): Illuminate\\Foundation\\Console\\Kernel->bootstrap()
#33 C:\\Users\\CENGE\\Desktop\\thesis\\backend\\artisan(35): Illuminate\\Foundation\\Console\\Kernel->handle(Object(Symfony\\Component\\Console\\Input\\ArgvInput), Object(Symfony\\Component\\Console\\Output\\ConsoleOutput))
#34 {main}

[previous exception] [object] (Illuminate\\Database\\SQLiteDatabaseDoesNotExistException(code: 0): Database file at path [/database/database.sqlite] does not exist. Ensure this is an absolute path to the database. at C:\\Users\\CENGE\\Desktop\\thesis\\backend\\vendor\\laravel\\framework\\src\\Illuminate\\Database\\Connectors\\SQLiteConnector.php:34)
[stacktrace]
#0 C:\\Users\\CENGE\\Desktop\\thesis\\backend\\vendor\\laravel\\framework\\src\\Illuminate\\Database\\Connectors\\ConnectionFactory.php(221): Illuminate\\Database\\Connectors\\SQLiteConnector->connect(Array)
#1 [internal function]: Illuminate\\Database\\Connectors\\ConnectionFactory->Illuminate\\Database\\Connectors\\{closure}()
#2 C:\\Users\\CENGE\\Desktop\\thesis\\backend\\vendor\\laravel\\framework\\src\\Illuminate\\Database\\Connection.php(1339): call_user_func(Object(Closure))
#3 C:\\Users\\CENGE\\Desktop\\thesis\\backend\\vendor\\laravel\\framework\\src\\Illuminate\\Database\\Connection.php(581): Illuminate\\Database\\Connection->getPdo()
#4 C:\\Users\\CENGE\\Desktop\\thesis\\backend\\vendor\\laravel\\framework\\src\\Illuminate\\Database\\Connection.php(816): Illuminate\\Database\\Connection->Illuminate\\Database\\{closure}('PRAGMA foreign_...', Array)
#5 C:\\Users\\CENGE\\Desktop\\thesis\\backend\\vendor\\laravel\\framework\\src\\Illuminate\\Database\\Connection.php(783): Illuminate\\Database\\Connection->runQueryCallback('PRAGMA foreign_...', Array, Object(Closure))
#6 C:\\Users\\CENGE\\Desktop\\thesis\\backend\\vendor\\laravel\\framework\\src\\Illuminate\\Database\\Connection.php(576): Illuminate\\Database\\Connection->run('PRAGMA foreign_...', Array, Object(Closure))
#7 C:\\Users\\CENGE\\Desktop\\thesis\\backend\\vendor\\laravel\\framework\\src\\Illuminate\\Database\\Schema\\Builder.php(560): Illuminate\\Database\\Connection->statement('PRAGMA foreign_...')
#8 C:\\Users\\CENGE\\Desktop\\thesis\\backend\\vendor\\laravel\\framework\\src\\Illuminate\\Database\\SQLiteConnection.php(36): Illuminate\\Database\\Schema\\Builder->enableForeignKeyConstraints()
#9 C:\\Users\\CENGE\\Desktop\\thesis\\backend\\vendor\\laravel\\framework\\src\\Illuminate\\Database\\Connectors\\ConnectionFactory.php(272): Illuminate\\Database\\SQLiteConnection->__construct(Object(Closure), '/database/datab...', '', Array)
#10 C:\\Users\\CENGE\\Desktop\\thesis\\backend\\vendor\\laravel\\framework\\src\\Illuminate\\Database\\Connectors\\ConnectionFactory.php(75): Illuminate\\Database\\Connectors\\ConnectionFactory->createConnection('sqlite', Object(Closure), '/database/datab...', '', Array)
#11 C:\\Users\\CENGE\\Desktop\\thesis\\backend\\vendor\\laravel\\framework\\src\\Illuminate\\Database\\Connectors\\ConnectionFactory.php(50): Illuminate\\Database\\Connectors\\ConnectionFactory->createSingleConnection(Array)
#12 C:\\Users\\CENGE\\Desktop\\thesis\\backend\\vendor\\laravel\\framework\\src\\Illuminate\\Database\\DatabaseManager.php(175): Illuminate\\Database\\Connectors\\ConnectionFactory->make(Array, 'sqlite')
#13 C:\\Users\\CENGE\\Desktop\\thesis\\backend\\vendor\\laravel\\framework\\src\\Illuminate\\Database\\DatabaseManager.php(101): Illuminate\\Database\\DatabaseManager->makeConnection('sqlite')
#14 C:\\Users\\CENGE\\Desktop\\thesis\\backend\\vendor\\laravel\\framework\\src\\Illuminate\\Database\\DatabaseServiceProvider.php(74): Illuminate\\Database\\DatabaseManager->connection()
#15 C:\\Users\\CENGE\\Desktop\\thesis\\backend\\vendor\\laravel\\framework\\src\\Illuminate\\Container\\Container.php(908): Illuminate\\Database\\DatabaseServiceProvider->Illuminate\\Database\\{closure}(Object(Illuminate\\Foundation\\Application), Array)
#16 C:\\Users\\CENGE\\Desktop\\thesis\\backend\\vendor\\laravel\\framework\\src\\Illuminate\\Container\\Container.php(795): Illuminate\\Container\\Container->build(Object(Closure))
#17 C:\\Users\\CENGE\\Desktop\\thesis\\backend\\vendor\\laravel\\framework\\src\\Illuminate\\Foundation\\Application.php(961): Illuminate\\Container\\Container->resolve('db.schema', Array, true)
#18 C:\\Users\\CENGE\\Desktop\\thesis\\backend\\vendor\\laravel\\framework\\src\\Illuminate\\Container\\Container.php(731): Illuminate\\Foundation\\Application->resolve('db.schema', Array)
#19 C:\\Users\\CENGE\\Desktop\\thesis\\backend\\vendor\\laravel\\framework\\src\\Illuminate\\Foundation\\Application.php(946): Illuminate\\Container\\Container->make('db.schema', Array)
#20 C:\\Users\\CENGE\\Desktop\\thesis\\backend\\vendor\\laravel\\framework\\src\\Illuminate\\Container\\Container.php(1454): Illuminate\\Foundation\\Application->make('db.schema')
#21 C:\\Users\\CENGE\\Desktop\\thesis\\backend\\vendor\\laravel\\framework\\src\\Illuminate\\Support\\Facades\\Facade.php(240): Illuminate\\Container\\Container->offsetGet('db.schema')
#22 C:\\Users\\CENGE\\Desktop\\thesis\\backend\\vendor\\laravel\\framework\\src\\Illuminate\\Support\\Facades\\Facade.php(208): Illuminate\\Support\\Facades\\Facade::resolveFacadeInstance('db.schema')
#23 C:\\Users\\CENGE\\Desktop\\thesis\\backend\\vendor\\laravel\\framework\\src\\Illuminate\\Support\\Facades\\Facade.php(349): Illuminate\\Support\\Facades\\Facade::getFacadeRoot()
#24 C:\\Users\\CENGE\\Desktop\\thesis\\backend\\app\\Providers\\AppServiceProvider.php(22): Illuminate\\Support\\Facades\\Facade::__callStatic('defaultStringLe...', Array)
#25 C:\\Users\\CENGE\\Desktop\\thesis\\backend\\vendor\\laravel\\framework\\src\\Illuminate\\Container\\BoundMethod.php(36): App\\Providers\\AppServiceProvider->boot()
#26 C:\\Users\\CENGE\\Desktop\\thesis\\backend\\vendor\\laravel\\framework\\src\\Illuminate\\Container\\Util.php(41): Illuminate\\Container\\BoundMethod::Illuminate\\Container\\{closure}()
#27 C:\\Users\\CENGE\\Desktop\\thesis\\backend\\vendor\\laravel\\framework\\src\\Illuminate\\Container\\BoundMethod.php(93): Illuminate\\Container\\Util::unwrapIfClosure(Object(Closure))
#28 C:\\Users\\CENGE\\Desktop\\thesis\\backend\\vendor\\laravel\\framework\\src\\Illuminate\\Container\\BoundMethod.php(35): Illuminate\\Container\\BoundMethod::callBoundMethod(Object(Illuminate\\Foundation\\Application), Array, Object(Closure))
#29 C:\\Users\\CENGE\\Desktop\\thesis\\backend\\vendor\\laravel\\framework\\src\\Illuminate\\Container\\Container.php(662): Illuminate\\Container\\BoundMethod::call(Object(Illuminate\\Foundation\\Application), Array, Array, NULL)
#30 C:\\Users\\CENGE\\Desktop\\thesis\\backend\\vendor\\laravel\\framework\\src\\Illuminate\\Foundation\\Application.php(1034): Illuminate\\Container\\Container->call(Array)
#31 C:\\Users\\CENGE\\Desktop\\thesis\\backend\\vendor\\laravel\\framework\\src\\Illuminate\\Foundation\\Application.php(1015): Illuminate\\Foundation\\Application->bootProvider(Object(App\\Providers\\AppServiceProvider))
#32 [internal function]: Illuminate\\Foundation\\Application->Illuminate\\Foundation\\{closure}(Object(App\\Providers\\AppServiceProvider), 20)
#33 C:\\Users\\CENGE\\Desktop\\thesis\\backend\\vendor\\laravel\\framework\\src\\Illuminate\\Foundation\\Application.php(1014): array_walk(Array, Object(Closure))
#34 C:\\Users\\CENGE\\Desktop\\thesis\\backend\\vendor\\laravel\\framework\\src\\Illuminate\\Foundation\\Bootstrap\\BootProviders.php(17): Illuminate\\Foundation\\Application->boot()
#35 C:\\Users\\CENGE\\Desktop\\thesis\\backend\\vendor\\laravel\\framework\\src\\Illuminate\\Foundation\\Application.php(263): Illuminate\\Foundation\\Bootstrap\\BootProviders->bootstrap(Object(Illuminate\\Foundation\\Application))
#36 C:\\Users\\CENGE\\Desktop\\thesis\\backend\\vendor\\laravel\\framework\\src\\Illuminate\\Foundation\\Console\\Kernel.php(447): Illuminate\\Foundation\\Application->bootstrapWith(Array)
#37 C:\\Users\\CENGE\\Desktop\\thesis\\backend\\vendor\\laravel\\framework\\src\\Illuminate\\Foundation\\Console\\Kernel.php(199): Illuminate\\Foundation\\Console\\Kernel->bootstrap()
#38 C:\\Users\\CENGE\\Desktop\\thesis\\backend\\artisan(35): Illuminate\\Foundation\\Console\\Kernel->handle(Object(Symfony\\Component\\Console\\Input\\ArgvInput), Object(Symfony\\Component\\Console\\Output\\ConsoleOutput))
#39 {main}
"} 
[2025-02-17 15:00:59] local.ERROR: Database file at path [C:\Users\CENGE\Desktop\thesis\backend\database\database.sqlite] does not exist. Ensure this is an absolute path to the database. (Connection: sqlite, SQL: PRAGMA foreign_keys = ON;) {"exception":"[object] (Illuminate\\Database\\QueryException(code: 0): Database file at path [C:\\Users\\CENGE\\Desktop\\thesis\\backend\\database\\database.sqlite] does not exist. Ensure this is an absolute path to the database. (Connection: sqlite, SQL: PRAGMA foreign_keys = ON;) at C:\\Users\\CENGE\\Desktop\\thesis\\backend\\vendor\\laravel\\framework\\src\\Illuminate\\Database\\Connection.php:829)
[stacktrace]
#0 C:\\Users\\CENGE\\Desktop\\thesis\\backend\\vendor\\laravel\\framework\\src\\Illuminate\\Database\\Connection.php(783): Illuminate\\Database\\Connection->runQueryCallback('PRAGMA foreign_...', Array, Object(Closure))
#1 C:\\Users\\CENGE\\Desktop\\thesis\\backend\\vendor\\laravel\\framework\\src\\Illuminate\\Database\\Connection.php(576): Illuminate\\Database\\Connection->run('PRAGMA foreign_...', Array, Object(Closure))
#2 C:\\Users\\CENGE\\Desktop\\thesis\\backend\\vendor\\laravel\\framework\\src\\Illuminate\\Database\\Schema\\Builder.php(560): Illuminate\\Database\\Connection->statement('PRAGMA foreign_...')
#3 C:\\Users\\CENGE\\Desktop\\thesis\\backend\\vendor\\laravel\\framework\\src\\Illuminate\\Database\\SQLiteConnection.php(36): Illuminate\\Database\\Schema\\Builder->enableForeignKeyConstraints()
#4 C:\\Users\\CENGE\\Desktop\\thesis\\backend\\vendor\\laravel\\framework\\src\\Illuminate\\Database\\Connectors\\ConnectionFactory.php(272): Illuminate\\Database\\SQLiteConnection->__construct(Object(Closure), 'C:\\\\Users\\\\CENGE\\\\...', '', Array)
#5 C:\\Users\\CENGE\\Desktop\\thesis\\backend\\vendor\\laravel\\framework\\src\\Illuminate\\Database\\Connectors\\ConnectionFactory.php(75): Illuminate\\Database\\Connectors\\ConnectionFactory->createConnection('sqlite', Object(Closure), 'C:\\\\Users\\\\CENGE\\\\...', '', Array)
#6 C:\\Users\\CENGE\\Desktop\\thesis\\backend\\vendor\\laravel\\framework\\src\\Illuminate\\Database\\Connectors\\ConnectionFactory.php(50): Illuminate\\Database\\Connectors\\ConnectionFactory->createSingleConnection(Array)
#7 C:\\Users\\CENGE\\Desktop\\thesis\\backend\\vendor\\laravel\\framework\\src\\Illuminate\\Database\\DatabaseManager.php(175): Illuminate\\Database\\Connectors\\ConnectionFactory->make(Array, 'sqlite')
#8 C:\\Users\\CENGE\\Desktop\\thesis\\backend\\vendor\\laravel\\framework\\src\\Illuminate\\Database\\DatabaseManager.php(101): Illuminate\\Database\\DatabaseManager->makeConnection('sqlite')
#9 C:\\Users\\CENGE\\Desktop\\thesis\\backend\\vendor\\laravel\\framework\\src\\Illuminate\\Database\\DatabaseServiceProvider.php(74): Illuminate\\Database\\DatabaseManager->connection()
#10 C:\\Users\\CENGE\\Desktop\\thesis\\backend\\vendor\\laravel\\framework\\src\\Illuminate\\Container\\Container.php(908): Illuminate\\Database\\DatabaseServiceProvider->Illuminate\\Database\\{closure}(Object(Illuminate\\Foundation\\Application), Array)
#11 C:\\Users\\CENGE\\Desktop\\thesis\\backend\\vendor\\laravel\\framework\\src\\Illuminate\\Container\\Container.php(795): Illuminate\\Container\\Container->build(Object(Closure))
#12 C:\\Users\\CENGE\\Desktop\\thesis\\backend\\vendor\\laravel\\framework\\src\\Illuminate\\Foundation\\Application.php(961): Illuminate\\Container\\Container->resolve('db.schema', Array, true)
#13 C:\\Users\\CENGE\\Desktop\\thesis\\backend\\vendor\\laravel\\framework\\src\\Illuminate\\Container\\Container.php(731): Illuminate\\Foundation\\Application->resolve('db.schema', Array)
#14 C:\\Users\\CENGE\\Desktop\\thesis\\backend\\vendor\\laravel\\framework\\src\\Illuminate\\Foundation\\Application.php(946): Illuminate\\Container\\Container->make('db.schema', Array)
#15 C:\\Users\\CENGE\\Desktop\\thesis\\backend\\vendor\\laravel\\framework\\src\\Illuminate\\Container\\Container.php(1454): Illuminate\\Foundation\\Application->make('db.schema')
#16 C:\\Users\\CENGE\\Desktop\\thesis\\backend\\vendor\\laravel\\framework\\src\\Illuminate\\Support\\Facades\\Facade.php(240): Illuminate\\Container\\Container->offsetGet('db.schema')
#17 C:\\Users\\CENGE\\Desktop\\thesis\\backend\\vendor\\laravel\\framework\\src\\Illuminate\\Support\\Facades\\Facade.php(208): Illuminate\\Support\\Facades\\Facade::resolveFacadeInstance('db.schema')
#18 C:\\Users\\CENGE\\Desktop\\thesis\\backend\\vendor\\laravel\\framework\\src\\Illuminate\\Support\\Facades\\Facade.php(349): Illuminate\\Support\\Facades\\Facade::getFacadeRoot()
#19 C:\\Users\\CENGE\\Desktop\\thesis\\backend\\app\\Providers\\AppServiceProvider.php(22): Illuminate\\Support\\Facades\\Facade::__callStatic('defaultStringLe...', Array)
#20 C:\\Users\\CENGE\\Desktop\\thesis\\backend\\vendor\\laravel\\framework\\src\\Illuminate\\Container\\BoundMethod.php(36): App\\Providers\\AppServiceProvider->boot()
#21 C:\\Users\\CENGE\\Desktop\\thesis\\backend\\vendor\\laravel\\framework\\src\\Illuminate\\Container\\Util.php(41): Illuminate\\Container\\BoundMethod::Illuminate\\Container\\{closure}()
#22 C:\\Users\\CENGE\\Desktop\\thesis\\backend\\vendor\\laravel\\framework\\src\\Illuminate\\Container\\BoundMethod.php(93): Illuminate\\Container\\Util::unwrapIfClosure(Object(Closure))
#23 C:\\Users\\CENGE\\Desktop\\thesis\\backend\\vendor\\laravel\\framework\\src\\Illuminate\\Container\\BoundMethod.php(35): Illuminate\\Container\\BoundMethod::callBoundMethod(Object(Illuminate\\Foundation\\Application), Array, Object(Closure))
#24 C:\\Users\\CENGE\\Desktop\\thesis\\backend\\vendor\\laravel\\framework\\src\\Illuminate\\Container\\Container.php(662): Illuminate\\Container\\BoundMethod::call(Object(Illuminate\\Foundation\\Application), Array, Array, NULL)
#25 C:\\Users\\CENGE\\Desktop\\thesis\\backend\\vendor\\laravel\\framework\\src\\Illuminate\\Foundation\\Application.php(1034): Illuminate\\Container\\Container->call(Array)
#26 C:\\Users\\CENGE\\Desktop\\thesis\\backend\\vendor\\laravel\\framework\\src\\Illuminate\\Foundation\\Application.php(1015): Illuminate\\Foundation\\Application->bootProvider(Object(App\\Providers\\AppServiceProvider))
#27 [internal function]: Illuminate\\Foundation\\Application->Illuminate\\Foundation\\{closure}(Object(App\\Providers\\AppServiceProvider), 20)
#28 C:\\Users\\CENGE\\Desktop\\thesis\\backend\\vendor\\laravel\\framework\\src\\Illuminate\\Foundation\\Application.php(1014): array_walk(Array, Object(Closure))
#29 C:\\Users\\CENGE\\Desktop\\thesis\\backend\\vendor\\laravel\\framework\\src\\Illuminate\\Foundation\\Bootstrap\\BootProviders.php(17): Illuminate\\Foundation\\Application->boot()
#30 C:\\Users\\CENGE\\Desktop\\thesis\\backend\\vendor\\laravel\\framework\\src\\Illuminate\\Foundation\\Application.php(263): Illuminate\\Foundation\\Bootstrap\\BootProviders->bootstrap(Object(Illuminate\\Foundation\\Application))
#31 C:\\Users\\CENGE\\Desktop\\thesis\\backend\\vendor\\laravel\\framework\\src\\Illuminate\\Foundation\\Console\\Kernel.php(447): Illuminate\\Foundation\\Application->bootstrapWith(Array)
#32 C:\\Users\\CENGE\\Desktop\\thesis\\backend\\vendor\\laravel\\framework\\src\\Illuminate\\Foundation\\Console\\Kernel.php(199): Illuminate\\Foundation\\Console\\Kernel->bootstrap()
#33 C:\\Users\\CENGE\\Desktop\\thesis\\backend\\artisan(35): Illuminate\\Foundation\\Console\\Kernel->handle(Object(Symfony\\Component\\Console\\Input\\ArgvInput), Object(Symfony\\Component\\Console\\Output\\ConsoleOutput))
#34 {main}

[previous exception] [object] (Illuminate\\Database\\SQLiteDatabaseDoesNotExistException(code: 0): Database file at path [C:\\Users\\CENGE\\Desktop\\thesis\\backend\\database\\database.sqlite] does not exist. Ensure this is an absolute path to the database. at C:\\Users\\CENGE\\Desktop\\thesis\\backend\\vendor\\laravel\\framework\\src\\Illuminate\\Database\\Connectors\\SQLiteConnector.php:34)
[stacktrace]
#0 C:\\Users\\CENGE\\Desktop\\thesis\\backend\\vendor\\laravel\\framework\\src\\Illuminate\\Database\\Connectors\\ConnectionFactory.php(221): Illuminate\\Database\\Connectors\\SQLiteConnector->connect(Array)
#1 [internal function]: Illuminate\\Database\\Connectors\\ConnectionFactory->Illuminate\\Database\\Connectors\\{closure}()
#2 C:\\Users\\CENGE\\Desktop\\thesis\\backend\\vendor\\laravel\\framework\\src\\Illuminate\\Database\\Connection.php(1339): call_user_func(Object(Closure))
#3 C:\\Users\\CENGE\\Desktop\\thesis\\backend\\vendor\\laravel\\framework\\src\\Illuminate\\Database\\Connection.php(581): Illuminate\\Database\\Connection->getPdo()
#4 C:\\Users\\CENGE\\Desktop\\thesis\\backend\\vendor\\laravel\\framework\\src\\Illuminate\\Database\\Connection.php(816): Illuminate\\Database\\Connection->Illuminate\\Database\\{closure}('PRAGMA foreign_...', Array)
#5 C:\\Users\\CENGE\\Desktop\\thesis\\backend\\vendor\\laravel\\framework\\src\\Illuminate\\Database\\Connection.php(783): Illuminate\\Database\\Connection->runQueryCallback('PRAGMA foreign_...', Array, Object(Closure))
#6 C:\\Users\\CENGE\\Desktop\\thesis\\backend\\vendor\\laravel\\framework\\src\\Illuminate\\Database\\Connection.php(576): Illuminate\\Database\\Connection->run('PRAGMA foreign_...', Array, Object(Closure))
#7 C:\\Users\\CENGE\\Desktop\\thesis\\backend\\vendor\\laravel\\framework\\src\\Illuminate\\Database\\Schema\\Builder.php(560): Illuminate\\Database\\Connection->statement('PRAGMA foreign_...')
#8 C:\\Users\\CENGE\\Desktop\\thesis\\backend\\vendor\\laravel\\framework\\src\\Illuminate\\Database\\SQLiteConnection.php(36): Illuminate\\Database\\Schema\\Builder->enableForeignKeyConstraints()
#9 C:\\Users\\CENGE\\Desktop\\thesis\\backend\\vendor\\laravel\\framework\\src\\Illuminate\\Database\\Connectors\\ConnectionFactory.php(272): Illuminate\\Database\\SQLiteConnection->__construct(Object(Closure), 'C:\\\\Users\\\\CENGE\\\\...', '', Array)
#10 C:\\Users\\CENGE\\Desktop\\thesis\\backend\\vendor\\laravel\\framework\\src\\Illuminate\\Database\\Connectors\\ConnectionFactory.php(75): Illuminate\\Database\\Connectors\\ConnectionFactory->createConnection('sqlite', Object(Closure), 'C:\\\\Users\\\\CENGE\\\\...', '', Array)
#11 C:\\Users\\CENGE\\Desktop\\thesis\\backend\\vendor\\laravel\\framework\\src\\Illuminate\\Database\\Connectors\\ConnectionFactory.php(50): Illuminate\\Database\\Connectors\\ConnectionFactory->createSingleConnection(Array)
#12 C:\\Users\\CENGE\\Desktop\\thesis\\backend\\vendor\\laravel\\framework\\src\\Illuminate\\Database\\DatabaseManager.php(175): Illuminate\\Database\\Connectors\\ConnectionFactory->make(Array, 'sqlite')
#13 C:\\Users\\CENGE\\Desktop\\thesis\\backend\\vendor\\laravel\\framework\\src\\Illuminate\\Database\\DatabaseManager.php(101): Illuminate\\Database\\DatabaseManager->makeConnection('sqlite')
#14 C:\\Users\\CENGE\\Desktop\\thesis\\backend\\vendor\\laravel\\framework\\src\\Illuminate\\Database\\DatabaseServiceProvider.php(74): Illuminate\\Database\\DatabaseManager->connection()
#15 C:\\Users\\CENGE\\Desktop\\thesis\\backend\\vendor\\laravel\\framework\\src\\Illuminate\\Container\\Container.php(908): Illuminate\\Database\\DatabaseServiceProvider->Illuminate\\Database\\{closure}(Object(Illuminate\\Foundation\\Application), Array)
#16 C:\\Users\\CENGE\\Desktop\\thesis\\backend\\vendor\\laravel\\framework\\src\\Illuminate\\Container\\Container.php(795): Illuminate\\Container\\Container->build(Object(Closure))
#17 C:\\Users\\CENGE\\Desktop\\thesis\\backend\\vendor\\laravel\\framework\\src\\Illuminate\\Foundation\\Application.php(961): Illuminate\\Container\\Container->resolve('db.schema', Array, true)
#18 C:\\Users\\CENGE\\Desktop\\thesis\\backend\\vendor\\laravel\\framework\\src\\Illuminate\\Container\\Container.php(731): Illuminate\\Foundation\\Application->resolve('db.schema', Array)
#19 C:\\Users\\CENGE\\Desktop\\thesis\\backend\\vendor\\laravel\\framework\\src\\Illuminate\\Foundation\\Application.php(946): Illuminate\\Container\\Container->make('db.schema', Array)
#20 C:\\Users\\CENGE\\Desktop\\thesis\\backend\\vendor\\laravel\\framework\\src\\Illuminate\\Container\\Container.php(1454): Illuminate\\Foundation\\Application->make('db.schema')
#21 C:\\Users\\CENGE\\Desktop\\thesis\\backend\\vendor\\laravel\\framework\\src\\Illuminate\\Support\\Facades\\Facade.php(240): Illuminate\\Container\\Container->offsetGet('db.schema')
#22 C:\\Users\\CENGE\\Desktop\\thesis\\backend\\vendor\\laravel\\framework\\src\\Illuminate\\Support\\Facades\\Facade.php(208): Illuminate\\Support\\Facades\\Facade::resolveFacadeInstance('db.schema')
#23 C:\\Users\\CENGE\\Desktop\\thesis\\backend\\vendor\\laravel\\framework\\src\\Illuminate\\Support\\Facades\\Facade.php(349): Illuminate\\Support\\Facades\\Facade::getFacadeRoot()
#24 C:\\Users\\CENGE\\Desktop\\thesis\\backend\\app\\Providers\\AppServiceProvider.php(22): Illuminate\\Support\\Facades\\Facade::__callStatic('defaultStringLe...', Array)
#25 C:\\Users\\CENGE\\Desktop\\thesis\\backend\\vendor\\laravel\\framework\\src\\Illuminate\\Container\\BoundMethod.php(36): App\\Providers\\AppServiceProvider->boot()
#26 C:\\Users\\CENGE\\Desktop\\thesis\\backend\\vendor\\laravel\\framework\\src\\Illuminate\\Container\\Util.php(41): Illuminate\\Container\\BoundMethod::Illuminate\\Container\\{closure}()
#27 C:\\Users\\CENGE\\Desktop\\thesis\\backend\\vendor\\laravel\\framework\\src\\Illuminate\\Container\\BoundMethod.php(93): Illuminate\\Container\\Util::unwrapIfClosure(Object(Closure))
#28 C:\\Users\\CENGE\\Desktop\\thesis\\backend\\vendor\\laravel\\framework\\src\\Illuminate\\Container\\BoundMethod.php(35): Illuminate\\Container\\BoundMethod::callBoundMethod(Object(Illuminate\\Foundation\\Application), Array, Object(Closure))
#29 C:\\Users\\CENGE\\Desktop\\thesis\\backend\\vendor\\laravel\\framework\\src\\Illuminate\\Container\\Container.php(662): Illuminate\\Container\\BoundMethod::call(Object(Illuminate\\Foundation\\Application), Array, Array, NULL)
#30 C:\\Users\\CENGE\\Desktop\\thesis\\backend\\vendor\\laravel\\framework\\src\\Illuminate\\Foundation\\Application.php(1034): Illuminate\\Container\\Container->call(Array)
#31 C:\\Users\\CENGE\\Desktop\\thesis\\backend\\vendor\\laravel\\framework\\src\\Illuminate\\Foundation\\Application.php(1015): Illuminate\\Foundation\\Application->bootProvider(Object(App\\Providers\\AppServiceProvider))
#32 [internal function]: Illuminate\\Foundation\\Application->Illuminate\\Foundation\\{closure}(Object(App\\Providers\\AppServiceProvider), 20)
#33 C:\\Users\\CENGE\\Desktop\\thesis\\backend\\vendor\\laravel\\framework\\src\\Illuminate\\Foundation\\Application.php(1014): array_walk(Array, Object(Closure))
#34 C:\\Users\\CENGE\\Desktop\\thesis\\backend\\vendor\\laravel\\framework\\src\\Illuminate\\Foundation\\Bootstrap\\BootProviders.php(17): Illuminate\\Foundation\\Application->boot()
#35 C:\\Users\\CENGE\\Desktop\\thesis\\backend\\vendor\\laravel\\framework\\src\\Illuminate\\Foundation\\Application.php(263): Illuminate\\Foundation\\Bootstrap\\BootProviders->bootstrap(Object(Illuminate\\Foundation\\Application))
#36 C:\\Users\\CENGE\\Desktop\\thesis\\backend\\vendor\\laravel\\framework\\src\\Illuminate\\Foundation\\Console\\Kernel.php(447): Illuminate\\Foundation\\Application->bootstrapWith(Array)
#37 C:\\Users\\CENGE\\Desktop\\thesis\\backend\\vendor\\laravel\\framework\\src\\Illuminate\\Foundation\\Console\\Kernel.php(199): Illuminate\\Foundation\\Console\\Kernel->bootstrap()
#38 C:\\Users\\CENGE\\Desktop\\thesis\\backend\\artisan(35): Illuminate\\Foundation\\Console\\Kernel->handle(Object(Symfony\\Component\\Console\\Input\\ArgvInput), Object(Symfony\\Component\\Console\\Output\\ConsoleOutput))
#39 {main}
"} 
[2025-02-17 15:02:08] local.ERROR: Database file at path [C:\Users\CENGE\Desktop\thesis\backend\database\database.sqlite] does not exist. Ensure this is an absolute path to the database. (Connection: sqlite, SQL: PRAGMA foreign_keys = ON;) {"exception":"[object] (Illuminate\\Database\\QueryException(code: 0): Database file at path [C:\\Users\\CENGE\\Desktop\\thesis\\backend\\database\\database.sqlite] does not exist. Ensure this is an absolute path to the database. (Connection: sqlite, SQL: PRAGMA foreign_keys = ON;) at C:\\Users\\CENGE\\Desktop\\thesis\\backend\\vendor\\laravel\\framework\\src\\Illuminate\\Database\\Connection.php:829)
[stacktrace]
#0 C:\\Users\\CENGE\\Desktop\\thesis\\backend\\vendor\\laravel\\framework\\src\\Illuminate\\Database\\Connection.php(783): Illuminate\\Database\\Connection->runQueryCallback('PRAGMA foreign_...', Array, Object(Closure))
#1 C:\\Users\\CENGE\\Desktop\\thesis\\backend\\vendor\\laravel\\framework\\src\\Illuminate\\Database\\Connection.php(576): Illuminate\\Database\\Connection->run('PRAGMA foreign_...', Array, Object(Closure))
#2 C:\\Users\\CENGE\\Desktop\\thesis\\backend\\vendor\\laravel\\framework\\src\\Illuminate\\Database\\Schema\\Builder.php(560): Illuminate\\Database\\Connection->statement('PRAGMA foreign_...')
#3 C:\\Users\\CENGE\\Desktop\\thesis\\backend\\vendor\\laravel\\framework\\src\\Illuminate\\Database\\SQLiteConnection.php(36): Illuminate\\Database\\Schema\\Builder->enableForeignKeyConstraints()
#4 C:\\Users\\CENGE\\Desktop\\thesis\\backend\\vendor\\laravel\\framework\\src\\Illuminate\\Database\\Connectors\\ConnectionFactory.php(272): Illuminate\\Database\\SQLiteConnection->__construct(Object(Closure), 'C:\\\\Users\\\\CENGE\\\\...', '', Array)
#5 C:\\Users\\CENGE\\Desktop\\thesis\\backend\\vendor\\laravel\\framework\\src\\Illuminate\\Database\\Connectors\\ConnectionFactory.php(75): Illuminate\\Database\\Connectors\\ConnectionFactory->createConnection('sqlite', Object(Closure), 'C:\\\\Users\\\\CENGE\\\\...', '', Array)
#6 C:\\Users\\CENGE\\Desktop\\thesis\\backend\\vendor\\laravel\\framework\\src\\Illuminate\\Database\\Connectors\\ConnectionFactory.php(50): Illuminate\\Database\\Connectors\\ConnectionFactory->createSingleConnection(Array)
#7 C:\\Users\\CENGE\\Desktop\\thesis\\backend\\vendor\\laravel\\framework\\src\\Illuminate\\Database\\DatabaseManager.php(175): Illuminate\\Database\\Connectors\\ConnectionFactory->make(Array, 'sqlite')
#8 C:\\Users\\CENGE\\Desktop\\thesis\\backend\\vendor\\laravel\\framework\\src\\Illuminate\\Database\\DatabaseManager.php(101): Illuminate\\Database\\DatabaseManager->makeConnection('sqlite')
#9 C:\\Users\\CENGE\\Desktop\\thesis\\backend\\vendor\\laravel\\framework\\src\\Illuminate\\Database\\DatabaseServiceProvider.php(74): Illuminate\\Database\\DatabaseManager->connection()
#10 C:\\Users\\CENGE\\Desktop\\thesis\\backend\\vendor\\laravel\\framework\\src\\Illuminate\\Container\\Container.php(908): Illuminate\\Database\\DatabaseServiceProvider->Illuminate\\Database\\{closure}(Object(Illuminate\\Foundation\\Application), Array)
#11 C:\\Users\\CENGE\\Desktop\\thesis\\backend\\vendor\\laravel\\framework\\src\\Illuminate\\Container\\Container.php(795): Illuminate\\Container\\Container->build(Object(Closure))
#12 C:\\Users\\CENGE\\Desktop\\thesis\\backend\\vendor\\laravel\\framework\\src\\Illuminate\\Foundation\\Application.php(961): Illuminate\\Container\\Container->resolve('db.schema', Array, true)
#13 C:\\Users\\CENGE\\Desktop\\thesis\\backend\\vendor\\laravel\\framework\\src\\Illuminate\\Container\\Container.php(731): Illuminate\\Foundation\\Application->resolve('db.schema', Array)
#14 C:\\Users\\CENGE\\Desktop\\thesis\\backend\\vendor\\laravel\\framework\\src\\Illuminate\\Foundation\\Application.php(946): Illuminate\\Container\\Container->make('db.schema', Array)
#15 C:\\Users\\CENGE\\Desktop\\thesis\\backend\\vendor\\laravel\\framework\\src\\Illuminate\\Container\\Container.php(1454): Illuminate\\Foundation\\Application->make('db.schema')
#16 C:\\Users\\CENGE\\Desktop\\thesis\\backend\\vendor\\laravel\\framework\\src\\Illuminate\\Support\\Facades\\Facade.php(240): Illuminate\\Container\\Container->offsetGet('db.schema')
#17 C:\\Users\\CENGE\\Desktop\\thesis\\backend\\vendor\\laravel\\framework\\src\\Illuminate\\Support\\Facades\\Facade.php(208): Illuminate\\Support\\Facades\\Facade::resolveFacadeInstance('db.schema')
#18 C:\\Users\\CENGE\\Desktop\\thesis\\backend\\vendor\\laravel\\framework\\src\\Illuminate\\Support\\Facades\\Facade.php(349): Illuminate\\Support\\Facades\\Facade::getFacadeRoot()
#19 C:\\Users\\CENGE\\Desktop\\thesis\\backend\\app\\Providers\\AppServiceProvider.php(22): Illuminate\\Support\\Facades\\Facade::__callStatic('defaultStringLe...', Array)
#20 C:\\Users\\CENGE\\Desktop\\thesis\\backend\\vendor\\laravel\\framework\\src\\Illuminate\\Container\\BoundMethod.php(36): App\\Providers\\AppServiceProvider->boot()
#21 C:\\Users\\CENGE\\Desktop\\thesis\\backend\\vendor\\laravel\\framework\\src\\Illuminate\\Container\\Util.php(41): Illuminate\\Container\\BoundMethod::Illuminate\\Container\\{closure}()
#22 C:\\Users\\CENGE\\Desktop\\thesis\\backend\\vendor\\laravel\\framework\\src\\Illuminate\\Container\\BoundMethod.php(93): Illuminate\\Container\\Util::unwrapIfClosure(Object(Closure))
#23 C:\\Users\\CENGE\\Desktop\\thesis\\backend\\vendor\\laravel\\framework\\src\\Illuminate\\Container\\BoundMethod.php(35): Illuminate\\Container\\BoundMethod::callBoundMethod(Object(Illuminate\\Foundation\\Application), Array, Object(Closure))
#24 C:\\Users\\CENGE\\Desktop\\thesis\\backend\\vendor\\laravel\\framework\\src\\Illuminate\\Container\\Container.php(662): Illuminate\\Container\\BoundMethod::call(Object(Illuminate\\Foundation\\Application), Array, Array, NULL)
#25 C:\\Users\\CENGE\\Desktop\\thesis\\backend\\vendor\\laravel\\framework\\src\\Illuminate\\Foundation\\Application.php(1034): Illuminate\\Container\\Container->call(Array)
#26 C:\\Users\\CENGE\\Desktop\\thesis\\backend\\vendor\\laravel\\framework\\src\\Illuminate\\Foundation\\Application.php(1015): Illuminate\\Foundation\\Application->bootProvider(Object(App\\Providers\\AppServiceProvider))
#27 [internal function]: Illuminate\\Foundation\\Application->Illuminate\\Foundation\\{closure}(Object(App\\Providers\\AppServiceProvider), 20)
#28 C:\\Users\\CENGE\\Desktop\\thesis\\backend\\vendor\\laravel\\framework\\src\\Illuminate\\Foundation\\Application.php(1014): array_walk(Array, Object(Closure))
#29 C:\\Users\\CENGE\\Desktop\\thesis\\backend\\vendor\\laravel\\framework\\src\\Illuminate\\Foundation\\Bootstrap\\BootProviders.php(17): Illuminate\\Foundation\\Application->boot()
#30 C:\\Users\\CENGE\\Desktop\\thesis\\backend\\vendor\\laravel\\framework\\src\\Illuminate\\Foundation\\Application.php(263): Illuminate\\Foundation\\Bootstrap\\BootProviders->bootstrap(Object(Illuminate\\Foundation\\Application))
#31 C:\\Users\\CENGE\\Desktop\\thesis\\backend\\vendor\\laravel\\framework\\src\\Illuminate\\Foundation\\Console\\Kernel.php(447): Illuminate\\Foundation\\Application->bootstrapWith(Array)
#32 C:\\Users\\CENGE\\Desktop\\thesis\\backend\\vendor\\laravel\\framework\\src\\Illuminate\\Foundation\\Console\\Kernel.php(199): Illuminate\\Foundation\\Console\\Kernel->bootstrap()
#33 C:\\Users\\CENGE\\Desktop\\thesis\\backend\\artisan(35): Illuminate\\Foundation\\Console\\Kernel->handle(Object(Symfony\\Component\\Console\\Input\\ArgvInput), Object(Symfony\\Component\\Console\\Output\\ConsoleOutput))
#34 {main}

[previous exception] [object] (Illuminate\\Database\\SQLiteDatabaseDoesNotExistException(code: 0): Database file at path [C:\\Users\\CENGE\\Desktop\\thesis\\backend\\database\\database.sqlite] does not exist. Ensure this is an absolute path to the database. at C:\\Users\\CENGE\\Desktop\\thesis\\backend\\vendor\\laravel\\framework\\src\\Illuminate\\Database\\Connectors\\SQLiteConnector.php:34)
[stacktrace]
#0 C:\\Users\\CENGE\\Desktop\\thesis\\backend\\vendor\\laravel\\framework\\src\\Illuminate\\Database\\Connectors\\ConnectionFactory.php(221): Illuminate\\Database\\Connectors\\SQLiteConnector->connect(Array)
#1 [internal function]: Illuminate\\Database\\Connectors\\ConnectionFactory->Illuminate\\Database\\Connectors\\{closure}()
#2 C:\\Users\\CENGE\\Desktop\\thesis\\backend\\vendor\\laravel\\framework\\src\\Illuminate\\Database\\Connection.php(1339): call_user_func(Object(Closure))
#3 C:\\Users\\CENGE\\Desktop\\thesis\\backend\\vendor\\laravel\\framework\\src\\Illuminate\\Database\\Connection.php(581): Illuminate\\Database\\Connection->getPdo()
#4 C:\\Users\\CENGE\\Desktop\\thesis\\backend\\vendor\\laravel\\framework\\src\\Illuminate\\Database\\Connection.php(816): Illuminate\\Database\\Connection->Illuminate\\Database\\{closure}('PRAGMA foreign_...', Array)
#5 C:\\Users\\CENGE\\Desktop\\thesis\\backend\\vendor\\laravel\\framework\\src\\Illuminate\\Database\\Connection.php(783): Illuminate\\Database\\Connection->runQueryCallback('PRAGMA foreign_...', Array, Object(Closure))
#6 C:\\Users\\CENGE\\Desktop\\thesis\\backend\\vendor\\laravel\\framework\\src\\Illuminate\\Database\\Connection.php(576): Illuminate\\Database\\Connection->run('PRAGMA foreign_...', Array, Object(Closure))
#7 C:\\Users\\CENGE\\Desktop\\thesis\\backend\\vendor\\laravel\\framework\\src\\Illuminate\\Database\\Schema\\Builder.php(560): Illuminate\\Database\\Connection->statement('PRAGMA foreign_...')
#8 C:\\Users\\CENGE\\Desktop\\thesis\\backend\\vendor\\laravel\\framework\\src\\Illuminate\\Database\\SQLiteConnection.php(36): Illuminate\\Database\\Schema\\Builder->enableForeignKeyConstraints()
#9 C:\\Users\\CENGE\\Desktop\\thesis\\backend\\vendor\\laravel\\framework\\src\\Illuminate\\Database\\Connectors\\ConnectionFactory.php(272): Illuminate\\Database\\SQLiteConnection->__construct(Object(Closure), 'C:\\\\Users\\\\CENGE\\\\...', '', Array)
#10 C:\\Users\\CENGE\\Desktop\\thesis\\backend\\vendor\\laravel\\framework\\src\\Illuminate\\Database\\Connectors\\ConnectionFactory.php(75): Illuminate\\Database\\Connectors\\ConnectionFactory->createConnection('sqlite', Object(Closure), 'C:\\\\Users\\\\CENGE\\\\...', '', Array)
#11 C:\\Users\\CENGE\\Desktop\\thesis\\backend\\vendor\\laravel\\framework\\src\\Illuminate\\Database\\Connectors\\ConnectionFactory.php(50): Illuminate\\Database\\Connectors\\ConnectionFactory->createSingleConnection(Array)
#12 C:\\Users\\CENGE\\Desktop\\thesis\\backend\\vendor\\laravel\\framework\\src\\Illuminate\\Database\\DatabaseManager.php(175): Illuminate\\Database\\Connectors\\ConnectionFactory->make(Array, 'sqlite')
#13 C:\\Users\\CENGE\\Desktop\\thesis\\backend\\vendor\\laravel\\framework\\src\\Illuminate\\Database\\DatabaseManager.php(101): Illuminate\\Database\\DatabaseManager->makeConnection('sqlite')
#14 C:\\Users\\CENGE\\Desktop\\thesis\\backend\\vendor\\laravel\\framework\\src\\Illuminate\\Database\\DatabaseServiceProvider.php(74): Illuminate\\Database\\DatabaseManager->connection()
#15 C:\\Users\\CENGE\\Desktop\\thesis\\backend\\vendor\\laravel\\framework\\src\\Illuminate\\Container\\Container.php(908): Illuminate\\Database\\DatabaseServiceProvider->Illuminate\\Database\\{closure}(Object(Illuminate\\Foundation\\Application), Array)
#16 C:\\Users\\CENGE\\Desktop\\thesis\\backend\\vendor\\laravel\\framework\\src\\Illuminate\\Container\\Container.php(795): Illuminate\\Container\\Container->build(Object(Closure))
#17 C:\\Users\\CENGE\\Desktop\\thesis\\backend\\vendor\\laravel\\framework\\src\\Illuminate\\Foundation\\Application.php(961): Illuminate\\Container\\Container->resolve('db.schema', Array, true)
#18 C:\\Users\\CENGE\\Desktop\\thesis\\backend\\vendor\\laravel\\framework\\src\\Illuminate\\Container\\Container.php(731): Illuminate\\Foundation\\Application->resolve('db.schema', Array)
#19 C:\\Users\\CENGE\\Desktop\\thesis\\backend\\vendor\\laravel\\framework\\src\\Illuminate\\Foundation\\Application.php(946): Illuminate\\Container\\Container->make('db.schema', Array)
#20 C:\\Users\\CENGE\\Desktop\\thesis\\backend\\vendor\\laravel\\framework\\src\\Illuminate\\Container\\Container.php(1454): Illuminate\\Foundation\\Application->make('db.schema')
#21 C:\\Users\\CENGE\\Desktop\\thesis\\backend\\vendor\\laravel\\framework\\src\\Illuminate\\Support\\Facades\\Facade.php(240): Illuminate\\Container\\Container->offsetGet('db.schema')
#22 C:\\Users\\CENGE\\Desktop\\thesis\\backend\\vendor\\laravel\\framework\\src\\Illuminate\\Support\\Facades\\Facade.php(208): Illuminate\\Support\\Facades\\Facade::resolveFacadeInstance('db.schema')
#23 C:\\Users\\CENGE\\Desktop\\thesis\\backend\\vendor\\laravel\\framework\\src\\Illuminate\\Support\\Facades\\Facade.php(349): Illuminate\\Support\\Facades\\Facade::getFacadeRoot()
#24 C:\\Users\\CENGE\\Desktop\\thesis\\backend\\app\\Providers\\AppServiceProvider.php(22): Illuminate\\Support\\Facades\\Facade::__callStatic('defaultStringLe...', Array)
#25 C:\\Users\\CENGE\\Desktop\\thesis\\backend\\vendor\\laravel\\framework\\src\\Illuminate\\Container\\BoundMethod.php(36): App\\Providers\\AppServiceProvider->boot()
#26 C:\\Users\\CENGE\\Desktop\\thesis\\backend\\vendor\\laravel\\framework\\src\\Illuminate\\Container\\Util.php(41): Illuminate\\Container\\BoundMethod::Illuminate\\Container\\{closure}()
#27 C:\\Users\\CENGE\\Desktop\\thesis\\backend\\vendor\\laravel\\framework\\src\\Illuminate\\Container\\BoundMethod.php(93): Illuminate\\Container\\Util::unwrapIfClosure(Object(Closure))
#28 C:\\Users\\CENGE\\Desktop\\thesis\\backend\\vendor\\laravel\\framework\\src\\Illuminate\\Container\\BoundMethod.php(35): Illuminate\\Container\\BoundMethod::callBoundMethod(Object(Illuminate\\Foundation\\Application), Array, Object(Closure))
#29 C:\\Users\\CENGE\\Desktop\\thesis\\backend\\vendor\\laravel\\framework\\src\\Illuminate\\Container\\Container.php(662): Illuminate\\Container\\BoundMethod::call(Object(Illuminate\\Foundation\\Application), Array, Array, NULL)
#30 C:\\Users\\CENGE\\Desktop\\thesis\\backend\\vendor\\laravel\\framework\\src\\Illuminate\\Foundation\\Application.php(1034): Illuminate\\Container\\Container->call(Array)
#31 C:\\Users\\CENGE\\Desktop\\thesis\\backend\\vendor\\laravel\\framework\\src\\Illuminate\\Foundation\\Application.php(1015): Illuminate\\Foundation\\Application->bootProvider(Object(App\\Providers\\AppServiceProvider))
#32 [internal function]: Illuminate\\Foundation\\Application->Illuminate\\Foundation\\{closure}(Object(App\\Providers\\AppServiceProvider), 20)
#33 C:\\Users\\CENGE\\Desktop\\thesis\\backend\\vendor\\laravel\\framework\\src\\Illuminate\\Foundation\\Application.php(1014): array_walk(Array, Object(Closure))
#34 C:\\Users\\CENGE\\Desktop\\thesis\\backend\\vendor\\laravel\\framework\\src\\Illuminate\\Foundation\\Bootstrap\\BootProviders.php(17): Illuminate\\Foundation\\Application->boot()
#35 C:\\Users\\CENGE\\Desktop\\thesis\\backend\\vendor\\laravel\\framework\\src\\Illuminate\\Foundation\\Application.php(263): Illuminate\\Foundation\\Bootstrap\\BootProviders->bootstrap(Object(Illuminate\\Foundation\\Application))
#36 C:\\Users\\CENGE\\Desktop\\thesis\\backend\\vendor\\laravel\\framework\\src\\Illuminate\\Foundation\\Console\\Kernel.php(447): Illuminate\\Foundation\\Application->bootstrapWith(Array)
#37 C:\\Users\\CENGE\\Desktop\\thesis\\backend\\vendor\\laravel\\framework\\src\\Illuminate\\Foundation\\Console\\Kernel.php(199): Illuminate\\Foundation\\Console\\Kernel->bootstrap()
#38 C:\\Users\\CENGE\\Desktop\\thesis\\backend\\artisan(35): Illuminate\\Foundation\\Console\\Kernel->handle(Object(Symfony\\Component\\Console\\Input\\ArgvInput), Object(Symfony\\Component\\Console\\Output\\ConsoleOutput))
#39 {main}
"} 
[2025-02-17 15:03:19] local.ERROR: Database file at path [C:\Users\CENGE\Desktop\thesis\backend\database\database.sqlite] does not exist. Ensure this is an absolute path to the database. (Connection: sqlite, SQL: PRAGMA foreign_keys = ON;) {"exception":"[object] (Illuminate\\Database\\QueryException(code: 0): Database file at path [C:\\Users\\CENGE\\Desktop\\thesis\\backend\\database\\database.sqlite] does not exist. Ensure this is an absolute path to the database. (Connection: sqlite, SQL: PRAGMA foreign_keys = ON;) at C:\\Users\\CENGE\\Desktop\\thesis\\backend\\vendor\\laravel\\framework\\src\\Illuminate\\Database\\Connection.php:829)
[stacktrace]
#0 C:\\Users\\CENGE\\Desktop\\thesis\\backend\\vendor\\laravel\\framework\\src\\Illuminate\\Database\\Connection.php(783): Illuminate\\Database\\Connection->runQueryCallback('PRAGMA foreign_...', Array, Object(Closure))
#1 C:\\Users\\CENGE\\Desktop\\thesis\\backend\\vendor\\laravel\\framework\\src\\Illuminate\\Database\\Connection.php(576): Illuminate\\Database\\Connection->run('PRAGMA foreign_...', Array, Object(Closure))
#2 C:\\Users\\CENGE\\Desktop\\thesis\\backend\\vendor\\laravel\\framework\\src\\Illuminate\\Database\\Schema\\Builder.php(560): Illuminate\\Database\\Connection->statement('PRAGMA foreign_...')
#3 C:\\Users\\CENGE\\Desktop\\thesis\\backend\\vendor\\laravel\\framework\\src\\Illuminate\\Database\\SQLiteConnection.php(36): Illuminate\\Database\\Schema\\Builder->enableForeignKeyConstraints()
#4 C:\\Users\\CENGE\\Desktop\\thesis\\backend\\vendor\\laravel\\framework\\src\\Illuminate\\Database\\Connectors\\ConnectionFactory.php(272): Illuminate\\Database\\SQLiteConnection->__construct(Object(Closure), 'C:\\\\Users\\\\CENGE\\\\...', '', Array)
#5 C:\\Users\\CENGE\\Desktop\\thesis\\backend\\vendor\\laravel\\framework\\src\\Illuminate\\Database\\Connectors\\ConnectionFactory.php(75): Illuminate\\Database\\Connectors\\ConnectionFactory->createConnection('sqlite', Object(Closure), 'C:\\\\Users\\\\CENGE\\\\...', '', Array)
#6 C:\\Users\\CENGE\\Desktop\\thesis\\backend\\vendor\\laravel\\framework\\src\\Illuminate\\Database\\Connectors\\ConnectionFactory.php(50): Illuminate\\Database\\Connectors\\ConnectionFactory->createSingleConnection(Array)
#7 C:\\Users\\CENGE\\Desktop\\thesis\\backend\\vendor\\laravel\\framework\\src\\Illuminate\\Database\\DatabaseManager.php(175): Illuminate\\Database\\Connectors\\ConnectionFactory->make(Array, 'sqlite')
#8 C:\\Users\\CENGE\\Desktop\\thesis\\backend\\vendor\\laravel\\framework\\src\\Illuminate\\Database\\DatabaseManager.php(101): Illuminate\\Database\\DatabaseManager->makeConnection('sqlite')
#9 C:\\Users\\CENGE\\Desktop\\thesis\\backend\\vendor\\laravel\\framework\\src\\Illuminate\\Database\\DatabaseServiceProvider.php(74): Illuminate\\Database\\DatabaseManager->connection()
#10 C:\\Users\\CENGE\\Desktop\\thesis\\backend\\vendor\\laravel\\framework\\src\\Illuminate\\Container\\Container.php(908): Illuminate\\Database\\DatabaseServiceProvider->Illuminate\\Database\\{closure}(Object(Illuminate\\Foundation\\Application), Array)
#11 C:\\Users\\CENGE\\Desktop\\thesis\\backend\\vendor\\laravel\\framework\\src\\Illuminate\\Container\\Container.php(795): Illuminate\\Container\\Container->build(Object(Closure))
#12 C:\\Users\\CENGE\\Desktop\\thesis\\backend\\vendor\\laravel\\framework\\src\\Illuminate\\Foundation\\Application.php(961): Illuminate\\Container\\Container->resolve('db.schema', Array, true)
#13 C:\\Users\\CENGE\\Desktop\\thesis\\backend\\vendor\\laravel\\framework\\src\\Illuminate\\Container\\Container.php(731): Illuminate\\Foundation\\Application->resolve('db.schema', Array)
#14 C:\\Users\\CENGE\\Desktop\\thesis\\backend\\vendor\\laravel\\framework\\src\\Illuminate\\Foundation\\Application.php(946): Illuminate\\Container\\Container->make('db.schema', Array)
#15 C:\\Users\\CENGE\\Desktop\\thesis\\backend\\vendor\\laravel\\framework\\src\\Illuminate\\Container\\Container.php(1454): Illuminate\\Foundation\\Application->make('db.schema')
#16 C:\\Users\\CENGE\\Desktop\\thesis\\backend\\vendor\\laravel\\framework\\src\\Illuminate\\Support\\Facades\\Facade.php(240): Illuminate\\Container\\Container->offsetGet('db.schema')
#17 C:\\Users\\CENGE\\Desktop\\thesis\\backend\\vendor\\laravel\\framework\\src\\Illuminate\\Support\\Facades\\Facade.php(208): Illuminate\\Support\\Facades\\Facade::resolveFacadeInstance('db.schema')
#18 C:\\Users\\CENGE\\Desktop\\thesis\\backend\\vendor\\laravel\\framework\\src\\Illuminate\\Support\\Facades\\Facade.php(349): Illuminate\\Support\\Facades\\Facade::getFacadeRoot()
#19 C:\\Users\\CENGE\\Desktop\\thesis\\backend\\app\\Providers\\AppServiceProvider.php(22): Illuminate\\Support\\Facades\\Facade::__callStatic('defaultStringLe...', Array)
#20 C:\\Users\\CENGE\\Desktop\\thesis\\backend\\vendor\\laravel\\framework\\src\\Illuminate\\Container\\BoundMethod.php(36): App\\Providers\\AppServiceProvider->boot()
#21 C:\\Users\\CENGE\\Desktop\\thesis\\backend\\vendor\\laravel\\framework\\src\\Illuminate\\Container\\Util.php(41): Illuminate\\Container\\BoundMethod::Illuminate\\Container\\{closure}()
#22 C:\\Users\\CENGE\\Desktop\\thesis\\backend\\vendor\\laravel\\framework\\src\\Illuminate\\Container\\BoundMethod.php(93): Illuminate\\Container\\Util::unwrapIfClosure(Object(Closure))
#23 C:\\Users\\CENGE\\Desktop\\thesis\\backend\\vendor\\laravel\\framework\\src\\Illuminate\\Container\\BoundMethod.php(35): Illuminate\\Container\\BoundMethod::callBoundMethod(Object(Illuminate\\Foundation\\Application), Array, Object(Closure))
#24 C:\\Users\\CENGE\\Desktop\\thesis\\backend\\vendor\\laravel\\framework\\src\\Illuminate\\Container\\Container.php(662): Illuminate\\Container\\BoundMethod::call(Object(Illuminate\\Foundation\\Application), Array, Array, NULL)
#25 C:\\Users\\CENGE\\Desktop\\thesis\\backend\\vendor\\laravel\\framework\\src\\Illuminate\\Foundation\\Application.php(1034): Illuminate\\Container\\Container->call(Array)
#26 C:\\Users\\CENGE\\Desktop\\thesis\\backend\\vendor\\laravel\\framework\\src\\Illuminate\\Foundation\\Application.php(1015): Illuminate\\Foundation\\Application->bootProvider(Object(App\\Providers\\AppServiceProvider))
#27 [internal function]: Illuminate\\Foundation\\Application->Illuminate\\Foundation\\{closure}(Object(App\\Providers\\AppServiceProvider), 20)
#28 C:\\Users\\CENGE\\Desktop\\thesis\\backend\\vendor\\laravel\\framework\\src\\Illuminate\\Foundation\\Application.php(1014): array_walk(Array, Object(Closure))
#29 C:\\Users\\CENGE\\Desktop\\thesis\\backend\\vendor\\laravel\\framework\\src\\Illuminate\\Foundation\\Bootstrap\\BootProviders.php(17): Illuminate\\Foundation\\Application->boot()
#30 C:\\Users\\CENGE\\Desktop\\thesis\\backend\\vendor\\laravel\\framework\\src\\Illuminate\\Foundation\\Application.php(263): Illuminate\\Foundation\\Bootstrap\\BootProviders->bootstrap(Object(Illuminate\\Foundation\\Application))
#31 C:\\Users\\CENGE\\Desktop\\thesis\\backend\\vendor\\laravel\\framework\\src\\Illuminate\\Foundation\\Console\\Kernel.php(447): Illuminate\\Foundation\\Application->bootstrapWith(Array)
#32 C:\\Users\\CENGE\\Desktop\\thesis\\backend\\vendor\\laravel\\framework\\src\\Illuminate\\Foundation\\Console\\Kernel.php(199): Illuminate\\Foundation\\Console\\Kernel->bootstrap()
#33 C:\\Users\\CENGE\\Desktop\\thesis\\backend\\artisan(35): Illuminate\\Foundation\\Console\\Kernel->handle(Object(Symfony\\Component\\Console\\Input\\ArgvInput), Object(Symfony\\Component\\Console\\Output\\ConsoleOutput))
#34 {main}

[previous exception] [object] (Illuminate\\Database\\SQLiteDatabaseDoesNotExistException(code: 0): Database file at path [C:\\Users\\CENGE\\Desktop\\thesis\\backend\\database\\database.sqlite] does not exist. Ensure this is an absolute path to the database. at C:\\Users\\CENGE\\Desktop\\thesis\\backend\\vendor\\laravel\\framework\\src\\Illuminate\\Database\\Connectors\\SQLiteConnector.php:34)
[stacktrace]
#0 C:\\Users\\CENGE\\Desktop\\thesis\\backend\\vendor\\laravel\\framework\\src\\Illuminate\\Database\\Connectors\\ConnectionFactory.php(221): Illuminate\\Database\\Connectors\\SQLiteConnector->connect(Array)
#1 [internal function]: Illuminate\\Database\\Connectors\\ConnectionFactory->Illuminate\\Database\\Connectors\\{closure}()
#2 C:\\Users\\CENGE\\Desktop\\thesis\\backend\\vendor\\laravel\\framework\\src\\Illuminate\\Database\\Connection.php(1339): call_user_func(Object(Closure))
#3 C:\\Users\\CENGE\\Desktop\\thesis\\backend\\vendor\\laravel\\framework\\src\\Illuminate\\Database\\Connection.php(581): Illuminate\\Database\\Connection->getPdo()
#4 C:\\Users\\CENGE\\Desktop\\thesis\\backend\\vendor\\laravel\\framework\\src\\Illuminate\\Database\\Connection.php(816): Illuminate\\Database\\Connection->Illuminate\\Database\\{closure}('PRAGMA foreign_...', Array)
#5 C:\\Users\\CENGE\\Desktop\\thesis\\backend\\vendor\\laravel\\framework\\src\\Illuminate\\Database\\Connection.php(783): Illuminate\\Database\\Connection->runQueryCallback('PRAGMA foreign_...', Array, Object(Closure))
#6 C:\\Users\\CENGE\\Desktop\\thesis\\backend\\vendor\\laravel\\framework\\src\\Illuminate\\Database\\Connection.php(576): Illuminate\\Database\\Connection->run('PRAGMA foreign_...', Array, Object(Closure))
#7 C:\\Users\\CENGE\\Desktop\\thesis\\backend\\vendor\\laravel\\framework\\src\\Illuminate\\Database\\Schema\\Builder.php(560): Illuminate\\Database\\Connection->statement('PRAGMA foreign_...')
#8 C:\\Users\\CENGE\\Desktop\\thesis\\backend\\vendor\\laravel\\framework\\src\\Illuminate\\Database\\SQLiteConnection.php(36): Illuminate\\Database\\Schema\\Builder->enableForeignKeyConstraints()
#9 C:\\Users\\CENGE\\Desktop\\thesis\\backend\\vendor\\laravel\\framework\\src\\Illuminate\\Database\\Connectors\\ConnectionFactory.php(272): Illuminate\\Database\\SQLiteConnection->__construct(Object(Closure), 'C:\\\\Users\\\\CENGE\\\\...', '', Array)
#10 C:\\Users\\CENGE\\Desktop\\thesis\\backend\\vendor\\laravel\\framework\\src\\Illuminate\\Database\\Connectors\\ConnectionFactory.php(75): Illuminate\\Database\\Connectors\\ConnectionFactory->createConnection('sqlite', Object(Closure), 'C:\\\\Users\\\\CENGE\\\\...', '', Array)
#11 C:\\Users\\CENGE\\Desktop\\thesis\\backend\\vendor\\laravel\\framework\\src\\Illuminate\\Database\\Connectors\\ConnectionFactory.php(50): Illuminate\\Database\\Connectors\\ConnectionFactory->createSingleConnection(Array)
#12 C:\\Users\\CENGE\\Desktop\\thesis\\backend\\vendor\\laravel\\framework\\src\\Illuminate\\Database\\DatabaseManager.php(175): Illuminate\\Database\\Connectors\\ConnectionFactory->make(Array, 'sqlite')
#13 C:\\Users\\CENGE\\Desktop\\thesis\\backend\\vendor\\laravel\\framework\\src\\Illuminate\\Database\\DatabaseManager.php(101): Illuminate\\Database\\DatabaseManager->makeConnection('sqlite')
#14 C:\\Users\\CENGE\\Desktop\\thesis\\backend\\vendor\\laravel\\framework\\src\\Illuminate\\Database\\DatabaseServiceProvider.php(74): Illuminate\\Database\\DatabaseManager->connection()
#15 C:\\Users\\CENGE\\Desktop\\thesis\\backend\\vendor\\laravel\\framework\\src\\Illuminate\\Container\\Container.php(908): Illuminate\\Database\\DatabaseServiceProvider->Illuminate\\Database\\{closure}(Object(Illuminate\\Foundation\\Application), Array)
#16 C:\\Users\\CENGE\\Desktop\\thesis\\backend\\vendor\\laravel\\framework\\src\\Illuminate\\Container\\Container.php(795): Illuminate\\Container\\Container->build(Object(Closure))
#17 C:\\Users\\CENGE\\Desktop\\thesis\\backend\\vendor\\laravel\\framework\\src\\Illuminate\\Foundation\\Application.php(961): Illuminate\\Container\\Container->resolve('db.schema', Array, true)
#18 C:\\Users\\CENGE\\Desktop\\thesis\\backend\\vendor\\laravel\\framework\\src\\Illuminate\\Container\\Container.php(731): Illuminate\\Foundation\\Application->resolve('db.schema', Array)
#19 C:\\Users\\CENGE\\Desktop\\thesis\\backend\\vendor\\laravel\\framework\\src\\Illuminate\\Foundation\\Application.php(946): Illuminate\\Container\\Container->make('db.schema', Array)
#20 C:\\Users\\CENGE\\Desktop\\thesis\\backend\\vendor\\laravel\\framework\\src\\Illuminate\\Container\\Container.php(1454): Illuminate\\Foundation\\Application->make('db.schema')
#21 C:\\Users\\CENGE\\Desktop\\thesis\\backend\\vendor\\laravel\\framework\\src\\Illuminate\\Support\\Facades\\Facade.php(240): Illuminate\\Container\\Container->offsetGet('db.schema')
#22 C:\\Users\\CENGE\\Desktop\\thesis\\backend\\vendor\\laravel\\framework\\src\\Illuminate\\Support\\Facades\\Facade.php(208): Illuminate\\Support\\Facades\\Facade::resolveFacadeInstance('db.schema')
#23 C:\\Users\\CENGE\\Desktop\\thesis\\backend\\vendor\\laravel\\framework\\src\\Illuminate\\Support\\Facades\\Facade.php(349): Illuminate\\Support\\Facades\\Facade::getFacadeRoot()
#24 C:\\Users\\CENGE\\Desktop\\thesis\\backend\\app\\Providers\\AppServiceProvider.php(22): Illuminate\\Support\\Facades\\Facade::__callStatic('defaultStringLe...', Array)
#25 C:\\Users\\CENGE\\Desktop\\thesis\\backend\\vendor\\laravel\\framework\\src\\Illuminate\\Container\\BoundMethod.php(36): App\\Providers\\AppServiceProvider->boot()
#26 C:\\Users\\CENGE\\Desktop\\thesis\\backend\\vendor\\laravel\\framework\\src\\Illuminate\\Container\\Util.php(41): Illuminate\\Container\\BoundMethod::Illuminate\\Container\\{closure}()
#27 C:\\Users\\CENGE\\Desktop\\thesis\\backend\\vendor\\laravel\\framework\\src\\Illuminate\\Container\\BoundMethod.php(93): Illuminate\\Container\\Util::unwrapIfClosure(Object(Closure))
#28 C:\\Users\\CENGE\\Desktop\\thesis\\backend\\vendor\\laravel\\framework\\src\\Illuminate\\Container\\BoundMethod.php(35): Illuminate\\Container\\BoundMethod::callBoundMethod(Object(Illuminate\\Foundation\\Application), Array, Object(Closure))
#29 C:\\Users\\CENGE\\Desktop\\thesis\\backend\\vendor\\laravel\\framework\\src\\Illuminate\\Container\\Container.php(662): Illuminate\\Container\\BoundMethod::call(Object(Illuminate\\Foundation\\Application), Array, Array, NULL)
#30 C:\\Users\\CENGE\\Desktop\\thesis\\backend\\vendor\\laravel\\framework\\src\\Illuminate\\Foundation\\Application.php(1034): Illuminate\\Container\\Container->call(Array)
#31 C:\\Users\\CENGE\\Desktop\\thesis\\backend\\vendor\\laravel\\framework\\src\\Illuminate\\Foundation\\Application.php(1015): Illuminate\\Foundation\\Application->bootProvider(Object(App\\Providers\\AppServiceProvider))
#32 [internal function]: Illuminate\\Foundation\\Application->Illuminate\\Foundation\\{closure}(Object(App\\Providers\\AppServiceProvider), 20)
#33 C:\\Users\\CENGE\\Desktop\\thesis\\backend\\vendor\\laravel\\framework\\src\\Illuminate\\Foundation\\Application.php(1014): array_walk(Array, Object(Closure))
#34 C:\\Users\\CENGE\\Desktop\\thesis\\backend\\vendor\\laravel\\framework\\src\\Illuminate\\Foundation\\Bootstrap\\BootProviders.php(17): Illuminate\\Foundation\\Application->boot()
#35 C:\\Users\\CENGE\\Desktop\\thesis\\backend\\vendor\\laravel\\framework\\src\\Illuminate\\Foundation\\Application.php(263): Illuminate\\Foundation\\Bootstrap\\BootProviders->bootstrap(Object(Illuminate\\Foundation\\Application))
#36 C:\\Users\\CENGE\\Desktop\\thesis\\backend\\vendor\\laravel\\framework\\src\\Illuminate\\Foundation\\Console\\Kernel.php(447): Illuminate\\Foundation\\Application->bootstrapWith(Array)
#37 C:\\Users\\CENGE\\Desktop\\thesis\\backend\\vendor\\laravel\\framework\\src\\Illuminate\\Foundation\\Console\\Kernel.php(199): Illuminate\\Foundation\\Console\\Kernel->bootstrap()
#38 C:\\Users\\CENGE\\Desktop\\thesis\\backend\\artisan(35): Illuminate\\Foundation\\Console\\Kernel->handle(Object(Symfony\\Component\\Console\\Input\\ArgvInput), Object(Symfony\\Component\\Console\\Output\\ConsoleOutput))
#39 {main}
"} 
[2025-02-17 15:03:44] local.ERROR: Database file at path [C:\Users\CENGE\Desktop\thesis\backend\database\database.sqlite] does not exist. Ensure this is an absolute path to the database. (Connection: sqlite, SQL: PRAGMA foreign_keys = ON;) {"exception":"[object] (Illuminate\\Database\\QueryException(code: 0): Database file at path [C:\\Users\\CENGE\\Desktop\\thesis\\backend\\database\\database.sqlite] does not exist. Ensure this is an absolute path to the database. (Connection: sqlite, SQL: PRAGMA foreign_keys = ON;) at C:\\Users\\CENGE\\Desktop\\thesis\\backend\\vendor\\laravel\\framework\\src\\Illuminate\\Database\\Connection.php:829)
[stacktrace]
#0 C:\\Users\\CENGE\\Desktop\\thesis\\backend\\vendor\\laravel\\framework\\src\\Illuminate\\Database\\Connection.php(783): Illuminate\\Database\\Connection->runQueryCallback('PRAGMA foreign_...', Array, Object(Closure))
#1 C:\\Users\\CENGE\\Desktop\\thesis\\backend\\vendor\\laravel\\framework\\src\\Illuminate\\Database\\Connection.php(576): Illuminate\\Database\\Connection->run('PRAGMA foreign_...', Array, Object(Closure))
#2 C:\\Users\\CENGE\\Desktop\\thesis\\backend\\vendor\\laravel\\framework\\src\\Illuminate\\Database\\Schema\\Builder.php(560): Illuminate\\Database\\Connection->statement('PRAGMA foreign_...')
#3 C:\\Users\\CENGE\\Desktop\\thesis\\backend\\vendor\\laravel\\framework\\src\\Illuminate\\Database\\SQLiteConnection.php(36): Illuminate\\Database\\Schema\\Builder->enableForeignKeyConstraints()
#4 C:\\Users\\CENGE\\Desktop\\thesis\\backend\\vendor\\laravel\\framework\\src\\Illuminate\\Database\\Connectors\\ConnectionFactory.php(272): Illuminate\\Database\\SQLiteConnection->__construct(Object(Closure), 'C:\\\\Users\\\\CENGE\\\\...', '', Array)
#5 C:\\Users\\CENGE\\Desktop\\thesis\\backend\\vendor\\laravel\\framework\\src\\Illuminate\\Database\\Connectors\\ConnectionFactory.php(75): Illuminate\\Database\\Connectors\\ConnectionFactory->createConnection('sqlite', Object(Closure), 'C:\\\\Users\\\\CENGE\\\\...', '', Array)
#6 C:\\Users\\CENGE\\Desktop\\thesis\\backend\\vendor\\laravel\\framework\\src\\Illuminate\\Database\\Connectors\\ConnectionFactory.php(50): Illuminate\\Database\\Connectors\\ConnectionFactory->createSingleConnection(Array)
#7 C:\\Users\\CENGE\\Desktop\\thesis\\backend\\vendor\\laravel\\framework\\src\\Illuminate\\Database\\DatabaseManager.php(175): Illuminate\\Database\\Connectors\\ConnectionFactory->make(Array, 'sqlite')
#8 C:\\Users\\CENGE\\Desktop\\thesis\\backend\\vendor\\laravel\\framework\\src\\Illuminate\\Database\\DatabaseManager.php(101): Illuminate\\Database\\DatabaseManager->makeConnection('sqlite')
#9 C:\\Users\\CENGE\\Desktop\\thesis\\backend\\vendor\\laravel\\framework\\src\\Illuminate\\Database\\DatabaseServiceProvider.php(74): Illuminate\\Database\\DatabaseManager->connection()
#10 C:\\Users\\CENGE\\Desktop\\thesis\\backend\\vendor\\laravel\\framework\\src\\Illuminate\\Container\\Container.php(908): Illuminate\\Database\\DatabaseServiceProvider->Illuminate\\Database\\{closure}(Object(Illuminate\\Foundation\\Application), Array)
#11 C:\\Users\\CENGE\\Desktop\\thesis\\backend\\vendor\\laravel\\framework\\src\\Illuminate\\Container\\Container.php(795): Illuminate\\Container\\Container->build(Object(Closure))
#12 C:\\Users\\CENGE\\Desktop\\thesis\\backend\\vendor\\laravel\\framework\\src\\Illuminate\\Foundation\\Application.php(961): Illuminate\\Container\\Container->resolve('db.schema', Array, true)
#13 C:\\Users\\CENGE\\Desktop\\thesis\\backend\\vendor\\laravel\\framework\\src\\Illuminate\\Container\\Container.php(731): Illuminate\\Foundation\\Application->resolve('db.schema', Array)
#14 C:\\Users\\CENGE\\Desktop\\thesis\\backend\\vendor\\laravel\\framework\\src\\Illuminate\\Foundation\\Application.php(946): Illuminate\\Container\\Container->make('db.schema', Array)
#15 C:\\Users\\CENGE\\Desktop\\thesis\\backend\\vendor\\laravel\\framework\\src\\Illuminate\\Container\\Container.php(1454): Illuminate\\Foundation\\Application->make('db.schema')
#16 C:\\Users\\CENGE\\Desktop\\thesis\\backend\\vendor\\laravel\\framework\\src\\Illuminate\\Support\\Facades\\Facade.php(240): Illuminate\\Container\\Container->offsetGet('db.schema')
#17 C:\\Users\\CENGE\\Desktop\\thesis\\backend\\vendor\\laravel\\framework\\src\\Illuminate\\Support\\Facades\\Facade.php(208): Illuminate\\Support\\Facades\\Facade::resolveFacadeInstance('db.schema')
#18 C:\\Users\\CENGE\\Desktop\\thesis\\backend\\vendor\\laravel\\framework\\src\\Illuminate\\Support\\Facades\\Facade.php(349): Illuminate\\Support\\Facades\\Facade::getFacadeRoot()
#19 C:\\Users\\CENGE\\Desktop\\thesis\\backend\\app\\Providers\\AppServiceProvider.php(22): Illuminate\\Support\\Facades\\Facade::__callStatic('defaultStringLe...', Array)
#20 C:\\Users\\CENGE\\Desktop\\thesis\\backend\\vendor\\laravel\\framework\\src\\Illuminate\\Container\\BoundMethod.php(36): App\\Providers\\AppServiceProvider->boot()
#21 C:\\Users\\CENGE\\Desktop\\thesis\\backend\\vendor\\laravel\\framework\\src\\Illuminate\\Container\\Util.php(41): Illuminate\\Container\\BoundMethod::Illuminate\\Container\\{closure}()
#22 C:\\Users\\CENGE\\Desktop\\thesis\\backend\\vendor\\laravel\\framework\\src\\Illuminate\\Container\\BoundMethod.php(93): Illuminate\\Container\\Util::unwrapIfClosure(Object(Closure))
#23 C:\\Users\\CENGE\\Desktop\\thesis\\backend\\vendor\\laravel\\framework\\src\\Illuminate\\Container\\BoundMethod.php(35): Illuminate\\Container\\BoundMethod::callBoundMethod(Object(Illuminate\\Foundation\\Application), Array, Object(Closure))
#24 C:\\Users\\CENGE\\Desktop\\thesis\\backend\\vendor\\laravel\\framework\\src\\Illuminate\\Container\\Container.php(662): Illuminate\\Container\\BoundMethod::call(Object(Illuminate\\Foundation\\Application), Array, Array, NULL)
#25 C:\\Users\\CENGE\\Desktop\\thesis\\backend\\vendor\\laravel\\framework\\src\\Illuminate\\Foundation\\Application.php(1034): Illuminate\\Container\\Container->call(Array)
#26 C:\\Users\\CENGE\\Desktop\\thesis\\backend\\vendor\\laravel\\framework\\src\\Illuminate\\Foundation\\Application.php(1015): Illuminate\\Foundation\\Application->bootProvider(Object(App\\Providers\\AppServiceProvider))
#27 [internal function]: Illuminate\\Foundation\\Application->Illuminate\\Foundation\\{closure}(Object(App\\Providers\\AppServiceProvider), 20)
#28 C:\\Users\\CENGE\\Desktop\\thesis\\backend\\vendor\\laravel\\framework\\src\\Illuminate\\Foundation\\Application.php(1014): array_walk(Array, Object(Closure))
#29 C:\\Users\\CENGE\\Desktop\\thesis\\backend\\vendor\\laravel\\framework\\src\\Illuminate\\Foundation\\Bootstrap\\BootProviders.php(17): Illuminate\\Foundation\\Application->boot()
#30 C:\\Users\\CENGE\\Desktop\\thesis\\backend\\vendor\\laravel\\framework\\src\\Illuminate\\Foundation\\Application.php(263): Illuminate\\Foundation\\Bootstrap\\BootProviders->bootstrap(Object(Illuminate\\Foundation\\Application))
#31 C:\\Users\\CENGE\\Desktop\\thesis\\backend\\vendor\\laravel\\framework\\src\\Illuminate\\Foundation\\Console\\Kernel.php(447): Illuminate\\Foundation\\Application->bootstrapWith(Array)
#32 C:\\Users\\CENGE\\Desktop\\thesis\\backend\\vendor\\laravel\\framework\\src\\Illuminate\\Foundation\\Console\\Kernel.php(199): Illuminate\\Foundation\\Console\\Kernel->bootstrap()
#33 C:\\Users\\CENGE\\Desktop\\thesis\\backend\\artisan(35): Illuminate\\Foundation\\Console\\Kernel->handle(Object(Symfony\\Component\\Console\\Input\\ArgvInput), Object(Symfony\\Component\\Console\\Output\\ConsoleOutput))
#34 {main}

[previous exception] [object] (Illuminate\\Database\\SQLiteDatabaseDoesNotExistException(code: 0): Database file at path [C:\\Users\\CENGE\\Desktop\\thesis\\backend\\database\\database.sqlite] does not exist. Ensure this is an absolute path to the database. at C:\\Users\\CENGE\\Desktop\\thesis\\backend\\vendor\\laravel\\framework\\src\\Illuminate\\Database\\Connectors\\SQLiteConnector.php:34)
[stacktrace]
#0 C:\\Users\\CENGE\\Desktop\\thesis\\backend\\vendor\\laravel\\framework\\src\\Illuminate\\Database\\Connectors\\ConnectionFactory.php(221): Illuminate\\Database\\Connectors\\SQLiteConnector->connect(Array)
#1 [internal function]: Illuminate\\Database\\Connectors\\ConnectionFactory->Illuminate\\Database\\Connectors\\{closure}()
#2 C:\\Users\\CENGE\\Desktop\\thesis\\backend\\vendor\\laravel\\framework\\src\\Illuminate\\Database\\Connection.php(1339): call_user_func(Object(Closure))
#3 C:\\Users\\CENGE\\Desktop\\thesis\\backend\\vendor\\laravel\\framework\\src\\Illuminate\\Database\\Connection.php(581): Illuminate\\Database\\Connection->getPdo()
#4 C:\\Users\\CENGE\\Desktop\\thesis\\backend\\vendor\\laravel\\framework\\src\\Illuminate\\Database\\Connection.php(816): Illuminate\\Database\\Connection->Illuminate\\Database\\{closure}('PRAGMA foreign_...', Array)
#5 C:\\Users\\CENGE\\Desktop\\thesis\\backend\\vendor\\laravel\\framework\\src\\Illuminate\\Database\\Connection.php(783): Illuminate\\Database\\Connection->runQueryCallback('PRAGMA foreign_...', Array, Object(Closure))
#6 C:\\Users\\CENGE\\Desktop\\thesis\\backend\\vendor\\laravel\\framework\\src\\Illuminate\\Database\\Connection.php(576): Illuminate\\Database\\Connection->run('PRAGMA foreign_...', Array, Object(Closure))
#7 C:\\Users\\CENGE\\Desktop\\thesis\\backend\\vendor\\laravel\\framework\\src\\Illuminate\\Database\\Schema\\Builder.php(560): Illuminate\\Database\\Connection->statement('PRAGMA foreign_...')
#8 C:\\Users\\CENGE\\Desktop\\thesis\\backend\\vendor\\laravel\\framework\\src\\Illuminate\\Database\\SQLiteConnection.php(36): Illuminate\\Database\\Schema\\Builder->enableForeignKeyConstraints()
#9 C:\\Users\\CENGE\\Desktop\\thesis\\backend\\vendor\\laravel\\framework\\src\\Illuminate\\Database\\Connectors\\ConnectionFactory.php(272): Illuminate\\Database\\SQLiteConnection->__construct(Object(Closure), 'C:\\\\Users\\\\CENGE\\\\...', '', Array)
#10 C:\\Users\\CENGE\\Desktop\\thesis\\backend\\vendor\\laravel\\framework\\src\\Illuminate\\Database\\Connectors\\ConnectionFactory.php(75): Illuminate\\Database\\Connectors\\ConnectionFactory->createConnection('sqlite', Object(Closure), 'C:\\\\Users\\\\CENGE\\\\...', '', Array)
#11 C:\\Users\\CENGE\\Desktop\\thesis\\backend\\vendor\\laravel\\framework\\src\\Illuminate\\Database\\Connectors\\ConnectionFactory.php(50): Illuminate\\Database\\Connectors\\ConnectionFactory->createSingleConnection(Array)
#12 C:\\Users\\CENGE\\Desktop\\thesis\\backend\\vendor\\laravel\\framework\\src\\Illuminate\\Database\\DatabaseManager.php(175): Illuminate\\Database\\Connectors\\ConnectionFactory->make(Array, 'sqlite')
#13 C:\\Users\\CENGE\\Desktop\\thesis\\backend\\vendor\\laravel\\framework\\src\\Illuminate\\Database\\DatabaseManager.php(101): Illuminate\\Database\\DatabaseManager->makeConnection('sqlite')
#14 C:\\Users\\CENGE\\Desktop\\thesis\\backend\\vendor\\laravel\\framework\\src\\Illuminate\\Database\\DatabaseServiceProvider.php(74): Illuminate\\Database\\DatabaseManager->connection()
#15 C:\\Users\\CENGE\\Desktop\\thesis\\backend\\vendor\\laravel\\framework\\src\\Illuminate\\Container\\Container.php(908): Illuminate\\Database\\DatabaseServiceProvider->Illuminate\\Database\\{closure}(Object(Illuminate\\Foundation\\Application), Array)
#16 C:\\Users\\CENGE\\Desktop\\thesis\\backend\\vendor\\laravel\\framework\\src\\Illuminate\\Container\\Container.php(795): Illuminate\\Container\\Container->build(Object(Closure))
#17 C:\\Users\\CENGE\\Desktop\\thesis\\backend\\vendor\\laravel\\framework\\src\\Illuminate\\Foundation\\Application.php(961): Illuminate\\Container\\Container->resolve('db.schema', Array, true)
#18 C:\\Users\\CENGE\\Desktop\\thesis\\backend\\vendor\\laravel\\framework\\src\\Illuminate\\Container\\Container.php(731): Illuminate\\Foundation\\Application->resolve('db.schema', Array)
#19 C:\\Users\\CENGE\\Desktop\\thesis\\backend\\vendor\\laravel\\framework\\src\\Illuminate\\Foundation\\Application.php(946): Illuminate\\Container\\Container->make('db.schema', Array)
#20 C:\\Users\\CENGE\\Desktop\\thesis\\backend\\vendor\\laravel\\framework\\src\\Illuminate\\Container\\Container.php(1454): Illuminate\\Foundation\\Application->make('db.schema')
#21 C:\\Users\\CENGE\\Desktop\\thesis\\backend\\vendor\\laravel\\framework\\src\\Illuminate\\Support\\Facades\\Facade.php(240): Illuminate\\Container\\Container->offsetGet('db.schema')
#22 C:\\Users\\CENGE\\Desktop\\thesis\\backend\\vendor\\laravel\\framework\\src\\Illuminate\\Support\\Facades\\Facade.php(208): Illuminate\\Support\\Facades\\Facade::resolveFacadeInstance('db.schema')
#23 C:\\Users\\CENGE\\Desktop\\thesis\\backend\\vendor\\laravel\\framework\\src\\Illuminate\\Support\\Facades\\Facade.php(349): Illuminate\\Support\\Facades\\Facade::getFacadeRoot()
#24 C:\\Users\\CENGE\\Desktop\\thesis\\backend\\app\\Providers\\AppServiceProvider.php(22): Illuminate\\Support\\Facades\\Facade::__callStatic('defaultStringLe...', Array)
#25 C:\\Users\\CENGE\\Desktop\\thesis\\backend\\vendor\\laravel\\framework\\src\\Illuminate\\Container\\BoundMethod.php(36): App\\Providers\\AppServiceProvider->boot()
#26 C:\\Users\\CENGE\\Desktop\\thesis\\backend\\vendor\\laravel\\framework\\src\\Illuminate\\Container\\Util.php(41): Illuminate\\Container\\BoundMethod::Illuminate\\Container\\{closure}()
#27 C:\\Users\\CENGE\\Desktop\\thesis\\backend\\vendor\\laravel\\framework\\src\\Illuminate\\Container\\BoundMethod.php(93): Illuminate\\Container\\Util::unwrapIfClosure(Object(Closure))
#28 C:\\Users\\CENGE\\Desktop\\thesis\\backend\\vendor\\laravel\\framework\\src\\Illuminate\\Container\\BoundMethod.php(35): Illuminate\\Container\\BoundMethod::callBoundMethod(Object(Illuminate\\Foundation\\Application), Array, Object(Closure))
#29 C:\\Users\\CENGE\\Desktop\\thesis\\backend\\vendor\\laravel\\framework\\src\\Illuminate\\Container\\Container.php(662): Illuminate\\Container\\BoundMethod::call(Object(Illuminate\\Foundation\\Application), Array, Array, NULL)
#30 C:\\Users\\CENGE\\Desktop\\thesis\\backend\\vendor\\laravel\\framework\\src\\Illuminate\\Foundation\\Application.php(1034): Illuminate\\Container\\Container->call(Array)
#31 C:\\Users\\CENGE\\Desktop\\thesis\\backend\\vendor\\laravel\\framework\\src\\Illuminate\\Foundation\\Application.php(1015): Illuminate\\Foundation\\Application->bootProvider(Object(App\\Providers\\AppServiceProvider))
#32 [internal function]: Illuminate\\Foundation\\Application->Illuminate\\Foundation\\{closure}(Object(App\\Providers\\AppServiceProvider), 20)
#33 C:\\Users\\CENGE\\Desktop\\thesis\\backend\\vendor\\laravel\\framework\\src\\Illuminate\\Foundation\\Application.php(1014): array_walk(Array, Object(Closure))
#34 C:\\Users\\CENGE\\Desktop\\thesis\\backend\\vendor\\laravel\\framework\\src\\Illuminate\\Foundation\\Bootstrap\\BootProviders.php(17): Illuminate\\Foundation\\Application->boot()
#35 C:\\Users\\CENGE\\Desktop\\thesis\\backend\\vendor\\laravel\\framework\\src\\Illuminate\\Foundation\\Application.php(263): Illuminate\\Foundation\\Bootstrap\\BootProviders->bootstrap(Object(Illuminate\\Foundation\\Application))
#36 C:\\Users\\CENGE\\Desktop\\thesis\\backend\\vendor\\laravel\\framework\\src\\Illuminate\\Foundation\\Console\\Kernel.php(447): Illuminate\\Foundation\\Application->bootstrapWith(Array)
#37 C:\\Users\\CENGE\\Desktop\\thesis\\backend\\vendor\\laravel\\framework\\src\\Illuminate\\Foundation\\Console\\Kernel.php(199): Illuminate\\Foundation\\Console\\Kernel->bootstrap()
#38 C:\\Users\\CENGE\\Desktop\\thesis\\backend\\artisan(35): Illuminate\\Foundation\\Console\\Kernel->handle(Object(Symfony\\Component\\Console\\Input\\ArgvInput), Object(Symfony\\Component\\Console\\Output\\ConsoleOutput))
#39 {main}
"} 
[2025-02-17 15:03:57] local.ERROR: Database file at path [C:\Users\CENGE\Desktop\thesis\backend\database\database.sqlite] does not exist. Ensure this is an absolute path to the database. (Connection: sqlite, SQL: PRAGMA foreign_keys = ON;) {"exception":"[object] (Illuminate\\Database\\QueryException(code: 0): Database file at path [C:\\Users\\CENGE\\Desktop\\thesis\\backend\\database\\database.sqlite] does not exist. Ensure this is an absolute path to the database. (Connection: sqlite, SQL: PRAGMA foreign_keys = ON;) at C:\\Users\\CENGE\\Desktop\\thesis\\backend\\vendor\\laravel\\framework\\src\\Illuminate\\Database\\Connection.php:829)
[stacktrace]
#0 C:\\Users\\CENGE\\Desktop\\thesis\\backend\\vendor\\laravel\\framework\\src\\Illuminate\\Database\\Connection.php(783): Illuminate\\Database\\Connection->runQueryCallback('PRAGMA foreign_...', Array, Object(Closure))
#1 C:\\Users\\CENGE\\Desktop\\thesis\\backend\\vendor\\laravel\\framework\\src\\Illuminate\\Database\\Connection.php(576): Illuminate\\Database\\Connection->run('PRAGMA foreign_...', Array, Object(Closure))
#2 C:\\Users\\CENGE\\Desktop\\thesis\\backend\\vendor\\laravel\\framework\\src\\Illuminate\\Database\\Schema\\Builder.php(560): Illuminate\\Database\\Connection->statement('PRAGMA foreign_...')
#3 C:\\Users\\CENGE\\Desktop\\thesis\\backend\\vendor\\laravel\\framework\\src\\Illuminate\\Database\\SQLiteConnection.php(36): Illuminate\\Database\\Schema\\Builder->enableForeignKeyConstraints()
#4 C:\\Users\\CENGE\\Desktop\\thesis\\backend\\vendor\\laravel\\framework\\src\\Illuminate\\Database\\Connectors\\ConnectionFactory.php(272): Illuminate\\Database\\SQLiteConnection->__construct(Object(Closure), 'C:\\\\Users\\\\CENGE\\\\...', '', Array)
#5 C:\\Users\\CENGE\\Desktop\\thesis\\backend\\vendor\\laravel\\framework\\src\\Illuminate\\Database\\Connectors\\ConnectionFactory.php(75): Illuminate\\Database\\Connectors\\ConnectionFactory->createConnection('sqlite', Object(Closure), 'C:\\\\Users\\\\CENGE\\\\...', '', Array)
#6 C:\\Users\\CENGE\\Desktop\\thesis\\backend\\vendor\\laravel\\framework\\src\\Illuminate\\Database\\Connectors\\ConnectionFactory.php(50): Illuminate\\Database\\Connectors\\ConnectionFactory->createSingleConnection(Array)
#7 C:\\Users\\CENGE\\Desktop\\thesis\\backend\\vendor\\laravel\\framework\\src\\Illuminate\\Database\\DatabaseManager.php(175): Illuminate\\Database\\Connectors\\ConnectionFactory->make(Array, 'sqlite')
#8 C:\\Users\\CENGE\\Desktop\\thesis\\backend\\vendor\\laravel\\framework\\src\\Illuminate\\Database\\DatabaseManager.php(101): Illuminate\\Database\\DatabaseManager->makeConnection('sqlite')
#9 C:\\Users\\CENGE\\Desktop\\thesis\\backend\\vendor\\laravel\\framework\\src\\Illuminate\\Database\\DatabaseServiceProvider.php(74): Illuminate\\Database\\DatabaseManager->connection()
#10 C:\\Users\\CENGE\\Desktop\\thesis\\backend\\vendor\\laravel\\framework\\src\\Illuminate\\Container\\Container.php(908): Illuminate\\Database\\DatabaseServiceProvider->Illuminate\\Database\\{closure}(Object(Illuminate\\Foundation\\Application), Array)
#11 C:\\Users\\CENGE\\Desktop\\thesis\\backend\\vendor\\laravel\\framework\\src\\Illuminate\\Container\\Container.php(795): Illuminate\\Container\\Container->build(Object(Closure))
#12 C:\\Users\\CENGE\\Desktop\\thesis\\backend\\vendor\\laravel\\framework\\src\\Illuminate\\Foundation\\Application.php(961): Illuminate\\Container\\Container->resolve('db.schema', Array, true)
#13 C:\\Users\\CENGE\\Desktop\\thesis\\backend\\vendor\\laravel\\framework\\src\\Illuminate\\Container\\Container.php(731): Illuminate\\Foundation\\Application->resolve('db.schema', Array)
#14 C:\\Users\\CENGE\\Desktop\\thesis\\backend\\vendor\\laravel\\framework\\src\\Illuminate\\Foundation\\Application.php(946): Illuminate\\Container\\Container->make('db.schema', Array)
#15 C:\\Users\\CENGE\\Desktop\\thesis\\backend\\vendor\\laravel\\framework\\src\\Illuminate\\Container\\Container.php(1454): Illuminate\\Foundation\\Application->make('db.schema')
#16 C:\\Users\\CENGE\\Desktop\\thesis\\backend\\vendor\\laravel\\framework\\src\\Illuminate\\Support\\Facades\\Facade.php(240): Illuminate\\Container\\Container->offsetGet('db.schema')
#17 C:\\Users\\CENGE\\Desktop\\thesis\\backend\\vendor\\laravel\\framework\\src\\Illuminate\\Support\\Facades\\Facade.php(208): Illuminate\\Support\\Facades\\Facade::resolveFacadeInstance('db.schema')
#18 C:\\Users\\CENGE\\Desktop\\thesis\\backend\\vendor\\laravel\\framework\\src\\Illuminate\\Support\\Facades\\Facade.php(349): Illuminate\\Support\\Facades\\Facade::getFacadeRoot()
#19 C:\\Users\\CENGE\\Desktop\\thesis\\backend\\app\\Providers\\AppServiceProvider.php(22): Illuminate\\Support\\Facades\\Facade::__callStatic('defaultStringLe...', Array)
#20 C:\\Users\\CENGE\\Desktop\\thesis\\backend\\vendor\\laravel\\framework\\src\\Illuminate\\Container\\BoundMethod.php(36): App\\Providers\\AppServiceProvider->boot()
#21 C:\\Users\\CENGE\\Desktop\\thesis\\backend\\vendor\\laravel\\framework\\src\\Illuminate\\Container\\Util.php(41): Illuminate\\Container\\BoundMethod::Illuminate\\Container\\{closure}()
#22 C:\\Users\\CENGE\\Desktop\\thesis\\backend\\vendor\\laravel\\framework\\src\\Illuminate\\Container\\BoundMethod.php(93): Illuminate\\Container\\Util::unwrapIfClosure(Object(Closure))
#23 C:\\Users\\CENGE\\Desktop\\thesis\\backend\\vendor\\laravel\\framework\\src\\Illuminate\\Container\\BoundMethod.php(35): Illuminate\\Container\\BoundMethod::callBoundMethod(Object(Illuminate\\Foundation\\Application), Array, Object(Closure))
#24 C:\\Users\\CENGE\\Desktop\\thesis\\backend\\vendor\\laravel\\framework\\src\\Illuminate\\Container\\Container.php(662): Illuminate\\Container\\BoundMethod::call(Object(Illuminate\\Foundation\\Application), Array, Array, NULL)
#25 C:\\Users\\CENGE\\Desktop\\thesis\\backend\\vendor\\laravel\\framework\\src\\Illuminate\\Foundation\\Application.php(1034): Illuminate\\Container\\Container->call(Array)
#26 C:\\Users\\CENGE\\Desktop\\thesis\\backend\\vendor\\laravel\\framework\\src\\Illuminate\\Foundation\\Application.php(1015): Illuminate\\Foundation\\Application->bootProvider(Object(App\\Providers\\AppServiceProvider))
#27 [internal function]: Illuminate\\Foundation\\Application->Illuminate\\Foundation\\{closure}(Object(App\\Providers\\AppServiceProvider), 20)
#28 C:\\Users\\CENGE\\Desktop\\thesis\\backend\\vendor\\laravel\\framework\\src\\Illuminate\\Foundation\\Application.php(1014): array_walk(Array, Object(Closure))
#29 C:\\Users\\CENGE\\Desktop\\thesis\\backend\\vendor\\laravel\\framework\\src\\Illuminate\\Foundation\\Bootstrap\\BootProviders.php(17): Illuminate\\Foundation\\Application->boot()
#30 C:\\Users\\CENGE\\Desktop\\thesis\\backend\\vendor\\laravel\\framework\\src\\Illuminate\\Foundation\\Application.php(263): Illuminate\\Foundation\\Bootstrap\\BootProviders->bootstrap(Object(Illuminate\\Foundation\\Application))
#31 C:\\Users\\CENGE\\Desktop\\thesis\\backend\\vendor\\laravel\\framework\\src\\Illuminate\\Foundation\\Console\\Kernel.php(447): Illuminate\\Foundation\\Application->bootstrapWith(Array)
#32 C:\\Users\\CENGE\\Desktop\\thesis\\backend\\vendor\\laravel\\framework\\src\\Illuminate\\Foundation\\Console\\Kernel.php(199): Illuminate\\Foundation\\Console\\Kernel->bootstrap()
#33 C:\\Users\\CENGE\\Desktop\\thesis\\backend\\artisan(35): Illuminate\\Foundation\\Console\\Kernel->handle(Object(Symfony\\Component\\Console\\Input\\ArgvInput), Object(Symfony\\Component\\Console\\Output\\ConsoleOutput))
#34 {main}

[previous exception] [object] (Illuminate\\Database\\SQLiteDatabaseDoesNotExistException(code: 0): Database file at path [C:\\Users\\CENGE\\Desktop\\thesis\\backend\\database\\database.sqlite] does not exist. Ensure this is an absolute path to the database. at C:\\Users\\CENGE\\Desktop\\thesis\\backend\\vendor\\laravel\\framework\\src\\Illuminate\\Database\\Connectors\\SQLiteConnector.php:34)
[stacktrace]
#0 C:\\Users\\CENGE\\Desktop\\thesis\\backend\\vendor\\laravel\\framework\\src\\Illuminate\\Database\\Connectors\\ConnectionFactory.php(221): Illuminate\\Database\\Connectors\\SQLiteConnector->connect(Array)
#1 [internal function]: Illuminate\\Database\\Connectors\\ConnectionFactory->Illuminate\\Database\\Connectors\\{closure}()
#2 C:\\Users\\CENGE\\Desktop\\thesis\\backend\\vendor\\laravel\\framework\\src\\Illuminate\\Database\\Connection.php(1339): call_user_func(Object(Closure))
#3 C:\\Users\\CENGE\\Desktop\\thesis\\backend\\vendor\\laravel\\framework\\src\\Illuminate\\Database\\Connection.php(581): Illuminate\\Database\\Connection->getPdo()
#4 C:\\Users\\CENGE\\Desktop\\thesis\\backend\\vendor\\laravel\\framework\\src\\Illuminate\\Database\\Connection.php(816): Illuminate\\Database\\Connection->Illuminate\\Database\\{closure}('PRAGMA foreign_...', Array)
#5 C:\\Users\\CENGE\\Desktop\\thesis\\backend\\vendor\\laravel\\framework\\src\\Illuminate\\Database\\Connection.php(783): Illuminate\\Database\\Connection->runQueryCallback('PRAGMA foreign_...', Array, Object(Closure))
#6 C:\\Users\\CENGE\\Desktop\\thesis\\backend\\vendor\\laravel\\framework\\src\\Illuminate\\Database\\Connection.php(576): Illuminate\\Database\\Connection->run('PRAGMA foreign_...', Array, Object(Closure))
#7 C:\\Users\\CENGE\\Desktop\\thesis\\backend\\vendor\\laravel\\framework\\src\\Illuminate\\Database\\Schema\\Builder.php(560): Illuminate\\Database\\Connection->statement('PRAGMA foreign_...')
#8 C:\\Users\\CENGE\\Desktop\\thesis\\backend\\vendor\\laravel\\framework\\src\\Illuminate\\Database\\SQLiteConnection.php(36): Illuminate\\Database\\Schema\\Builder->enableForeignKeyConstraints()
#9 C:\\Users\\CENGE\\Desktop\\thesis\\backend\\vendor\\laravel\\framework\\src\\Illuminate\\Database\\Connectors\\ConnectionFactory.php(272): Illuminate\\Database\\SQLiteConnection->__construct(Object(Closure), 'C:\\\\Users\\\\CENGE\\\\...', '', Array)
#10 C:\\Users\\CENGE\\Desktop\\thesis\\backend\\vendor\\laravel\\framework\\src\\Illuminate\\Database\\Connectors\\ConnectionFactory.php(75): Illuminate\\Database\\Connectors\\ConnectionFactory->createConnection('sqlite', Object(Closure), 'C:\\\\Users\\\\CENGE\\\\...', '', Array)
#11 C:\\Users\\CENGE\\Desktop\\thesis\\backend\\vendor\\laravel\\framework\\src\\Illuminate\\Database\\Connectors\\ConnectionFactory.php(50): Illuminate\\Database\\Connectors\\ConnectionFactory->createSingleConnection(Array)
#12 C:\\Users\\CENGE\\Desktop\\thesis\\backend\\vendor\\laravel\\framework\\src\\Illuminate\\Database\\DatabaseManager.php(175): Illuminate\\Database\\Connectors\\ConnectionFactory->make(Array, 'sqlite')
#13 C:\\Users\\CENGE\\Desktop\\thesis\\backend\\vendor\\laravel\\framework\\src\\Illuminate\\Database\\DatabaseManager.php(101): Illuminate\\Database\\DatabaseManager->makeConnection('sqlite')
#14 C:\\Users\\CENGE\\Desktop\\thesis\\backend\\vendor\\laravel\\framework\\src\\Illuminate\\Database\\DatabaseServiceProvider.php(74): Illuminate\\Database\\DatabaseManager->connection()
#15 C:\\Users\\CENGE\\Desktop\\thesis\\backend\\vendor\\laravel\\framework\\src\\Illuminate\\Container\\Container.php(908): Illuminate\\Database\\DatabaseServiceProvider->Illuminate\\Database\\{closure}(Object(Illuminate\\Foundation\\Application), Array)
#16 C:\\Users\\CENGE\\Desktop\\thesis\\backend\\vendor\\laravel\\framework\\src\\Illuminate\\Container\\Container.php(795): Illuminate\\Container\\Container->build(Object(Closure))
#17 C:\\Users\\CENGE\\Desktop\\thesis\\backend\\vendor\\laravel\\framework\\src\\Illuminate\\Foundation\\Application.php(961): Illuminate\\Container\\Container->resolve('db.schema', Array, true)
#18 C:\\Users\\CENGE\\Desktop\\thesis\\backend\\vendor\\laravel\\framework\\src\\Illuminate\\Container\\Container.php(731): Illuminate\\Foundation\\Application->resolve('db.schema', Array)
#19 C:\\Users\\CENGE\\Desktop\\thesis\\backend\\vendor\\laravel\\framework\\src\\Illuminate\\Foundation\\Application.php(946): Illuminate\\Container\\Container->make('db.schema', Array)
#20 C:\\Users\\CENGE\\Desktop\\thesis\\backend\\vendor\\laravel\\framework\\src\\Illuminate\\Container\\Container.php(1454): Illuminate\\Foundation\\Application->make('db.schema')
#21 C:\\Users\\CENGE\\Desktop\\thesis\\backend\\vendor\\laravel\\framework\\src\\Illuminate\\Support\\Facades\\Facade.php(240): Illuminate\\Container\\Container->offsetGet('db.schema')
#22 C:\\Users\\CENGE\\Desktop\\thesis\\backend\\vendor\\laravel\\framework\\src\\Illuminate\\Support\\Facades\\Facade.php(208): Illuminate\\Support\\Facades\\Facade::resolveFacadeInstance('db.schema')
#23 C:\\Users\\CENGE\\Desktop\\thesis\\backend\\vendor\\laravel\\framework\\src\\Illuminate\\Support\\Facades\\Facade.php(349): Illuminate\\Support\\Facades\\Facade::getFacadeRoot()
#24 C:\\Users\\CENGE\\Desktop\\thesis\\backend\\app\\Providers\\AppServiceProvider.php(22): Illuminate\\Support\\Facades\\Facade::__callStatic('defaultStringLe...', Array)
#25 C:\\Users\\CENGE\\Desktop\\thesis\\backend\\vendor\\laravel\\framework\\src\\Illuminate\\Container\\BoundMethod.php(36): App\\Providers\\AppServiceProvider->boot()
#26 C:\\Users\\CENGE\\Desktop\\thesis\\backend\\vendor\\laravel\\framework\\src\\Illuminate\\Container\\Util.php(41): Illuminate\\Container\\BoundMethod::Illuminate\\Container\\{closure}()
#27 C:\\Users\\CENGE\\Desktop\\thesis\\backend\\vendor\\laravel\\framework\\src\\Illuminate\\Container\\BoundMethod.php(93): Illuminate\\Container\\Util::unwrapIfClosure(Object(Closure))
#28 C:\\Users\\CENGE\\Desktop\\thesis\\backend\\vendor\\laravel\\framework\\src\\Illuminate\\Container\\BoundMethod.php(35): Illuminate\\Container\\BoundMethod::callBoundMethod(Object(Illuminate\\Foundation\\Application), Array, Object(Closure))
#29 C:\\Users\\CENGE\\Desktop\\thesis\\backend\\vendor\\laravel\\framework\\src\\Illuminate\\Container\\Container.php(662): Illuminate\\Container\\BoundMethod::call(Object(Illuminate\\Foundation\\Application), Array, Array, NULL)
#30 C:\\Users\\CENGE\\Desktop\\thesis\\backend\\vendor\\laravel\\framework\\src\\Illuminate\\Foundation\\Application.php(1034): Illuminate\\Container\\Container->call(Array)
#31 C:\\Users\\CENGE\\Desktop\\thesis\\backend\\vendor\\laravel\\framework\\src\\Illuminate\\Foundation\\Application.php(1015): Illuminate\\Foundation\\Application->bootProvider(Object(App\\Providers\\AppServiceProvider))
#32 [internal function]: Illuminate\\Foundation\\Application->Illuminate\\Foundation\\{closure}(Object(App\\Providers\\AppServiceProvider), 20)
#33 C:\\Users\\CENGE\\Desktop\\thesis\\backend\\vendor\\laravel\\framework\\src\\Illuminate\\Foundation\\Application.php(1014): array_walk(Array, Object(Closure))
#34 C:\\Users\\CENGE\\Desktop\\thesis\\backend\\vendor\\laravel\\framework\\src\\Illuminate\\Foundation\\Bootstrap\\BootProviders.php(17): Illuminate\\Foundation\\Application->boot()
#35 C:\\Users\\CENGE\\Desktop\\thesis\\backend\\vendor\\laravel\\framework\\src\\Illuminate\\Foundation\\Application.php(263): Illuminate\\Foundation\\Bootstrap\\BootProviders->bootstrap(Object(Illuminate\\Foundation\\Application))
#36 C:\\Users\\CENGE\\Desktop\\thesis\\backend\\vendor\\laravel\\framework\\src\\Illuminate\\Foundation\\Console\\Kernel.php(447): Illuminate\\Foundation\\Application->bootstrapWith(Array)
#37 C:\\Users\\CENGE\\Desktop\\thesis\\backend\\vendor\\laravel\\framework\\src\\Illuminate\\Foundation\\Console\\Kernel.php(199): Illuminate\\Foundation\\Console\\Kernel->bootstrap()
#38 C:\\Users\\CENGE\\Desktop\\thesis\\backend\\artisan(35): Illuminate\\Foundation\\Console\\Kernel->handle(Object(Symfony\\Component\\Console\\Input\\ArgvInput), Object(Symfony\\Component\\Console\\Output\\ConsoleOutput))
#39 {main}
"} 
[2025-02-23 20:11:07] local.ERROR: Database file at path [/database/database.sqlite] does not exist. Ensure this is an absolute path to the database. (Connection: sqlite, SQL: PRAGMA foreign_keys = ON;) {"exception":"[object] (Illuminate\\Database\\QueryException(code: 0): Database file at path [/database/database.sqlite] does not exist. Ensure this is an absolute path to the database. (Connection: sqlite, SQL: PRAGMA foreign_keys = ON;) at C:\\Users\\CENGE\\Desktop\\thesis\\backend\\vendor\\laravel\\framework\\src\\Illuminate\\Database\\Connection.php:829)
[stacktrace]
#0 C:\\Users\\CENGE\\Desktop\\thesis\\backend\\vendor\\laravel\\framework\\src\\Illuminate\\Database\\Connection.php(783): Illuminate\\Database\\Connection->runQueryCallback('PRAGMA foreign_...', Array, Object(Closure))
#1 C:\\Users\\CENGE\\Desktop\\thesis\\backend\\vendor\\laravel\\framework\\src\\Illuminate\\Database\\Connection.php(576): Illuminate\\Database\\Connection->run('PRAGMA foreign_...', Array, Object(Closure))
#2 C:\\Users\\CENGE\\Desktop\\thesis\\backend\\vendor\\laravel\\framework\\src\\Illuminate\\Database\\Schema\\Builder.php(560): Illuminate\\Database\\Connection->statement('PRAGMA foreign_...')
#3 C:\\Users\\CENGE\\Desktop\\thesis\\backend\\vendor\\laravel\\framework\\src\\Illuminate\\Database\\SQLiteConnection.php(36): Illuminate\\Database\\Schema\\Builder->enableForeignKeyConstraints()
#4 C:\\Users\\CENGE\\Desktop\\thesis\\backend\\vendor\\laravel\\framework\\src\\Illuminate\\Database\\Connectors\\ConnectionFactory.php(272): Illuminate\\Database\\SQLiteConnection->__construct(Object(Closure), '/database/datab...', '', Array)
#5 C:\\Users\\CENGE\\Desktop\\thesis\\backend\\vendor\\laravel\\framework\\src\\Illuminate\\Database\\Connectors\\ConnectionFactory.php(75): Illuminate\\Database\\Connectors\\ConnectionFactory->createConnection('sqlite', Object(Closure), '/database/datab...', '', Array)
#6 C:\\Users\\CENGE\\Desktop\\thesis\\backend\\vendor\\laravel\\framework\\src\\Illuminate\\Database\\Connectors\\ConnectionFactory.php(50): Illuminate\\Database\\Connectors\\ConnectionFactory->createSingleConnection(Array)
#7 C:\\Users\\CENGE\\Desktop\\thesis\\backend\\vendor\\laravel\\framework\\src\\Illuminate\\Database\\DatabaseManager.php(175): Illuminate\\Database\\Connectors\\ConnectionFactory->make(Array, 'sqlite')
#8 C:\\Users\\CENGE\\Desktop\\thesis\\backend\\vendor\\laravel\\framework\\src\\Illuminate\\Database\\DatabaseManager.php(101): Illuminate\\Database\\DatabaseManager->makeConnection('sqlite')
#9 C:\\Users\\CENGE\\Desktop\\thesis\\backend\\vendor\\laravel\\framework\\src\\Illuminate\\Database\\DatabaseServiceProvider.php(74): Illuminate\\Database\\DatabaseManager->connection()
#10 C:\\Users\\CENGE\\Desktop\\thesis\\backend\\vendor\\laravel\\framework\\src\\Illuminate\\Container\\Container.php(908): Illuminate\\Database\\DatabaseServiceProvider->Illuminate\\Database\\{closure}(Object(Illuminate\\Foundation\\Application), Array)
#11 C:\\Users\\CENGE\\Desktop\\thesis\\backend\\vendor\\laravel\\framework\\src\\Illuminate\\Container\\Container.php(795): Illuminate\\Container\\Container->build(Object(Closure))
#12 C:\\Users\\CENGE\\Desktop\\thesis\\backend\\vendor\\laravel\\framework\\src\\Illuminate\\Foundation\\Application.php(961): Illuminate\\Container\\Container->resolve('db.schema', Array, true)
#13 C:\\Users\\CENGE\\Desktop\\thesis\\backend\\vendor\\laravel\\framework\\src\\Illuminate\\Container\\Container.php(731): Illuminate\\Foundation\\Application->resolve('db.schema', Array)
#14 C:\\Users\\CENGE\\Desktop\\thesis\\backend\\vendor\\laravel\\framework\\src\\Illuminate\\Foundation\\Application.php(946): Illuminate\\Container\\Container->make('db.schema', Array)
#15 C:\\Users\\CENGE\\Desktop\\thesis\\backend\\vendor\\laravel\\framework\\src\\Illuminate\\Container\\Container.php(1454): Illuminate\\Foundation\\Application->make('db.schema')
#16 C:\\Users\\CENGE\\Desktop\\thesis\\backend\\vendor\\laravel\\framework\\src\\Illuminate\\Support\\Facades\\Facade.php(240): Illuminate\\Container\\Container->offsetGet('db.schema')
#17 C:\\Users\\CENGE\\Desktop\\thesis\\backend\\vendor\\laravel\\framework\\src\\Illuminate\\Support\\Facades\\Facade.php(208): Illuminate\\Support\\Facades\\Facade::resolveFacadeInstance('db.schema')
#18 C:\\Users\\CENGE\\Desktop\\thesis\\backend\\vendor\\laravel\\framework\\src\\Illuminate\\Support\\Facades\\Facade.php(349): Illuminate\\Support\\Facades\\Facade::getFacadeRoot()
#19 C:\\Users\\CENGE\\Desktop\\thesis\\backend\\app\\Providers\\AppServiceProvider.php(22): Illuminate\\Support\\Facades\\Facade::__callStatic('defaultStringLe...', Array)
#20 C:\\Users\\CENGE\\Desktop\\thesis\\backend\\vendor\\laravel\\framework\\src\\Illuminate\\Container\\BoundMethod.php(36): App\\Providers\\AppServiceProvider->boot()
#21 C:\\Users\\CENGE\\Desktop\\thesis\\backend\\vendor\\laravel\\framework\\src\\Illuminate\\Container\\Util.php(41): Illuminate\\Container\\BoundMethod::Illuminate\\Container\\{closure}()
#22 C:\\Users\\CENGE\\Desktop\\thesis\\backend\\vendor\\laravel\\framework\\src\\Illuminate\\Container\\BoundMethod.php(93): Illuminate\\Container\\Util::unwrapIfClosure(Object(Closure))
#23 C:\\Users\\CENGE\\Desktop\\thesis\\backend\\vendor\\laravel\\framework\\src\\Illuminate\\Container\\BoundMethod.php(35): Illuminate\\Container\\BoundMethod::callBoundMethod(Object(Illuminate\\Foundation\\Application), Array, Object(Closure))
#24 C:\\Users\\CENGE\\Desktop\\thesis\\backend\\vendor\\laravel\\framework\\src\\Illuminate\\Container\\Container.php(662): Illuminate\\Container\\BoundMethod::call(Object(Illuminate\\Foundation\\Application), Array, Array, NULL)
#25 C:\\Users\\CENGE\\Desktop\\thesis\\backend\\vendor\\laravel\\framework\\src\\Illuminate\\Foundation\\Application.php(1034): Illuminate\\Container\\Container->call(Array)
#26 C:\\Users\\CENGE\\Desktop\\thesis\\backend\\vendor\\laravel\\framework\\src\\Illuminate\\Foundation\\Application.php(1015): Illuminate\\Foundation\\Application->bootProvider(Object(App\\Providers\\AppServiceProvider))
#27 [internal function]: Illuminate\\Foundation\\Application->Illuminate\\Foundation\\{closure}(Object(App\\Providers\\AppServiceProvider), 20)
#28 C:\\Users\\CENGE\\Desktop\\thesis\\backend\\vendor\\laravel\\framework\\src\\Illuminate\\Foundation\\Application.php(1014): array_walk(Array, Object(Closure))
#29 C:\\Users\\CENGE\\Desktop\\thesis\\backend\\vendor\\laravel\\framework\\src\\Illuminate\\Foundation\\Bootstrap\\BootProviders.php(17): Illuminate\\Foundation\\Application->boot()
#30 C:\\Users\\CENGE\\Desktop\\thesis\\backend\\vendor\\laravel\\framework\\src\\Illuminate\\Foundation\\Application.php(263): Illuminate\\Foundation\\Bootstrap\\BootProviders->bootstrap(Object(Illuminate\\Foundation\\Application))
#31 C:\\Users\\CENGE\\Desktop\\thesis\\backend\\vendor\\laravel\\framework\\src\\Illuminate\\Foundation\\Console\\Kernel.php(447): Illuminate\\Foundation\\Application->bootstrapWith(Array)
#32 C:\\Users\\CENGE\\Desktop\\thesis\\backend\\vendor\\laravel\\framework\\src\\Illuminate\\Foundation\\Console\\Kernel.php(199): Illuminate\\Foundation\\Console\\Kernel->bootstrap()
#33 C:\\Users\\CENGE\\Desktop\\thesis\\backend\\artisan(35): Illuminate\\Foundation\\Console\\Kernel->handle(Object(Symfony\\Component\\Console\\Input\\ArgvInput), Object(Symfony\\Component\\Console\\Output\\ConsoleOutput))
#34 {main}

[previous exception] [object] (Illuminate\\Database\\SQLiteDatabaseDoesNotExistException(code: 0): Database file at path [/database/database.sqlite] does not exist. Ensure this is an absolute path to the database. at C:\\Users\\CENGE\\Desktop\\thesis\\backend\\vendor\\laravel\\framework\\src\\Illuminate\\Database\\Connectors\\SQLiteConnector.php:34)
[stacktrace]
#0 C:\\Users\\CENGE\\Desktop\\thesis\\backend\\vendor\\laravel\\framework\\src\\Illuminate\\Database\\Connectors\\ConnectionFactory.php(221): Illuminate\\Database\\Connectors\\SQLiteConnector->connect(Array)
#1 [internal function]: Illuminate\\Database\\Connectors\\ConnectionFactory->Illuminate\\Database\\Connectors\\{closure}()
#2 C:\\Users\\CENGE\\Desktop\\thesis\\backend\\vendor\\laravel\\framework\\src\\Illuminate\\Database\\Connection.php(1339): call_user_func(Object(Closure))
#3 C:\\Users\\CENGE\\Desktop\\thesis\\backend\\vendor\\laravel\\framework\\src\\Illuminate\\Database\\Connection.php(581): Illuminate\\Database\\Connection->getPdo()
#4 C:\\Users\\CENGE\\Desktop\\thesis\\backend\\vendor\\laravel\\framework\\src\\Illuminate\\Database\\Connection.php(816): Illuminate\\Database\\Connection->Illuminate\\Database\\{closure}('PRAGMA foreign_...', Array)
#5 C:\\Users\\CENGE\\Desktop\\thesis\\backend\\vendor\\laravel\\framework\\src\\Illuminate\\Database\\Connection.php(783): Illuminate\\Database\\Connection->runQueryCallback('PRAGMA foreign_...', Array, Object(Closure))
#6 C:\\Users\\CENGE\\Desktop\\thesis\\backend\\vendor\\laravel\\framework\\src\\Illuminate\\Database\\Connection.php(576): Illuminate\\Database\\Connection->run('PRAGMA foreign_...', Array, Object(Closure))
#7 C:\\Users\\CENGE\\Desktop\\thesis\\backend\\vendor\\laravel\\framework\\src\\Illuminate\\Database\\Schema\\Builder.php(560): Illuminate\\Database\\Connection->statement('PRAGMA foreign_...')
#8 C:\\Users\\CENGE\\Desktop\\thesis\\backend\\vendor\\laravel\\framework\\src\\Illuminate\\Database\\SQLiteConnection.php(36): Illuminate\\Database\\Schema\\Builder->enableForeignKeyConstraints()
#9 C:\\Users\\CENGE\\Desktop\\thesis\\backend\\vendor\\laravel\\framework\\src\\Illuminate\\Database\\Connectors\\ConnectionFactory.php(272): Illuminate\\Database\\SQLiteConnection->__construct(Object(Closure), '/database/datab...', '', Array)
#10 C:\\Users\\CENGE\\Desktop\\thesis\\backend\\vendor\\laravel\\framework\\src\\Illuminate\\Database\\Connectors\\ConnectionFactory.php(75): Illuminate\\Database\\Connectors\\ConnectionFactory->createConnection('sqlite', Object(Closure), '/database/datab...', '', Array)
#11 C:\\Users\\CENGE\\Desktop\\thesis\\backend\\vendor\\laravel\\framework\\src\\Illuminate\\Database\\Connectors\\ConnectionFactory.php(50): Illuminate\\Database\\Connectors\\ConnectionFactory->createSingleConnection(Array)
#12 C:\\Users\\CENGE\\Desktop\\thesis\\backend\\vendor\\laravel\\framework\\src\\Illuminate\\Database\\DatabaseManager.php(175): Illuminate\\Database\\Connectors\\ConnectionFactory->make(Array, 'sqlite')
#13 C:\\Users\\CENGE\\Desktop\\thesis\\backend\\vendor\\laravel\\framework\\src\\Illuminate\\Database\\DatabaseManager.php(101): Illuminate\\Database\\DatabaseManager->makeConnection('sqlite')
#14 C:\\Users\\CENGE\\Desktop\\thesis\\backend\\vendor\\laravel\\framework\\src\\Illuminate\\Database\\DatabaseServiceProvider.php(74): Illuminate\\Database\\DatabaseManager->connection()
#15 C:\\Users\\CENGE\\Desktop\\thesis\\backend\\vendor\\laravel\\framework\\src\\Illuminate\\Container\\Container.php(908): Illuminate\\Database\\DatabaseServiceProvider->Illuminate\\Database\\{closure}(Object(Illuminate\\Foundation\\Application), Array)
#16 C:\\Users\\CENGE\\Desktop\\thesis\\backend\\vendor\\laravel\\framework\\src\\Illuminate\\Container\\Container.php(795): Illuminate\\Container\\Container->build(Object(Closure))
#17 C:\\Users\\CENGE\\Desktop\\thesis\\backend\\vendor\\laravel\\framework\\src\\Illuminate\\Foundation\\Application.php(961): Illuminate\\Container\\Container->resolve('db.schema', Array, true)
#18 C:\\Users\\CENGE\\Desktop\\thesis\\backend\\vendor\\laravel\\framework\\src\\Illuminate\\Container\\Container.php(731): Illuminate\\Foundation\\Application->resolve('db.schema', Array)
#19 C:\\Users\\CENGE\\Desktop\\thesis\\backend\\vendor\\laravel\\framework\\src\\Illuminate\\Foundation\\Application.php(946): Illuminate\\Container\\Container->make('db.schema', Array)
#20 C:\\Users\\CENGE\\Desktop\\thesis\\backend\\vendor\\laravel\\framework\\src\\Illuminate\\Container\\Container.php(1454): Illuminate\\Foundation\\Application->make('db.schema')
#21 C:\\Users\\CENGE\\Desktop\\thesis\\backend\\vendor\\laravel\\framework\\src\\Illuminate\\Support\\Facades\\Facade.php(240): Illuminate\\Container\\Container->offsetGet('db.schema')
#22 C:\\Users\\CENGE\\Desktop\\thesis\\backend\\vendor\\laravel\\framework\\src\\Illuminate\\Support\\Facades\\Facade.php(208): Illuminate\\Support\\Facades\\Facade::resolveFacadeInstance('db.schema')
#23 C:\\Users\\CENGE\\Desktop\\thesis\\backend\\vendor\\laravel\\framework\\src\\Illuminate\\Support\\Facades\\Facade.php(349): Illuminate\\Support\\Facades\\Facade::getFacadeRoot()
#24 C:\\Users\\CENGE\\Desktop\\thesis\\backend\\app\\Providers\\AppServiceProvider.php(22): Illuminate\\Support\\Facades\\Facade::__callStatic('defaultStringLe...', Array)
#25 C:\\Users\\CENGE\\Desktop\\thesis\\backend\\vendor\\laravel\\framework\\src\\Illuminate\\Container\\BoundMethod.php(36): App\\Providers\\AppServiceProvider->boot()
#26 C:\\Users\\CENGE\\Desktop\\thesis\\backend\\vendor\\laravel\\framework\\src\\Illuminate\\Container\\Util.php(41): Illuminate\\Container\\BoundMethod::Illuminate\\Container\\{closure}()
#27 C:\\Users\\CENGE\\Desktop\\thesis\\backend\\vendor\\laravel\\framework\\src\\Illuminate\\Container\\BoundMethod.php(93): Illuminate\\Container\\Util::unwrapIfClosure(Object(Closure))
#28 C:\\Users\\CENGE\\Desktop\\thesis\\backend\\vendor\\laravel\\framework\\src\\Illuminate\\Container\\BoundMethod.php(35): Illuminate\\Container\\BoundMethod::callBoundMethod(Object(Illuminate\\Foundation\\Application), Array, Object(Closure))
#29 C:\\Users\\CENGE\\Desktop\\thesis\\backend\\vendor\\laravel\\framework\\src\\Illuminate\\Container\\Container.php(662): Illuminate\\Container\\BoundMethod::call(Object(Illuminate\\Foundation\\Application), Array, Array, NULL)
#30 C:\\Users\\CENGE\\Desktop\\thesis\\backend\\vendor\\laravel\\framework\\src\\Illuminate\\Foundation\\Application.php(1034): Illuminate\\Container\\Container->call(Array)
#31 C:\\Users\\CENGE\\Desktop\\thesis\\backend\\vendor\\laravel\\framework\\src\\Illuminate\\Foundation\\Application.php(1015): Illuminate\\Foundation\\Application->bootProvider(Object(App\\Providers\\AppServiceProvider))
#32 [internal function]: Illuminate\\Foundation\\Application->Illuminate\\Foundation\\{closure}(Object(App\\Providers\\AppServiceProvider), 20)
#33 C:\\Users\\CENGE\\Desktop\\thesis\\backend\\vendor\\laravel\\framework\\src\\Illuminate\\Foundation\\Application.php(1014): array_walk(Array, Object(Closure))
#34 C:\\Users\\CENGE\\Desktop\\thesis\\backend\\vendor\\laravel\\framework\\src\\Illuminate\\Foundation\\Bootstrap\\BootProviders.php(17): Illuminate\\Foundation\\Application->boot()
#35 C:\\Users\\CENGE\\Desktop\\thesis\\backend\\vendor\\laravel\\framework\\src\\Illuminate\\Foundation\\Application.php(263): Illuminate\\Foundation\\Bootstrap\\BootProviders->bootstrap(Object(Illuminate\\Foundation\\Application))
#36 C:\\Users\\CENGE\\Desktop\\thesis\\backend\\vendor\\laravel\\framework\\src\\Illuminate\\Foundation\\Console\\Kernel.php(447): Illuminate\\Foundation\\Application->bootstrapWith(Array)
#37 C:\\Users\\CENGE\\Desktop\\thesis\\backend\\vendor\\laravel\\framework\\src\\Illuminate\\Foundation\\Console\\Kernel.php(199): Illuminate\\Foundation\\Console\\Kernel->bootstrap()
#38 C:\\Users\\CENGE\\Desktop\\thesis\\backend\\artisan(35): Illuminate\\Foundation\\Console\\Kernel->handle(Object(Symfony\\Component\\Console\\Input\\ArgvInput), Object(Symfony\\Component\\Console\\Output\\ConsoleOutput))
#39 {main}
"} 
[2025-02-23 20:15:56] local.ERROR: Database file at path [database/database.sqlite] does not exist. Ensure this is an absolute path to the database. (Connection: sqlite, SQL: PRAGMA foreign_keys = ON;) {"exception":"[object] (Illuminate\\Database\\QueryException(code: 0): Database file at path [database/database.sqlite] does not exist. Ensure this is an absolute path to the database. (Connection: sqlite, SQL: PRAGMA foreign_keys = ON;) at C:\\Users\\CENGE\\Desktop\\thesis\\backend\\vendor\\laravel\\framework\\src\\Illuminate\\Database\\Connection.php:829)
[stacktrace]
#0 C:\\Users\\CENGE\\Desktop\\thesis\\backend\\vendor\\laravel\\framework\\src\\Illuminate\\Database\\Connection.php(783): Illuminate\\Database\\Connection->runQueryCallback('PRAGMA foreign_...', Array, Object(Closure))
#1 C:\\Users\\CENGE\\Desktop\\thesis\\backend\\vendor\\laravel\\framework\\src\\Illuminate\\Database\\Connection.php(576): Illuminate\\Database\\Connection->run('PRAGMA foreign_...', Array, Object(Closure))
#2 C:\\Users\\CENGE\\Desktop\\thesis\\backend\\vendor\\laravel\\framework\\src\\Illuminate\\Database\\Schema\\Builder.php(560): Illuminate\\Database\\Connection->statement('PRAGMA foreign_...')
#3 C:\\Users\\CENGE\\Desktop\\thesis\\backend\\vendor\\laravel\\framework\\src\\Illuminate\\Database\\SQLiteConnection.php(36): Illuminate\\Database\\Schema\\Builder->enableForeignKeyConstraints()
#4 C:\\Users\\CENGE\\Desktop\\thesis\\backend\\vendor\\laravel\\framework\\src\\Illuminate\\Database\\Connectors\\ConnectionFactory.php(272): Illuminate\\Database\\SQLiteConnection->__construct(Object(Closure), 'database/databa...', '', Array)
#5 C:\\Users\\CENGE\\Desktop\\thesis\\backend\\vendor\\laravel\\framework\\src\\Illuminate\\Database\\Connectors\\ConnectionFactory.php(75): Illuminate\\Database\\Connectors\\ConnectionFactory->createConnection('sqlite', Object(Closure), 'database/databa...', '', Array)
#6 C:\\Users\\CENGE\\Desktop\\thesis\\backend\\vendor\\laravel\\framework\\src\\Illuminate\\Database\\Connectors\\ConnectionFactory.php(50): Illuminate\\Database\\Connectors\\ConnectionFactory->createSingleConnection(Array)
#7 C:\\Users\\CENGE\\Desktop\\thesis\\backend\\vendor\\laravel\\framework\\src\\Illuminate\\Database\\DatabaseManager.php(175): Illuminate\\Database\\Connectors\\ConnectionFactory->make(Array, 'sqlite')
#8 C:\\Users\\CENGE\\Desktop\\thesis\\backend\\vendor\\laravel\\framework\\src\\Illuminate\\Database\\DatabaseManager.php(101): Illuminate\\Database\\DatabaseManager->makeConnection('sqlite')
#9 C:\\Users\\CENGE\\Desktop\\thesis\\backend\\vendor\\laravel\\framework\\src\\Illuminate\\Database\\DatabaseServiceProvider.php(74): Illuminate\\Database\\DatabaseManager->connection()
#10 C:\\Users\\CENGE\\Desktop\\thesis\\backend\\vendor\\laravel\\framework\\src\\Illuminate\\Container\\Container.php(908): Illuminate\\Database\\DatabaseServiceProvider->Illuminate\\Database\\{closure}(Object(Illuminate\\Foundation\\Application), Array)
#11 C:\\Users\\CENGE\\Desktop\\thesis\\backend\\vendor\\laravel\\framework\\src\\Illuminate\\Container\\Container.php(795): Illuminate\\Container\\Container->build(Object(Closure))
#12 C:\\Users\\CENGE\\Desktop\\thesis\\backend\\vendor\\laravel\\framework\\src\\Illuminate\\Foundation\\Application.php(961): Illuminate\\Container\\Container->resolve('db.schema', Array, true)
#13 C:\\Users\\CENGE\\Desktop\\thesis\\backend\\vendor\\laravel\\framework\\src\\Illuminate\\Container\\Container.php(731): Illuminate\\Foundation\\Application->resolve('db.schema', Array)
#14 C:\\Users\\CENGE\\Desktop\\thesis\\backend\\vendor\\laravel\\framework\\src\\Illuminate\\Foundation\\Application.php(946): Illuminate\\Container\\Container->make('db.schema', Array)
#15 C:\\Users\\CENGE\\Desktop\\thesis\\backend\\vendor\\laravel\\framework\\src\\Illuminate\\Container\\Container.php(1454): Illuminate\\Foundation\\Application->make('db.schema')
#16 C:\\Users\\CENGE\\Desktop\\thesis\\backend\\vendor\\laravel\\framework\\src\\Illuminate\\Support\\Facades\\Facade.php(240): Illuminate\\Container\\Container->offsetGet('db.schema')
#17 C:\\Users\\CENGE\\Desktop\\thesis\\backend\\vendor\\laravel\\framework\\src\\Illuminate\\Support\\Facades\\Facade.php(208): Illuminate\\Support\\Facades\\Facade::resolveFacadeInstance('db.schema')
#18 C:\\Users\\CENGE\\Desktop\\thesis\\backend\\vendor\\laravel\\framework\\src\\Illuminate\\Support\\Facades\\Facade.php(349): Illuminate\\Support\\Facades\\Facade::getFacadeRoot()
#19 C:\\Users\\CENGE\\Desktop\\thesis\\backend\\app\\Providers\\AppServiceProvider.php(22): Illuminate\\Support\\Facades\\Facade::__callStatic('defaultStringLe...', Array)
#20 C:\\Users\\CENGE\\Desktop\\thesis\\backend\\vendor\\laravel\\framework\\src\\Illuminate\\Container\\BoundMethod.php(36): App\\Providers\\AppServiceProvider->boot()
#21 C:\\Users\\CENGE\\Desktop\\thesis\\backend\\vendor\\laravel\\framework\\src\\Illuminate\\Container\\Util.php(41): Illuminate\\Container\\BoundMethod::Illuminate\\Container\\{closure}()
#22 C:\\Users\\CENGE\\Desktop\\thesis\\backend\\vendor\\laravel\\framework\\src\\Illuminate\\Container\\BoundMethod.php(93): Illuminate\\Container\\Util::unwrapIfClosure(Object(Closure))
#23 C:\\Users\\CENGE\\Desktop\\thesis\\backend\\vendor\\laravel\\framework\\src\\Illuminate\\Container\\BoundMethod.php(35): Illuminate\\Container\\BoundMethod::callBoundMethod(Object(Illuminate\\Foundation\\Application), Array, Object(Closure))
#24 C:\\Users\\CENGE\\Desktop\\thesis\\backend\\vendor\\laravel\\framework\\src\\Illuminate\\Container\\Container.php(662): Illuminate\\Container\\BoundMethod::call(Object(Illuminate\\Foundation\\Application), Array, Array, NULL)
#25 C:\\Users\\CENGE\\Desktop\\thesis\\backend\\vendor\\laravel\\framework\\src\\Illuminate\\Foundation\\Application.php(1034): Illuminate\\Container\\Container->call(Array)
#26 C:\\Users\\CENGE\\Desktop\\thesis\\backend\\vendor\\laravel\\framework\\src\\Illuminate\\Foundation\\Application.php(1015): Illuminate\\Foundation\\Application->bootProvider(Object(App\\Providers\\AppServiceProvider))
#27 [internal function]: Illuminate\\Foundation\\Application->Illuminate\\Foundation\\{closure}(Object(App\\Providers\\AppServiceProvider), 20)
#28 C:\\Users\\CENGE\\Desktop\\thesis\\backend\\vendor\\laravel\\framework\\src\\Illuminate\\Foundation\\Application.php(1014): array_walk(Array, Object(Closure))
#29 C:\\Users\\CENGE\\Desktop\\thesis\\backend\\vendor\\laravel\\framework\\src\\Illuminate\\Foundation\\Bootstrap\\BootProviders.php(17): Illuminate\\Foundation\\Application->boot()
#30 C:\\Users\\CENGE\\Desktop\\thesis\\backend\\vendor\\laravel\\framework\\src\\Illuminate\\Foundation\\Application.php(263): Illuminate\\Foundation\\Bootstrap\\BootProviders->bootstrap(Object(Illuminate\\Foundation\\Application))
#31 C:\\Users\\CENGE\\Desktop\\thesis\\backend\\vendor\\laravel\\framework\\src\\Illuminate\\Foundation\\Http\\Kernel.php(186): Illuminate\\Foundation\\Application->bootstrapWith(Array)
#32 C:\\Users\\CENGE\\Desktop\\thesis\\backend\\vendor\\laravel\\framework\\src\\Illuminate\\Foundation\\Http\\Kernel.php(170): Illuminate\\Foundation\\Http\\Kernel->bootstrap()
#33 C:\\Users\\CENGE\\Desktop\\thesis\\backend\\vendor\\laravel\\framework\\src\\Illuminate\\Foundation\\Http\\Kernel.php(144): Illuminate\\Foundation\\Http\\Kernel->sendRequestThroughRouter(Object(Illuminate\\Http\\Request))
#34 C:\\Users\\CENGE\\Desktop\\thesis\\backend\\public\\index.php(51): Illuminate\\Foundation\\Http\\Kernel->handle(Object(Illuminate\\Http\\Request))
#35 C:\\Users\\CENGE\\Desktop\\thesis\\backend\\vendor\\laravel\\framework\\src\\Illuminate\\Foundation\\resources\\server.php(16): require_once('C:\\\\Users\\\\CENGE\\\\...')
#36 {main}

[previous exception] [object] (Illuminate\\Database\\SQLiteDatabaseDoesNotExistException(code: 0): Database file at path [database/database.sqlite] does not exist. Ensure this is an absolute path to the database. at C:\\Users\\CENGE\\Desktop\\thesis\\backend\\vendor\\laravel\\framework\\src\\Illuminate\\Database\\Connectors\\SQLiteConnector.php:34)
[stacktrace]
#0 C:\\Users\\CENGE\\Desktop\\thesis\\backend\\vendor\\laravel\\framework\\src\\Illuminate\\Database\\Connectors\\ConnectionFactory.php(221): Illuminate\\Database\\Connectors\\SQLiteConnector->connect(Array)
#1 [internal function]: Illuminate\\Database\\Connectors\\ConnectionFactory->Illuminate\\Database\\Connectors\\{closure}()
#2 C:\\Users\\CENGE\\Desktop\\thesis\\backend\\vendor\\laravel\\framework\\src\\Illuminate\\Database\\Connection.php(1339): call_user_func(Object(Closure))
#3 C:\\Users\\CENGE\\Desktop\\thesis\\backend\\vendor\\laravel\\framework\\src\\Illuminate\\Database\\Connection.php(581): Illuminate\\Database\\Connection->getPdo()
#4 C:\\Users\\CENGE\\Desktop\\thesis\\backend\\vendor\\laravel\\framework\\src\\Illuminate\\Database\\Connection.php(816): Illuminate\\Database\\Connection->Illuminate\\Database\\{closure}('PRAGMA foreign_...', Array)
#5 C:\\Users\\CENGE\\Desktop\\thesis\\backend\\vendor\\laravel\\framework\\src\\Illuminate\\Database\\Connection.php(783): Illuminate\\Database\\Connection->runQueryCallback('PRAGMA foreign_...', Array, Object(Closure))
#6 C:\\Users\\CENGE\\Desktop\\thesis\\backend\\vendor\\laravel\\framework\\src\\Illuminate\\Database\\Connection.php(576): Illuminate\\Database\\Connection->run('PRAGMA foreign_...', Array, Object(Closure))
#7 C:\\Users\\CENGE\\Desktop\\thesis\\backend\\vendor\\laravel\\framework\\src\\Illuminate\\Database\\Schema\\Builder.php(560): Illuminate\\Database\\Connection->statement('PRAGMA foreign_...')
#8 C:\\Users\\CENGE\\Desktop\\thesis\\backend\\vendor\\laravel\\framework\\src\\Illuminate\\Database\\SQLiteConnection.php(36): Illuminate\\Database\\Schema\\Builder->enableForeignKeyConstraints()
#9 C:\\Users\\CENGE\\Desktop\\thesis\\backend\\vendor\\laravel\\framework\\src\\Illuminate\\Database\\Connectors\\ConnectionFactory.php(272): Illuminate\\Database\\SQLiteConnection->__construct(Object(Closure), 'database/databa...', '', Array)
#10 C:\\Users\\CENGE\\Desktop\\thesis\\backend\\vendor\\laravel\\framework\\src\\Illuminate\\Database\\Connectors\\ConnectionFactory.php(75): Illuminate\\Database\\Connectors\\ConnectionFactory->createConnection('sqlite', Object(Closure), 'database/databa...', '', Array)
#11 C:\\Users\\CENGE\\Desktop\\thesis\\backend\\vendor\\laravel\\framework\\src\\Illuminate\\Database\\Connectors\\ConnectionFactory.php(50): Illuminate\\Database\\Connectors\\ConnectionFactory->createSingleConnection(Array)
#12 C:\\Users\\CENGE\\Desktop\\thesis\\backend\\vendor\\laravel\\framework\\src\\Illuminate\\Database\\DatabaseManager.php(175): Illuminate\\Database\\Connectors\\ConnectionFactory->make(Array, 'sqlite')
#13 C:\\Users\\CENGE\\Desktop\\thesis\\backend\\vendor\\laravel\\framework\\src\\Illuminate\\Database\\DatabaseManager.php(101): Illuminate\\Database\\DatabaseManager->makeConnection('sqlite')
#14 C:\\Users\\CENGE\\Desktop\\thesis\\backend\\vendor\\laravel\\framework\\src\\Illuminate\\Database\\DatabaseServiceProvider.php(74): Illuminate\\Database\\DatabaseManager->connection()
#15 C:\\Users\\CENGE\\Desktop\\thesis\\backend\\vendor\\laravel\\framework\\src\\Illuminate\\Container\\Container.php(908): Illuminate\\Database\\DatabaseServiceProvider->Illuminate\\Database\\{closure}(Object(Illuminate\\Foundation\\Application), Array)
#16 C:\\Users\\CENGE\\Desktop\\thesis\\backend\\vendor\\laravel\\framework\\src\\Illuminate\\Container\\Container.php(795): Illuminate\\Container\\Container->build(Object(Closure))
#17 C:\\Users\\CENGE\\Desktop\\thesis\\backend\\vendor\\laravel\\framework\\src\\Illuminate\\Foundation\\Application.php(961): Illuminate\\Container\\Container->resolve('db.schema', Array, true)
#18 C:\\Users\\CENGE\\Desktop\\thesis\\backend\\vendor\\laravel\\framework\\src\\Illuminate\\Container\\Container.php(731): Illuminate\\Foundation\\Application->resolve('db.schema', Array)
#19 C:\\Users\\CENGE\\Desktop\\thesis\\backend\\vendor\\laravel\\framework\\src\\Illuminate\\Foundation\\Application.php(946): Illuminate\\Container\\Container->make('db.schema', Array)
#20 C:\\Users\\CENGE\\Desktop\\thesis\\backend\\vendor\\laravel\\framework\\src\\Illuminate\\Container\\Container.php(1454): Illuminate\\Foundation\\Application->make('db.schema')
#21 C:\\Users\\CENGE\\Desktop\\thesis\\backend\\vendor\\laravel\\framework\\src\\Illuminate\\Support\\Facades\\Facade.php(240): Illuminate\\Container\\Container->offsetGet('db.schema')
#22 C:\\Users\\CENGE\\Desktop\\thesis\\backend\\vendor\\laravel\\framework\\src\\Illuminate\\Support\\Facades\\Facade.php(208): Illuminate\\Support\\Facades\\Facade::resolveFacadeInstance('db.schema')
#23 C:\\Users\\CENGE\\Desktop\\thesis\\backend\\vendor\\laravel\\framework\\src\\Illuminate\\Support\\Facades\\Facade.php(349): Illuminate\\Support\\Facades\\Facade::getFacadeRoot()
#24 C:\\Users\\CENGE\\Desktop\\thesis\\backend\\app\\Providers\\AppServiceProvider.php(22): Illuminate\\Support\\Facades\\Facade::__callStatic('defaultStringLe...', Array)
#25 C:\\Users\\CENGE\\Desktop\\thesis\\backend\\vendor\\laravel\\framework\\src\\Illuminate\\Container\\BoundMethod.php(36): App\\Providers\\AppServiceProvider->boot()
#26 C:\\Users\\CENGE\\Desktop\\thesis\\backend\\vendor\\laravel\\framework\\src\\Illuminate\\Container\\Util.php(41): Illuminate\\Container\\BoundMethod::Illuminate\\Container\\{closure}()
#27 C:\\Users\\CENGE\\Desktop\\thesis\\backend\\vendor\\laravel\\framework\\src\\Illuminate\\Container\\BoundMethod.php(93): Illuminate\\Container\\Util::unwrapIfClosure(Object(Closure))
#28 C:\\Users\\CENGE\\Desktop\\thesis\\backend\\vendor\\laravel\\framework\\src\\Illuminate\\Container\\BoundMethod.php(35): Illuminate\\Container\\BoundMethod::callBoundMethod(Object(Illuminate\\Foundation\\Application), Array, Object(Closure))
#29 C:\\Users\\CENGE\\Desktop\\thesis\\backend\\vendor\\laravel\\framework\\src\\Illuminate\\Container\\Container.php(662): Illuminate\\Container\\BoundMethod::call(Object(Illuminate\\Foundation\\Application), Array, Array, NULL)
#30 C:\\Users\\CENGE\\Desktop\\thesis\\backend\\vendor\\laravel\\framework\\src\\Illuminate\\Foundation\\Application.php(1034): Illuminate\\Container\\Container->call(Array)
#31 C:\\Users\\CENGE\\Desktop\\thesis\\backend\\vendor\\laravel\\framework\\src\\Illuminate\\Foundation\\Application.php(1015): Illuminate\\Foundation\\Application->bootProvider(Object(App\\Providers\\AppServiceProvider))
#32 [internal function]: Illuminate\\Foundation\\Application->Illuminate\\Foundation\\{closure}(Object(App\\Providers\\AppServiceProvider), 20)
#33 C:\\Users\\CENGE\\Desktop\\thesis\\backend\\vendor\\laravel\\framework\\src\\Illuminate\\Foundation\\Application.php(1014): array_walk(Array, Object(Closure))
#34 C:\\Users\\CENGE\\Desktop\\thesis\\backend\\vendor\\laravel\\framework\\src\\Illuminate\\Foundation\\Bootstrap\\BootProviders.php(17): Illuminate\\Foundation\\Application->boot()
#35 C:\\Users\\CENGE\\Desktop\\thesis\\backend\\vendor\\laravel\\framework\\src\\Illuminate\\Foundation\\Application.php(263): Illuminate\\Foundation\\Bootstrap\\BootProviders->bootstrap(Object(Illuminate\\Foundation\\Application))
#36 C:\\Users\\CENGE\\Desktop\\thesis\\backend\\vendor\\laravel\\framework\\src\\Illuminate\\Foundation\\Http\\Kernel.php(186): Illuminate\\Foundation\\Application->bootstrapWith(Array)
#37 C:\\Users\\CENGE\\Desktop\\thesis\\backend\\vendor\\laravel\\framework\\src\\Illuminate\\Foundation\\Http\\Kernel.php(170): Illuminate\\Foundation\\Http\\Kernel->bootstrap()
#38 C:\\Users\\CENGE\\Desktop\\thesis\\backend\\vendor\\laravel\\framework\\src\\Illuminate\\Foundation\\Http\\Kernel.php(144): Illuminate\\Foundation\\Http\\Kernel->sendRequestThroughRouter(Object(Illuminate\\Http\\Request))
#39 C:\\Users\\CENGE\\Desktop\\thesis\\backend\\public\\index.php(51): Illuminate\\Foundation\\Http\\Kernel->handle(Object(Illuminate\\Http\\Request))
#40 C:\\Users\\CENGE\\Desktop\\thesis\\backend\\vendor\\laravel\\framework\\src\\Illuminate\\Foundation\\resources\\server.php(16): require_once('C:\\\\Users\\\\CENGE\\\\...')
#41 {main}
"} 
[2025-02-23 20:15:56] local.ERROR: Database file at path [database/database.sqlite] does not exist. Ensure this is an absolute path to the database. (Connection: sqlite, SQL: PRAGMA foreign_keys = ON;) {"exception":"[object] (Illuminate\\Database\\QueryException(code: 0): Database file at path [database/database.sqlite] does not exist. Ensure this is an absolute path to the database. (Connection: sqlite, SQL: PRAGMA foreign_keys = ON;) at C:\\Users\\CENGE\\Desktop\\thesis\\backend\\vendor\\laravel\\framework\\src\\Illuminate\\Database\\Connection.php:829)
[stacktrace]
#0 C:\\Users\\CENGE\\Desktop\\thesis\\backend\\vendor\\laravel\\framework\\src\\Illuminate\\Database\\Connection.php(783): Illuminate\\Database\\Connection->runQueryCallback('PRAGMA foreign_...', Array, Object(Closure))
#1 C:\\Users\\CENGE\\Desktop\\thesis\\backend\\vendor\\laravel\\framework\\src\\Illuminate\\Database\\Connection.php(576): Illuminate\\Database\\Connection->run('PRAGMA foreign_...', Array, Object(Closure))
#2 C:\\Users\\CENGE\\Desktop\\thesis\\backend\\vendor\\laravel\\framework\\src\\Illuminate\\Database\\Schema\\Builder.php(560): Illuminate\\Database\\Connection->statement('PRAGMA foreign_...')
#3 C:\\Users\\CENGE\\Desktop\\thesis\\backend\\vendor\\laravel\\framework\\src\\Illuminate\\Database\\SQLiteConnection.php(36): Illuminate\\Database\\Schema\\Builder->enableForeignKeyConstraints()
#4 C:\\Users\\CENGE\\Desktop\\thesis\\backend\\vendor\\laravel\\framework\\src\\Illuminate\\Database\\Connectors\\ConnectionFactory.php(272): Illuminate\\Database\\SQLiteConnection->__construct(Object(Closure), 'database/databa...', '', Array)
#5 C:\\Users\\CENGE\\Desktop\\thesis\\backend\\vendor\\laravel\\framework\\src\\Illuminate\\Database\\Connectors\\ConnectionFactory.php(75): Illuminate\\Database\\Connectors\\ConnectionFactory->createConnection('sqlite', Object(Closure), 'database/databa...', '', Array)
#6 C:\\Users\\CENGE\\Desktop\\thesis\\backend\\vendor\\laravel\\framework\\src\\Illuminate\\Database\\Connectors\\ConnectionFactory.php(50): Illuminate\\Database\\Connectors\\ConnectionFactory->createSingleConnection(Array)
#7 C:\\Users\\CENGE\\Desktop\\thesis\\backend\\vendor\\laravel\\framework\\src\\Illuminate\\Database\\DatabaseManager.php(175): Illuminate\\Database\\Connectors\\ConnectionFactory->make(Array, 'sqlite')
#8 C:\\Users\\CENGE\\Desktop\\thesis\\backend\\vendor\\laravel\\framework\\src\\Illuminate\\Database\\DatabaseManager.php(101): Illuminate\\Database\\DatabaseManager->makeConnection('sqlite')
#9 C:\\Users\\CENGE\\Desktop\\thesis\\backend\\vendor\\laravel\\framework\\src\\Illuminate\\Database\\DatabaseServiceProvider.php(74): Illuminate\\Database\\DatabaseManager->connection()
#10 C:\\Users\\CENGE\\Desktop\\thesis\\backend\\vendor\\laravel\\framework\\src\\Illuminate\\Container\\Container.php(908): Illuminate\\Database\\DatabaseServiceProvider->Illuminate\\Database\\{closure}(Object(Illuminate\\Foundation\\Application), Array)
#11 C:\\Users\\CENGE\\Desktop\\thesis\\backend\\vendor\\laravel\\framework\\src\\Illuminate\\Container\\Container.php(795): Illuminate\\Container\\Container->build(Object(Closure))
#12 C:\\Users\\CENGE\\Desktop\\thesis\\backend\\vendor\\laravel\\framework\\src\\Illuminate\\Foundation\\Application.php(961): Illuminate\\Container\\Container->resolve('db.schema', Array, true)
#13 C:\\Users\\CENGE\\Desktop\\thesis\\backend\\vendor\\laravel\\framework\\src\\Illuminate\\Container\\Container.php(731): Illuminate\\Foundation\\Application->resolve('db.schema', Array)
#14 C:\\Users\\CENGE\\Desktop\\thesis\\backend\\vendor\\laravel\\framework\\src\\Illuminate\\Foundation\\Application.php(946): Illuminate\\Container\\Container->make('db.schema', Array)
#15 C:\\Users\\CENGE\\Desktop\\thesis\\backend\\vendor\\laravel\\framework\\src\\Illuminate\\Container\\Container.php(1454): Illuminate\\Foundation\\Application->make('db.schema')
#16 C:\\Users\\CENGE\\Desktop\\thesis\\backend\\vendor\\laravel\\framework\\src\\Illuminate\\Support\\Facades\\Facade.php(240): Illuminate\\Container\\Container->offsetGet('db.schema')
#17 C:\\Users\\CENGE\\Desktop\\thesis\\backend\\vendor\\laravel\\framework\\src\\Illuminate\\Support\\Facades\\Facade.php(208): Illuminate\\Support\\Facades\\Facade::resolveFacadeInstance('db.schema')
#18 C:\\Users\\CENGE\\Desktop\\thesis\\backend\\vendor\\laravel\\framework\\src\\Illuminate\\Support\\Facades\\Facade.php(349): Illuminate\\Support\\Facades\\Facade::getFacadeRoot()
#19 C:\\Users\\CENGE\\Desktop\\thesis\\backend\\app\\Providers\\AppServiceProvider.php(22): Illuminate\\Support\\Facades\\Facade::__callStatic('defaultStringLe...', Array)
#20 C:\\Users\\CENGE\\Desktop\\thesis\\backend\\vendor\\laravel\\framework\\src\\Illuminate\\Container\\BoundMethod.php(36): App\\Providers\\AppServiceProvider->boot()
#21 C:\\Users\\CENGE\\Desktop\\thesis\\backend\\vendor\\laravel\\framework\\src\\Illuminate\\Container\\Util.php(41): Illuminate\\Container\\BoundMethod::Illuminate\\Container\\{closure}()
#22 C:\\Users\\CENGE\\Desktop\\thesis\\backend\\vendor\\laravel\\framework\\src\\Illuminate\\Container\\BoundMethod.php(93): Illuminate\\Container\\Util::unwrapIfClosure(Object(Closure))
#23 C:\\Users\\CENGE\\Desktop\\thesis\\backend\\vendor\\laravel\\framework\\src\\Illuminate\\Container\\BoundMethod.php(35): Illuminate\\Container\\BoundMethod::callBoundMethod(Object(Illuminate\\Foundation\\Application), Array, Object(Closure))
#24 C:\\Users\\CENGE\\Desktop\\thesis\\backend\\vendor\\laravel\\framework\\src\\Illuminate\\Container\\Container.php(662): Illuminate\\Container\\BoundMethod::call(Object(Illuminate\\Foundation\\Application), Array, Array, NULL)
#25 C:\\Users\\CENGE\\Desktop\\thesis\\backend\\vendor\\laravel\\framework\\src\\Illuminate\\Foundation\\Application.php(1034): Illuminate\\Container\\Container->call(Array)
#26 C:\\Users\\CENGE\\Desktop\\thesis\\backend\\vendor\\laravel\\framework\\src\\Illuminate\\Foundation\\Application.php(1015): Illuminate\\Foundation\\Application->bootProvider(Object(App\\Providers\\AppServiceProvider))
#27 [internal function]: Illuminate\\Foundation\\Application->Illuminate\\Foundation\\{closure}(Object(App\\Providers\\AppServiceProvider), 20)
#28 C:\\Users\\CENGE\\Desktop\\thesis\\backend\\vendor\\laravel\\framework\\src\\Illuminate\\Foundation\\Application.php(1014): array_walk(Array, Object(Closure))
#29 C:\\Users\\CENGE\\Desktop\\thesis\\backend\\vendor\\laravel\\framework\\src\\Illuminate\\Foundation\\Bootstrap\\BootProviders.php(17): Illuminate\\Foundation\\Application->boot()
#30 C:\\Users\\CENGE\\Desktop\\thesis\\backend\\vendor\\laravel\\framework\\src\\Illuminate\\Foundation\\Application.php(263): Illuminate\\Foundation\\Bootstrap\\BootProviders->bootstrap(Object(Illuminate\\Foundation\\Application))
#31 C:\\Users\\CENGE\\Desktop\\thesis\\backend\\vendor\\laravel\\framework\\src\\Illuminate\\Foundation\\Http\\Kernel.php(186): Illuminate\\Foundation\\Application->bootstrapWith(Array)
#32 C:\\Users\\CENGE\\Desktop\\thesis\\backend\\vendor\\laravel\\framework\\src\\Illuminate\\Foundation\\Http\\Kernel.php(170): Illuminate\\Foundation\\Http\\Kernel->bootstrap()
#33 C:\\Users\\CENGE\\Desktop\\thesis\\backend\\vendor\\laravel\\framework\\src\\Illuminate\\Foundation\\Http\\Kernel.php(144): Illuminate\\Foundation\\Http\\Kernel->sendRequestThroughRouter(Object(Illuminate\\Http\\Request))
#34 C:\\Users\\CENGE\\Desktop\\thesis\\backend\\public\\index.php(51): Illuminate\\Foundation\\Http\\Kernel->handle(Object(Illuminate\\Http\\Request))
#35 C:\\Users\\CENGE\\Desktop\\thesis\\backend\\vendor\\laravel\\framework\\src\\Illuminate\\Foundation\\resources\\server.php(16): require_once('C:\\\\Users\\\\CENGE\\\\...')
#36 {main}

[previous exception] [object] (Illuminate\\Database\\SQLiteDatabaseDoesNotExistException(code: 0): Database file at path [database/database.sqlite] does not exist. Ensure this is an absolute path to the database. at C:\\Users\\CENGE\\Desktop\\thesis\\backend\\vendor\\laravel\\framework\\src\\Illuminate\\Database\\Connectors\\SQLiteConnector.php:34)
[stacktrace]
#0 C:\\Users\\CENGE\\Desktop\\thesis\\backend\\vendor\\laravel\\framework\\src\\Illuminate\\Database\\Connectors\\ConnectionFactory.php(221): Illuminate\\Database\\Connectors\\SQLiteConnector->connect(Array)
#1 [internal function]: Illuminate\\Database\\Connectors\\ConnectionFactory->Illuminate\\Database\\Connectors\\{closure}()
#2 C:\\Users\\CENGE\\Desktop\\thesis\\backend\\vendor\\laravel\\framework\\src\\Illuminate\\Database\\Connection.php(1339): call_user_func(Object(Closure))
#3 C:\\Users\\CENGE\\Desktop\\thesis\\backend\\vendor\\laravel\\framework\\src\\Illuminate\\Database\\Connection.php(581): Illuminate\\Database\\Connection->getPdo()
#4 C:\\Users\\CENGE\\Desktop\\thesis\\backend\\vendor\\laravel\\framework\\src\\Illuminate\\Database\\Connection.php(816): Illuminate\\Database\\Connection->Illuminate\\Database\\{closure}('PRAGMA foreign_...', Array)
#5 C:\\Users\\CENGE\\Desktop\\thesis\\backend\\vendor\\laravel\\framework\\src\\Illuminate\\Database\\Connection.php(783): Illuminate\\Database\\Connection->runQueryCallback('PRAGMA foreign_...', Array, Object(Closure))
#6 C:\\Users\\CENGE\\Desktop\\thesis\\backend\\vendor\\laravel\\framework\\src\\Illuminate\\Database\\Connection.php(576): Illuminate\\Database\\Connection->run('PRAGMA foreign_...', Array, Object(Closure))
#7 C:\\Users\\CENGE\\Desktop\\thesis\\backend\\vendor\\laravel\\framework\\src\\Illuminate\\Database\\Schema\\Builder.php(560): Illuminate\\Database\\Connection->statement('PRAGMA foreign_...')
#8 C:\\Users\\CENGE\\Desktop\\thesis\\backend\\vendor\\laravel\\framework\\src\\Illuminate\\Database\\SQLiteConnection.php(36): Illuminate\\Database\\Schema\\Builder->enableForeignKeyConstraints()
#9 C:\\Users\\CENGE\\Desktop\\thesis\\backend\\vendor\\laravel\\framework\\src\\Illuminate\\Database\\Connectors\\ConnectionFactory.php(272): Illuminate\\Database\\SQLiteConnection->__construct(Object(Closure), 'database/databa...', '', Array)
#10 C:\\Users\\CENGE\\Desktop\\thesis\\backend\\vendor\\laravel\\framework\\src\\Illuminate\\Database\\Connectors\\ConnectionFactory.php(75): Illuminate\\Database\\Connectors\\ConnectionFactory->createConnection('sqlite', Object(Closure), 'database/databa...', '', Array)
#11 C:\\Users\\CENGE\\Desktop\\thesis\\backend\\vendor\\laravel\\framework\\src\\Illuminate\\Database\\Connectors\\ConnectionFactory.php(50): Illuminate\\Database\\Connectors\\ConnectionFactory->createSingleConnection(Array)
#12 C:\\Users\\CENGE\\Desktop\\thesis\\backend\\vendor\\laravel\\framework\\src\\Illuminate\\Database\\DatabaseManager.php(175): Illuminate\\Database\\Connectors\\ConnectionFactory->make(Array, 'sqlite')
#13 C:\\Users\\CENGE\\Desktop\\thesis\\backend\\vendor\\laravel\\framework\\src\\Illuminate\\Database\\DatabaseManager.php(101): Illuminate\\Database\\DatabaseManager->makeConnection('sqlite')
#14 C:\\Users\\CENGE\\Desktop\\thesis\\backend\\vendor\\laravel\\framework\\src\\Illuminate\\Database\\DatabaseServiceProvider.php(74): Illuminate\\Database\\DatabaseManager->connection()
#15 C:\\Users\\CENGE\\Desktop\\thesis\\backend\\vendor\\laravel\\framework\\src\\Illuminate\\Container\\Container.php(908): Illuminate\\Database\\DatabaseServiceProvider->Illuminate\\Database\\{closure}(Object(Illuminate\\Foundation\\Application), Array)
#16 C:\\Users\\CENGE\\Desktop\\thesis\\backend\\vendor\\laravel\\framework\\src\\Illuminate\\Container\\Container.php(795): Illuminate\\Container\\Container->build(Object(Closure))
#17 C:\\Users\\CENGE\\Desktop\\thesis\\backend\\vendor\\laravel\\framework\\src\\Illuminate\\Foundation\\Application.php(961): Illuminate\\Container\\Container->resolve('db.schema', Array, true)
#18 C:\\Users\\CENGE\\Desktop\\thesis\\backend\\vendor\\laravel\\framework\\src\\Illuminate\\Container\\Container.php(731): Illuminate\\Foundation\\Application->resolve('db.schema', Array)
#19 C:\\Users\\CENGE\\Desktop\\thesis\\backend\\vendor\\laravel\\framework\\src\\Illuminate\\Foundation\\Application.php(946): Illuminate\\Container\\Container->make('db.schema', Array)
#20 C:\\Users\\CENGE\\Desktop\\thesis\\backend\\vendor\\laravel\\framework\\src\\Illuminate\\Container\\Container.php(1454): Illuminate\\Foundation\\Application->make('db.schema')
#21 C:\\Users\\CENGE\\Desktop\\thesis\\backend\\vendor\\laravel\\framework\\src\\Illuminate\\Support\\Facades\\Facade.php(240): Illuminate\\Container\\Container->offsetGet('db.schema')
#22 C:\\Users\\CENGE\\Desktop\\thesis\\backend\\vendor\\laravel\\framework\\src\\Illuminate\\Support\\Facades\\Facade.php(208): Illuminate\\Support\\Facades\\Facade::resolveFacadeInstance('db.schema')
#23 C:\\Users\\CENGE\\Desktop\\thesis\\backend\\vendor\\laravel\\framework\\src\\Illuminate\\Support\\Facades\\Facade.php(349): Illuminate\\Support\\Facades\\Facade::getFacadeRoot()
#24 C:\\Users\\CENGE\\Desktop\\thesis\\backend\\app\\Providers\\AppServiceProvider.php(22): Illuminate\\Support\\Facades\\Facade::__callStatic('defaultStringLe...', Array)
#25 C:\\Users\\CENGE\\Desktop\\thesis\\backend\\vendor\\laravel\\framework\\src\\Illuminate\\Container\\BoundMethod.php(36): App\\Providers\\AppServiceProvider->boot()
#26 C:\\Users\\CENGE\\Desktop\\thesis\\backend\\vendor\\laravel\\framework\\src\\Illuminate\\Container\\Util.php(41): Illuminate\\Container\\BoundMethod::Illuminate\\Container\\{closure}()
#27 C:\\Users\\CENGE\\Desktop\\thesis\\backend\\vendor\\laravel\\framework\\src\\Illuminate\\Container\\BoundMethod.php(93): Illuminate\\Container\\Util::unwrapIfClosure(Object(Closure))
#28 C:\\Users\\CENGE\\Desktop\\thesis\\backend\\vendor\\laravel\\framework\\src\\Illuminate\\Container\\BoundMethod.php(35): Illuminate\\Container\\BoundMethod::callBoundMethod(Object(Illuminate\\Foundation\\Application), Array, Object(Closure))
#29 C:\\Users\\CENGE\\Desktop\\thesis\\backend\\vendor\\laravel\\framework\\src\\Illuminate\\Container\\Container.php(662): Illuminate\\Container\\BoundMethod::call(Object(Illuminate\\Foundation\\Application), Array, Array, NULL)
#30 C:\\Users\\CENGE\\Desktop\\thesis\\backend\\vendor\\laravel\\framework\\src\\Illuminate\\Foundation\\Application.php(1034): Illuminate\\Container\\Container->call(Array)
#31 C:\\Users\\CENGE\\Desktop\\thesis\\backend\\vendor\\laravel\\framework\\src\\Illuminate\\Foundation\\Application.php(1015): Illuminate\\Foundation\\Application->bootProvider(Object(App\\Providers\\AppServiceProvider))
#32 [internal function]: Illuminate\\Foundation\\Application->Illuminate\\Foundation\\{closure}(Object(App\\Providers\\AppServiceProvider), 20)
#33 C:\\Users\\CENGE\\Desktop\\thesis\\backend\\vendor\\laravel\\framework\\src\\Illuminate\\Foundation\\Application.php(1014): array_walk(Array, Object(Closure))
#34 C:\\Users\\CENGE\\Desktop\\thesis\\backend\\vendor\\laravel\\framework\\src\\Illuminate\\Foundation\\Bootstrap\\BootProviders.php(17): Illuminate\\Foundation\\Application->boot()
#35 C:\\Users\\CENGE\\Desktop\\thesis\\backend\\vendor\\laravel\\framework\\src\\Illuminate\\Foundation\\Application.php(263): Illuminate\\Foundation\\Bootstrap\\BootProviders->bootstrap(Object(Illuminate\\Foundation\\Application))
#36 C:\\Users\\CENGE\\Desktop\\thesis\\backend\\vendor\\laravel\\framework\\src\\Illuminate\\Foundation\\Http\\Kernel.php(186): Illuminate\\Foundation\\Application->bootstrapWith(Array)
#37 C:\\Users\\CENGE\\Desktop\\thesis\\backend\\vendor\\laravel\\framework\\src\\Illuminate\\Foundation\\Http\\Kernel.php(170): Illuminate\\Foundation\\Http\\Kernel->bootstrap()
#38 C:\\Users\\CENGE\\Desktop\\thesis\\backend\\vendor\\laravel\\framework\\src\\Illuminate\\Foundation\\Http\\Kernel.php(144): Illuminate\\Foundation\\Http\\Kernel->sendRequestThroughRouter(Object(Illuminate\\Http\\Request))
#39 C:\\Users\\CENGE\\Desktop\\thesis\\backend\\public\\index.php(51): Illuminate\\Foundation\\Http\\Kernel->handle(Object(Illuminate\\Http\\Request))
#40 C:\\Users\\CENGE\\Desktop\\thesis\\backend\\vendor\\laravel\\framework\\src\\Illuminate\\Foundation\\resources\\server.php(16): require_once('C:\\\\Users\\\\CENGE\\\\...')
#41 {main}
"} 
[2025-02-23 20:17:05] local.ERROR: Database file at path [database/database.sqlite] does not exist. Ensure this is an absolute path to the database. (Connection: sqlite, SQL: PRAGMA foreign_keys = ON;) {"exception":"[object] (Illuminate\\Database\\QueryException(code: 0): Database file at path [database/database.sqlite] does not exist. Ensure this is an absolute path to the database. (Connection: sqlite, SQL: PRAGMA foreign_keys = ON;) at C:\\Users\\CENGE\\Desktop\\thesis\\backend\\vendor\\laravel\\framework\\src\\Illuminate\\Database\\Connection.php:829)
[stacktrace]
#0 C:\\Users\\CENGE\\Desktop\\thesis\\backend\\vendor\\laravel\\framework\\src\\Illuminate\\Database\\Connection.php(783): Illuminate\\Database\\Connection->runQueryCallback('PRAGMA foreign_...', Array, Object(Closure))
#1 C:\\Users\\CENGE\\Desktop\\thesis\\backend\\vendor\\laravel\\framework\\src\\Illuminate\\Database\\Connection.php(576): Illuminate\\Database\\Connection->run('PRAGMA foreign_...', Array, Object(Closure))
#2 C:\\Users\\CENGE\\Desktop\\thesis\\backend\\vendor\\laravel\\framework\\src\\Illuminate\\Database\\Schema\\Builder.php(560): Illuminate\\Database\\Connection->statement('PRAGMA foreign_...')
#3 C:\\Users\\CENGE\\Desktop\\thesis\\backend\\vendor\\laravel\\framework\\src\\Illuminate\\Database\\SQLiteConnection.php(36): Illuminate\\Database\\Schema\\Builder->enableForeignKeyConstraints()
#4 C:\\Users\\CENGE\\Desktop\\thesis\\backend\\vendor\\laravel\\framework\\src\\Illuminate\\Database\\Connectors\\ConnectionFactory.php(272): Illuminate\\Database\\SQLiteConnection->__construct(Object(Closure), 'database/databa...', '', Array)
#5 C:\\Users\\CENGE\\Desktop\\thesis\\backend\\vendor\\laravel\\framework\\src\\Illuminate\\Database\\Connectors\\ConnectionFactory.php(75): Illuminate\\Database\\Connectors\\ConnectionFactory->createConnection('sqlite', Object(Closure), 'database/databa...', '', Array)
#6 C:\\Users\\CENGE\\Desktop\\thesis\\backend\\vendor\\laravel\\framework\\src\\Illuminate\\Database\\Connectors\\ConnectionFactory.php(50): Illuminate\\Database\\Connectors\\ConnectionFactory->createSingleConnection(Array)
#7 C:\\Users\\CENGE\\Desktop\\thesis\\backend\\vendor\\laravel\\framework\\src\\Illuminate\\Database\\DatabaseManager.php(175): Illuminate\\Database\\Connectors\\ConnectionFactory->make(Array, 'sqlite')
#8 C:\\Users\\CENGE\\Desktop\\thesis\\backend\\vendor\\laravel\\framework\\src\\Illuminate\\Database\\DatabaseManager.php(101): Illuminate\\Database\\DatabaseManager->makeConnection('sqlite')
#9 C:\\Users\\CENGE\\Desktop\\thesis\\backend\\vendor\\laravel\\framework\\src\\Illuminate\\Database\\DatabaseServiceProvider.php(74): Illuminate\\Database\\DatabaseManager->connection()
#10 C:\\Users\\CENGE\\Desktop\\thesis\\backend\\vendor\\laravel\\framework\\src\\Illuminate\\Container\\Container.php(908): Illuminate\\Database\\DatabaseServiceProvider->Illuminate\\Database\\{closure}(Object(Illuminate\\Foundation\\Application), Array)
#11 C:\\Users\\CENGE\\Desktop\\thesis\\backend\\vendor\\laravel\\framework\\src\\Illuminate\\Container\\Container.php(795): Illuminate\\Container\\Container->build(Object(Closure))
#12 C:\\Users\\CENGE\\Desktop\\thesis\\backend\\vendor\\laravel\\framework\\src\\Illuminate\\Foundation\\Application.php(961): Illuminate\\Container\\Container->resolve('db.schema', Array, true)
#13 C:\\Users\\CENGE\\Desktop\\thesis\\backend\\vendor\\laravel\\framework\\src\\Illuminate\\Container\\Container.php(731): Illuminate\\Foundation\\Application->resolve('db.schema', Array)
#14 C:\\Users\\CENGE\\Desktop\\thesis\\backend\\vendor\\laravel\\framework\\src\\Illuminate\\Foundation\\Application.php(946): Illuminate\\Container\\Container->make('db.schema', Array)
#15 C:\\Users\\CENGE\\Desktop\\thesis\\backend\\vendor\\laravel\\framework\\src\\Illuminate\\Container\\Container.php(1454): Illuminate\\Foundation\\Application->make('db.schema')
#16 C:\\Users\\CENGE\\Desktop\\thesis\\backend\\vendor\\laravel\\framework\\src\\Illuminate\\Support\\Facades\\Facade.php(240): Illuminate\\Container\\Container->offsetGet('db.schema')
#17 C:\\Users\\CENGE\\Desktop\\thesis\\backend\\vendor\\laravel\\framework\\src\\Illuminate\\Support\\Facades\\Facade.php(208): Illuminate\\Support\\Facades\\Facade::resolveFacadeInstance('db.schema')
#18 C:\\Users\\CENGE\\Desktop\\thesis\\backend\\vendor\\laravel\\framework\\src\\Illuminate\\Support\\Facades\\Facade.php(349): Illuminate\\Support\\Facades\\Facade::getFacadeRoot()
#19 C:\\Users\\CENGE\\Desktop\\thesis\\backend\\app\\Providers\\AppServiceProvider.php(22): Illuminate\\Support\\Facades\\Facade::__callStatic('defaultStringLe...', Array)
#20 C:\\Users\\CENGE\\Desktop\\thesis\\backend\\vendor\\laravel\\framework\\src\\Illuminate\\Container\\BoundMethod.php(36): App\\Providers\\AppServiceProvider->boot()
#21 C:\\Users\\CENGE\\Desktop\\thesis\\backend\\vendor\\laravel\\framework\\src\\Illuminate\\Container\\Util.php(41): Illuminate\\Container\\BoundMethod::Illuminate\\Container\\{closure}()
#22 C:\\Users\\CENGE\\Desktop\\thesis\\backend\\vendor\\laravel\\framework\\src\\Illuminate\\Container\\BoundMethod.php(93): Illuminate\\Container\\Util::unwrapIfClosure(Object(Closure))
#23 C:\\Users\\CENGE\\Desktop\\thesis\\backend\\vendor\\laravel\\framework\\src\\Illuminate\\Container\\BoundMethod.php(35): Illuminate\\Container\\BoundMethod::callBoundMethod(Object(Illuminate\\Foundation\\Application), Array, Object(Closure))
#24 C:\\Users\\CENGE\\Desktop\\thesis\\backend\\vendor\\laravel\\framework\\src\\Illuminate\\Container\\Container.php(662): Illuminate\\Container\\BoundMethod::call(Object(Illuminate\\Foundation\\Application), Array, Array, NULL)
#25 C:\\Users\\CENGE\\Desktop\\thesis\\backend\\vendor\\laravel\\framework\\src\\Illuminate\\Foundation\\Application.php(1034): Illuminate\\Container\\Container->call(Array)
#26 C:\\Users\\CENGE\\Desktop\\thesis\\backend\\vendor\\laravel\\framework\\src\\Illuminate\\Foundation\\Application.php(1015): Illuminate\\Foundation\\Application->bootProvider(Object(App\\Providers\\AppServiceProvider))
#27 [internal function]: Illuminate\\Foundation\\Application->Illuminate\\Foundation\\{closure}(Object(App\\Providers\\AppServiceProvider), 20)
#28 C:\\Users\\CENGE\\Desktop\\thesis\\backend\\vendor\\laravel\\framework\\src\\Illuminate\\Foundation\\Application.php(1014): array_walk(Array, Object(Closure))
#29 C:\\Users\\CENGE\\Desktop\\thesis\\backend\\vendor\\laravel\\framework\\src\\Illuminate\\Foundation\\Bootstrap\\BootProviders.php(17): Illuminate\\Foundation\\Application->boot()
#30 C:\\Users\\CENGE\\Desktop\\thesis\\backend\\vendor\\laravel\\framework\\src\\Illuminate\\Foundation\\Application.php(263): Illuminate\\Foundation\\Bootstrap\\BootProviders->bootstrap(Object(Illuminate\\Foundation\\Application))
#31 C:\\Users\\CENGE\\Desktop\\thesis\\backend\\vendor\\laravel\\framework\\src\\Illuminate\\Foundation\\Http\\Kernel.php(186): Illuminate\\Foundation\\Application->bootstrapWith(Array)
#32 C:\\Users\\CENGE\\Desktop\\thesis\\backend\\vendor\\laravel\\framework\\src\\Illuminate\\Foundation\\Http\\Kernel.php(170): Illuminate\\Foundation\\Http\\Kernel->bootstrap()
#33 C:\\Users\\CENGE\\Desktop\\thesis\\backend\\vendor\\laravel\\framework\\src\\Illuminate\\Foundation\\Http\\Kernel.php(144): Illuminate\\Foundation\\Http\\Kernel->sendRequestThroughRouter(Object(Illuminate\\Http\\Request))
#34 C:\\Users\\CENGE\\Desktop\\thesis\\backend\\public\\index.php(51): Illuminate\\Foundation\\Http\\Kernel->handle(Object(Illuminate\\Http\\Request))
#35 C:\\Users\\CENGE\\Desktop\\thesis\\backend\\vendor\\laravel\\framework\\src\\Illuminate\\Foundation\\resources\\server.php(16): require_once('C:\\\\Users\\\\CENGE\\\\...')
#36 {main}

[previous exception] [object] (Illuminate\\Database\\SQLiteDatabaseDoesNotExistException(code: 0): Database file at path [database/database.sqlite] does not exist. Ensure this is an absolute path to the database. at C:\\Users\\CENGE\\Desktop\\thesis\\backend\\vendor\\laravel\\framework\\src\\Illuminate\\Database\\Connectors\\SQLiteConnector.php:34)
[stacktrace]
#0 C:\\Users\\CENGE\\Desktop\\thesis\\backend\\vendor\\laravel\\framework\\src\\Illuminate\\Database\\Connectors\\ConnectionFactory.php(221): Illuminate\\Database\\Connectors\\SQLiteConnector->connect(Array)
#1 [internal function]: Illuminate\\Database\\Connectors\\ConnectionFactory->Illuminate\\Database\\Connectors\\{closure}()
#2 C:\\Users\\CENGE\\Desktop\\thesis\\backend\\vendor\\laravel\\framework\\src\\Illuminate\\Database\\Connection.php(1339): call_user_func(Object(Closure))
#3 C:\\Users\\CENGE\\Desktop\\thesis\\backend\\vendor\\laravel\\framework\\src\\Illuminate\\Database\\Connection.php(581): Illuminate\\Database\\Connection->getPdo()
#4 C:\\Users\\CENGE\\Desktop\\thesis\\backend\\vendor\\laravel\\framework\\src\\Illuminate\\Database\\Connection.php(816): Illuminate\\Database\\Connection->Illuminate\\Database\\{closure}('PRAGMA foreign_...', Array)
#5 C:\\Users\\CENGE\\Desktop\\thesis\\backend\\vendor\\laravel\\framework\\src\\Illuminate\\Database\\Connection.php(783): Illuminate\\Database\\Connection->runQueryCallback('PRAGMA foreign_...', Array, Object(Closure))
#6 C:\\Users\\CENGE\\Desktop\\thesis\\backend\\vendor\\laravel\\framework\\src\\Illuminate\\Database\\Connection.php(576): Illuminate\\Database\\Connection->run('PRAGMA foreign_...', Array, Object(Closure))
#7 C:\\Users\\CENGE\\Desktop\\thesis\\backend\\vendor\\laravel\\framework\\src\\Illuminate\\Database\\Schema\\Builder.php(560): Illuminate\\Database\\Connection->statement('PRAGMA foreign_...')
#8 C:\\Users\\CENGE\\Desktop\\thesis\\backend\\vendor\\laravel\\framework\\src\\Illuminate\\Database\\SQLiteConnection.php(36): Illuminate\\Database\\Schema\\Builder->enableForeignKeyConstraints()
#9 C:\\Users\\CENGE\\Desktop\\thesis\\backend\\vendor\\laravel\\framework\\src\\Illuminate\\Database\\Connectors\\ConnectionFactory.php(272): Illuminate\\Database\\SQLiteConnection->__construct(Object(Closure), 'database/databa...', '', Array)
#10 C:\\Users\\CENGE\\Desktop\\thesis\\backend\\vendor\\laravel\\framework\\src\\Illuminate\\Database\\Connectors\\ConnectionFactory.php(75): Illuminate\\Database\\Connectors\\ConnectionFactory->createConnection('sqlite', Object(Closure), 'database/databa...', '', Array)
#11 C:\\Users\\CENGE\\Desktop\\thesis\\backend\\vendor\\laravel\\framework\\src\\Illuminate\\Database\\Connectors\\ConnectionFactory.php(50): Illuminate\\Database\\Connectors\\ConnectionFactory->createSingleConnection(Array)
#12 C:\\Users\\CENGE\\Desktop\\thesis\\backend\\vendor\\laravel\\framework\\src\\Illuminate\\Database\\DatabaseManager.php(175): Illuminate\\Database\\Connectors\\ConnectionFactory->make(Array, 'sqlite')
#13 C:\\Users\\CENGE\\Desktop\\thesis\\backend\\vendor\\laravel\\framework\\src\\Illuminate\\Database\\DatabaseManager.php(101): Illuminate\\Database\\DatabaseManager->makeConnection('sqlite')
#14 C:\\Users\\CENGE\\Desktop\\thesis\\backend\\vendor\\laravel\\framework\\src\\Illuminate\\Database\\DatabaseServiceProvider.php(74): Illuminate\\Database\\DatabaseManager->connection()
#15 C:\\Users\\CENGE\\Desktop\\thesis\\backend\\vendor\\laravel\\framework\\src\\Illuminate\\Container\\Container.php(908): Illuminate\\Database\\DatabaseServiceProvider->Illuminate\\Database\\{closure}(Object(Illuminate\\Foundation\\Application), Array)
#16 C:\\Users\\CENGE\\Desktop\\thesis\\backend\\vendor\\laravel\\framework\\src\\Illuminate\\Container\\Container.php(795): Illuminate\\Container\\Container->build(Object(Closure))
#17 C:\\Users\\CENGE\\Desktop\\thesis\\backend\\vendor\\laravel\\framework\\src\\Illuminate\\Foundation\\Application.php(961): Illuminate\\Container\\Container->resolve('db.schema', Array, true)
#18 C:\\Users\\CENGE\\Desktop\\thesis\\backend\\vendor\\laravel\\framework\\src\\Illuminate\\Container\\Container.php(731): Illuminate\\Foundation\\Application->resolve('db.schema', Array)
#19 C:\\Users\\CENGE\\Desktop\\thesis\\backend\\vendor\\laravel\\framework\\src\\Illuminate\\Foundation\\Application.php(946): Illuminate\\Container\\Container->make('db.schema', Array)
#20 C:\\Users\\CENGE\\Desktop\\thesis\\backend\\vendor\\laravel\\framework\\src\\Illuminate\\Container\\Container.php(1454): Illuminate\\Foundation\\Application->make('db.schema')
#21 C:\\Users\\CENGE\\Desktop\\thesis\\backend\\vendor\\laravel\\framework\\src\\Illuminate\\Support\\Facades\\Facade.php(240): Illuminate\\Container\\Container->offsetGet('db.schema')
#22 C:\\Users\\CENGE\\Desktop\\thesis\\backend\\vendor\\laravel\\framework\\src\\Illuminate\\Support\\Facades\\Facade.php(208): Illuminate\\Support\\Facades\\Facade::resolveFacadeInstance('db.schema')
#23 C:\\Users\\CENGE\\Desktop\\thesis\\backend\\vendor\\laravel\\framework\\src\\Illuminate\\Support\\Facades\\Facade.php(349): Illuminate\\Support\\Facades\\Facade::getFacadeRoot()
#24 C:\\Users\\CENGE\\Desktop\\thesis\\backend\\app\\Providers\\AppServiceProvider.php(22): Illuminate\\Support\\Facades\\Facade::__callStatic('defaultStringLe...', Array)
#25 C:\\Users\\CENGE\\Desktop\\thesis\\backend\\vendor\\laravel\\framework\\src\\Illuminate\\Container\\BoundMethod.php(36): App\\Providers\\AppServiceProvider->boot()
#26 C:\\Users\\CENGE\\Desktop\\thesis\\backend\\vendor\\laravel\\framework\\src\\Illuminate\\Container\\Util.php(41): Illuminate\\Container\\BoundMethod::Illuminate\\Container\\{closure}()
#27 C:\\Users\\CENGE\\Desktop\\thesis\\backend\\vendor\\laravel\\framework\\src\\Illuminate\\Container\\BoundMethod.php(93): Illuminate\\Container\\Util::unwrapIfClosure(Object(Closure))
#28 C:\\Users\\CENGE\\Desktop\\thesis\\backend\\vendor\\laravel\\framework\\src\\Illuminate\\Container\\BoundMethod.php(35): Illuminate\\Container\\BoundMethod::callBoundMethod(Object(Illuminate\\Foundation\\Application), Array, Object(Closure))
#29 C:\\Users\\CENGE\\Desktop\\thesis\\backend\\vendor\\laravel\\framework\\src\\Illuminate\\Container\\Container.php(662): Illuminate\\Container\\BoundMethod::call(Object(Illuminate\\Foundation\\Application), Array, Array, NULL)
#30 C:\\Users\\CENGE\\Desktop\\thesis\\backend\\vendor\\laravel\\framework\\src\\Illuminate\\Foundation\\Application.php(1034): Illuminate\\Container\\Container->call(Array)
#31 C:\\Users\\CENGE\\Desktop\\thesis\\backend\\vendor\\laravel\\framework\\src\\Illuminate\\Foundation\\Application.php(1015): Illuminate\\Foundation\\Application->bootProvider(Object(App\\Providers\\AppServiceProvider))
#32 [internal function]: Illuminate\\Foundation\\Application->Illuminate\\Foundation\\{closure}(Object(App\\Providers\\AppServiceProvider), 20)
#33 C:\\Users\\CENGE\\Desktop\\thesis\\backend\\vendor\\laravel\\framework\\src\\Illuminate\\Foundation\\Application.php(1014): array_walk(Array, Object(Closure))
#34 C:\\Users\\CENGE\\Desktop\\thesis\\backend\\vendor\\laravel\\framework\\src\\Illuminate\\Foundation\\Bootstrap\\BootProviders.php(17): Illuminate\\Foundation\\Application->boot()
#35 C:\\Users\\CENGE\\Desktop\\thesis\\backend\\vendor\\laravel\\framework\\src\\Illuminate\\Foundation\\Application.php(263): Illuminate\\Foundation\\Bootstrap\\BootProviders->bootstrap(Object(Illuminate\\Foundation\\Application))
#36 C:\\Users\\CENGE\\Desktop\\thesis\\backend\\vendor\\laravel\\framework\\src\\Illuminate\\Foundation\\Http\\Kernel.php(186): Illuminate\\Foundation\\Application->bootstrapWith(Array)
#37 C:\\Users\\CENGE\\Desktop\\thesis\\backend\\vendor\\laravel\\framework\\src\\Illuminate\\Foundation\\Http\\Kernel.php(170): Illuminate\\Foundation\\Http\\Kernel->bootstrap()
#38 C:\\Users\\CENGE\\Desktop\\thesis\\backend\\vendor\\laravel\\framework\\src\\Illuminate\\Foundation\\Http\\Kernel.php(144): Illuminate\\Foundation\\Http\\Kernel->sendRequestThroughRouter(Object(Illuminate\\Http\\Request))
#39 C:\\Users\\CENGE\\Desktop\\thesis\\backend\\public\\index.php(51): Illuminate\\Foundation\\Http\\Kernel->handle(Object(Illuminate\\Http\\Request))
#40 C:\\Users\\CENGE\\Desktop\\thesis\\backend\\vendor\\laravel\\framework\\src\\Illuminate\\Foundation\\resources\\server.php(16): require_once('C:\\\\Users\\\\CENGE\\\\...')
#41 {main}
"} 
[2025-02-23 20:33:45] laravel.EMERGENCY: Unable to create configured logger. Using emergency logger. {"exception":"[object] (InvalidArgumentException(code: 0): Log [] is not defined. at C:\\Users\\CENGE\\Desktop\\thesis\\backend\\vendor\\laravel\\framework\\src\\Illuminate\\Log\\LogManager.php:212)
[stacktrace]
#0 C:\\Users\\CENGE\\Desktop\\thesis\\backend\\vendor\\laravel\\framework\\src\\Illuminate\\Log\\LogManager.php(137): Illuminate\\Log\\LogManager->resolve(NULL, NULL)
#1 C:\\Users\\CENGE\\Desktop\\thesis\\backend\\vendor\\laravel\\framework\\src\\Illuminate\\Log\\LogManager.php(124): Illuminate\\Log\\LogManager->get(NULL)
#2 C:\\Users\\CENGE\\Desktop\\thesis\\backend\\vendor\\laravel\\framework\\src\\Illuminate\\Log\\LogManager.php(681): Illuminate\\Log\\LogManager->driver()
#3 C:\\Users\\CENGE\\Desktop\\thesis\\backend\\vendor\\laravel\\framework\\src\\Illuminate\\Foundation\\Exceptions\\Handler.php(317): Illuminate\\Log\\LogManager->error('syntax error, u...', Array)
#4 C:\\Users\\CENGE\\Desktop\\thesis\\backend\\vendor\\laravel\\framework\\src\\Illuminate\\Foundation\\Exceptions\\Handler.php(278): Illuminate\\Foundation\\Exceptions\\Handler->reportThrowable(Object(ParseError))
#5 C:\\Users\\CENGE\\Desktop\\thesis\\backend\\vendor\\laravel\\framework\\src\\Illuminate\\Foundation\\Console\\Kernel.php(523): Illuminate\\Foundation\\Exceptions\\Handler->report(Object(ParseError))
#6 C:\\Users\\CENGE\\Desktop\\thesis\\backend\\vendor\\laravel\\framework\\src\\Illuminate\\Foundation\\Console\\Kernel.php(203): Illuminate\\Foundation\\Console\\Kernel->reportException(Object(ParseError))
#7 C:\\Users\\CENGE\\Desktop\\thesis\\backend\\artisan(35): Illuminate\\Foundation\\Console\\Kernel->handle(Object(Symfony\\Component\\Console\\Input\\ArgvInput), Object(Symfony\\Component\\Console\\Output\\ConsoleOutput))
#8 {main}
"} 
[2025-02-23 20:33:45] laravel.ERROR: syntax error, unexpected token ";", expecting "]" {"exception":"[object] (ParseError(code: 0): syntax error, unexpected token \";\", expecting \"]\" at C:\\Users\\CENGE\\Desktop\\thesis\\backend\\config\\cors.php:29)
[stacktrace]
#0 C:\\Users\\CENGE\\Desktop\\thesis\\backend\\vendor\\laravel\\framework\\src\\Illuminate\\Foundation\\Bootstrap\\LoadConfiguration.php(39): Illuminate\\Foundation\\Bootstrap\\LoadConfiguration->loadConfigurationFiles(Object(Illuminate\\Foundation\\Application), Object(Illuminate\\Config\\Repository))
#1 C:\\Users\\CENGE\\Desktop\\thesis\\backend\\vendor\\laravel\\framework\\src\\Illuminate\\Foundation\\Application.php(263): Illuminate\\Foundation\\Bootstrap\\LoadConfiguration->bootstrap(Object(Illuminate\\Foundation\\Application))
#2 C:\\Users\\CENGE\\Desktop\\thesis\\backend\\vendor\\laravel\\framework\\src\\Illuminate\\Foundation\\Console\\Kernel.php(447): Illuminate\\Foundation\\Application->bootstrapWith(Array)
#3 C:\\Users\\CENGE\\Desktop\\thesis\\backend\\vendor\\laravel\\framework\\src\\Illuminate\\Foundation\\Console\\Kernel.php(199): Illuminate\\Foundation\\Console\\Kernel->bootstrap()
#4 C:\\Users\\CENGE\\Desktop\\thesis\\backend\\artisan(35): Illuminate\\Foundation\\Console\\Kernel->handle(Object(Symfony\\Component\\Console\\Input\\ArgvInput), Object(Symfony\\Component\\Console\\Output\\ConsoleOutput))
#5 {main}
"} 
[2025-02-23 20:37:48] local.ERROR: Database file at path [database/database.sqlite] does not exist. Ensure this is an absolute path to the database. (Connection: sqlite, SQL: PRAGMA foreign_keys = ON;) {"exception":"[object] (Illuminate\\Database\\QueryException(code: 0): Database file at path [database/database.sqlite] does not exist. Ensure this is an absolute path to the database. (Connection: sqlite, SQL: PRAGMA foreign_keys = ON;) at C:\\Users\\CENGE\\Desktop\\thesis\\backend\\vendor\\laravel\\framework\\src\\Illuminate\\Database\\Connection.php:829)
[stacktrace]
#0 C:\\Users\\CENGE\\Desktop\\thesis\\backend\\vendor\\laravel\\framework\\src\\Illuminate\\Database\\Connection.php(783): Illuminate\\Database\\Connection->runQueryCallback('PRAGMA foreign_...', Array, Object(Closure))
#1 C:\\Users\\CENGE\\Desktop\\thesis\\backend\\vendor\\laravel\\framework\\src\\Illuminate\\Database\\Connection.php(576): Illuminate\\Database\\Connection->run('PRAGMA foreign_...', Array, Object(Closure))
#2 C:\\Users\\CENGE\\Desktop\\thesis\\backend\\vendor\\laravel\\framework\\src\\Illuminate\\Database\\Schema\\Builder.php(560): Illuminate\\Database\\Connection->statement('PRAGMA foreign_...')
#3 C:\\Users\\CENGE\\Desktop\\thesis\\backend\\vendor\\laravel\\framework\\src\\Illuminate\\Database\\SQLiteConnection.php(36): Illuminate\\Database\\Schema\\Builder->enableForeignKeyConstraints()
#4 C:\\Users\\CENGE\\Desktop\\thesis\\backend\\vendor\\laravel\\framework\\src\\Illuminate\\Database\\Connectors\\ConnectionFactory.php(272): Illuminate\\Database\\SQLiteConnection->__construct(Object(Closure), 'database/databa...', '', Array)
#5 C:\\Users\\CENGE\\Desktop\\thesis\\backend\\vendor\\laravel\\framework\\src\\Illuminate\\Database\\Connectors\\ConnectionFactory.php(75): Illuminate\\Database\\Connectors\\ConnectionFactory->createConnection('sqlite', Object(Closure), 'database/databa...', '', Array)
#6 C:\\Users\\CENGE\\Desktop\\thesis\\backend\\vendor\\laravel\\framework\\src\\Illuminate\\Database\\Connectors\\ConnectionFactory.php(50): Illuminate\\Database\\Connectors\\ConnectionFactory->createSingleConnection(Array)
#7 C:\\Users\\CENGE\\Desktop\\thesis\\backend\\vendor\\laravel\\framework\\src\\Illuminate\\Database\\DatabaseManager.php(175): Illuminate\\Database\\Connectors\\ConnectionFactory->make(Array, 'sqlite')
#8 C:\\Users\\CENGE\\Desktop\\thesis\\backend\\vendor\\laravel\\framework\\src\\Illuminate\\Database\\DatabaseManager.php(101): Illuminate\\Database\\DatabaseManager->makeConnection('sqlite')
#9 C:\\Users\\CENGE\\Desktop\\thesis\\backend\\vendor\\laravel\\framework\\src\\Illuminate\\Database\\DatabaseServiceProvider.php(74): Illuminate\\Database\\DatabaseManager->connection()
#10 C:\\Users\\CENGE\\Desktop\\thesis\\backend\\vendor\\laravel\\framework\\src\\Illuminate\\Container\\Container.php(908): Illuminate\\Database\\DatabaseServiceProvider->Illuminate\\Database\\{closure}(Object(Illuminate\\Foundation\\Application), Array)
#11 C:\\Users\\CENGE\\Desktop\\thesis\\backend\\vendor\\laravel\\framework\\src\\Illuminate\\Container\\Container.php(795): Illuminate\\Container\\Container->build(Object(Closure))
#12 C:\\Users\\CENGE\\Desktop\\thesis\\backend\\vendor\\laravel\\framework\\src\\Illuminate\\Foundation\\Application.php(961): Illuminate\\Container\\Container->resolve('db.schema', Array, true)
#13 C:\\Users\\CENGE\\Desktop\\thesis\\backend\\vendor\\laravel\\framework\\src\\Illuminate\\Container\\Container.php(731): Illuminate\\Foundation\\Application->resolve('db.schema', Array)
#14 C:\\Users\\CENGE\\Desktop\\thesis\\backend\\vendor\\laravel\\framework\\src\\Illuminate\\Foundation\\Application.php(946): Illuminate\\Container\\Container->make('db.schema', Array)
#15 C:\\Users\\CENGE\\Desktop\\thesis\\backend\\vendor\\laravel\\framework\\src\\Illuminate\\Container\\Container.php(1454): Illuminate\\Foundation\\Application->make('db.schema')
#16 C:\\Users\\CENGE\\Desktop\\thesis\\backend\\vendor\\laravel\\framework\\src\\Illuminate\\Support\\Facades\\Facade.php(240): Illuminate\\Container\\Container->offsetGet('db.schema')
#17 C:\\Users\\CENGE\\Desktop\\thesis\\backend\\vendor\\laravel\\framework\\src\\Illuminate\\Support\\Facades\\Facade.php(208): Illuminate\\Support\\Facades\\Facade::resolveFacadeInstance('db.schema')
#18 C:\\Users\\CENGE\\Desktop\\thesis\\backend\\vendor\\laravel\\framework\\src\\Illuminate\\Support\\Facades\\Facade.php(349): Illuminate\\Support\\Facades\\Facade::getFacadeRoot()
#19 C:\\Users\\CENGE\\Desktop\\thesis\\backend\\app\\Providers\\AppServiceProvider.php(22): Illuminate\\Support\\Facades\\Facade::__callStatic('defaultStringLe...', Array)
#20 C:\\Users\\CENGE\\Desktop\\thesis\\backend\\vendor\\laravel\\framework\\src\\Illuminate\\Container\\BoundMethod.php(36): App\\Providers\\AppServiceProvider->boot()
#21 C:\\Users\\CENGE\\Desktop\\thesis\\backend\\vendor\\laravel\\framework\\src\\Illuminate\\Container\\Util.php(41): Illuminate\\Container\\BoundMethod::Illuminate\\Container\\{closure}()
#22 C:\\Users\\CENGE\\Desktop\\thesis\\backend\\vendor\\laravel\\framework\\src\\Illuminate\\Container\\BoundMethod.php(93): Illuminate\\Container\\Util::unwrapIfClosure(Object(Closure))
#23 C:\\Users\\CENGE\\Desktop\\thesis\\backend\\vendor\\laravel\\framework\\src\\Illuminate\\Container\\BoundMethod.php(35): Illuminate\\Container\\BoundMethod::callBoundMethod(Object(Illuminate\\Foundation\\Application), Array, Object(Closure))
#24 C:\\Users\\CENGE\\Desktop\\thesis\\backend\\vendor\\laravel\\framework\\src\\Illuminate\\Container\\Container.php(662): Illuminate\\Container\\BoundMethod::call(Object(Illuminate\\Foundation\\Application), Array, Array, NULL)
#25 C:\\Users\\CENGE\\Desktop\\thesis\\backend\\vendor\\laravel\\framework\\src\\Illuminate\\Foundation\\Application.php(1034): Illuminate\\Container\\Container->call(Array)
#26 C:\\Users\\CENGE\\Desktop\\thesis\\backend\\vendor\\laravel\\framework\\src\\Illuminate\\Foundation\\Application.php(1015): Illuminate\\Foundation\\Application->bootProvider(Object(App\\Providers\\AppServiceProvider))
#27 [internal function]: Illuminate\\Foundation\\Application->Illuminate\\Foundation\\{closure}(Object(App\\Providers\\AppServiceProvider), 20)
#28 C:\\Users\\CENGE\\Desktop\\thesis\\backend\\vendor\\laravel\\framework\\src\\Illuminate\\Foundation\\Application.php(1014): array_walk(Array, Object(Closure))
#29 C:\\Users\\CENGE\\Desktop\\thesis\\backend\\vendor\\laravel\\framework\\src\\Illuminate\\Foundation\\Bootstrap\\BootProviders.php(17): Illuminate\\Foundation\\Application->boot()
#30 C:\\Users\\CENGE\\Desktop\\thesis\\backend\\vendor\\laravel\\framework\\src\\Illuminate\\Foundation\\Application.php(263): Illuminate\\Foundation\\Bootstrap\\BootProviders->bootstrap(Object(Illuminate\\Foundation\\Application))
#31 C:\\Users\\CENGE\\Desktop\\thesis\\backend\\vendor\\laravel\\framework\\src\\Illuminate\\Foundation\\Http\\Kernel.php(186): Illuminate\\Foundation\\Application->bootstrapWith(Array)
#32 C:\\Users\\CENGE\\Desktop\\thesis\\backend\\vendor\\laravel\\framework\\src\\Illuminate\\Foundation\\Http\\Kernel.php(170): Illuminate\\Foundation\\Http\\Kernel->bootstrap()
#33 C:\\Users\\CENGE\\Desktop\\thesis\\backend\\vendor\\laravel\\framework\\src\\Illuminate\\Foundation\\Http\\Kernel.php(144): Illuminate\\Foundation\\Http\\Kernel->sendRequestThroughRouter(Object(Illuminate\\Http\\Request))
#34 C:\\Users\\CENGE\\Desktop\\thesis\\backend\\public\\index.php(51): Illuminate\\Foundation\\Http\\Kernel->handle(Object(Illuminate\\Http\\Request))
#35 C:\\Users\\CENGE\\Desktop\\thesis\\backend\\vendor\\laravel\\framework\\src\\Illuminate\\Foundation\\resources\\server.php(16): require_once('C:\\\\Users\\\\CENGE\\\\...')
#36 {main}

[previous exception] [object] (Illuminate\\Database\\SQLiteDatabaseDoesNotExistException(code: 0): Database file at path [database/database.sqlite] does not exist. Ensure this is an absolute path to the database. at C:\\Users\\CENGE\\Desktop\\thesis\\backend\\vendor\\laravel\\framework\\src\\Illuminate\\Database\\Connectors\\SQLiteConnector.php:34)
[stacktrace]
#0 C:\\Users\\CENGE\\Desktop\\thesis\\backend\\vendor\\laravel\\framework\\src\\Illuminate\\Database\\Connectors\\ConnectionFactory.php(221): Illuminate\\Database\\Connectors\\SQLiteConnector->connect(Array)
#1 [internal function]: Illuminate\\Database\\Connectors\\ConnectionFactory->Illuminate\\Database\\Connectors\\{closure}()
#2 C:\\Users\\CENGE\\Desktop\\thesis\\backend\\vendor\\laravel\\framework\\src\\Illuminate\\Database\\Connection.php(1339): call_user_func(Object(Closure))
#3 C:\\Users\\CENGE\\Desktop\\thesis\\backend\\vendor\\laravel\\framework\\src\\Illuminate\\Database\\Connection.php(581): Illuminate\\Database\\Connection->getPdo()
#4 C:\\Users\\CENGE\\Desktop\\thesis\\backend\\vendor\\laravel\\framework\\src\\Illuminate\\Database\\Connection.php(816): Illuminate\\Database\\Connection->Illuminate\\Database\\{closure}('PRAGMA foreign_...', Array)
#5 C:\\Users\\CENGE\\Desktop\\thesis\\backend\\vendor\\laravel\\framework\\src\\Illuminate\\Database\\Connection.php(783): Illuminate\\Database\\Connection->runQueryCallback('PRAGMA foreign_...', Array, Object(Closure))
#6 C:\\Users\\CENGE\\Desktop\\thesis\\backend\\vendor\\laravel\\framework\\src\\Illuminate\\Database\\Connection.php(576): Illuminate\\Database\\Connection->run('PRAGMA foreign_...', Array, Object(Closure))
#7 C:\\Users\\CENGE\\Desktop\\thesis\\backend\\vendor\\laravel\\framework\\src\\Illuminate\\Database\\Schema\\Builder.php(560): Illuminate\\Database\\Connection->statement('PRAGMA foreign_...')
#8 C:\\Users\\CENGE\\Desktop\\thesis\\backend\\vendor\\laravel\\framework\\src\\Illuminate\\Database\\SQLiteConnection.php(36): Illuminate\\Database\\Schema\\Builder->enableForeignKeyConstraints()
#9 C:\\Users\\CENGE\\Desktop\\thesis\\backend\\vendor\\laravel\\framework\\src\\Illuminate\\Database\\Connectors\\ConnectionFactory.php(272): Illuminate\\Database\\SQLiteConnection->__construct(Object(Closure), 'database/databa...', '', Array)
#10 C:\\Users\\CENGE\\Desktop\\thesis\\backend\\vendor\\laravel\\framework\\src\\Illuminate\\Database\\Connectors\\ConnectionFactory.php(75): Illuminate\\Database\\Connectors\\ConnectionFactory->createConnection('sqlite', Object(Closure), 'database/databa...', '', Array)
#11 C:\\Users\\CENGE\\Desktop\\thesis\\backend\\vendor\\laravel\\framework\\src\\Illuminate\\Database\\Connectors\\ConnectionFactory.php(50): Illuminate\\Database\\Connectors\\ConnectionFactory->createSingleConnection(Array)
#12 C:\\Users\\CENGE\\Desktop\\thesis\\backend\\vendor\\laravel\\framework\\src\\Illuminate\\Database\\DatabaseManager.php(175): Illuminate\\Database\\Connectors\\ConnectionFactory->make(Array, 'sqlite')
#13 C:\\Users\\CENGE\\Desktop\\thesis\\backend\\vendor\\laravel\\framework\\src\\Illuminate\\Database\\DatabaseManager.php(101): Illuminate\\Database\\DatabaseManager->makeConnection('sqlite')
#14 C:\\Users\\CENGE\\Desktop\\thesis\\backend\\vendor\\laravel\\framework\\src\\Illuminate\\Database\\DatabaseServiceProvider.php(74): Illuminate\\Database\\DatabaseManager->connection()
#15 C:\\Users\\CENGE\\Desktop\\thesis\\backend\\vendor\\laravel\\framework\\src\\Illuminate\\Container\\Container.php(908): Illuminate\\Database\\DatabaseServiceProvider->Illuminate\\Database\\{closure}(Object(Illuminate\\Foundation\\Application), Array)
#16 C:\\Users\\CENGE\\Desktop\\thesis\\backend\\vendor\\laravel\\framework\\src\\Illuminate\\Container\\Container.php(795): Illuminate\\Container\\Container->build(Object(Closure))
#17 C:\\Users\\CENGE\\Desktop\\thesis\\backend\\vendor\\laravel\\framework\\src\\Illuminate\\Foundation\\Application.php(961): Illuminate\\Container\\Container->resolve('db.schema', Array, true)
#18 C:\\Users\\CENGE\\Desktop\\thesis\\backend\\vendor\\laravel\\framework\\src\\Illuminate\\Container\\Container.php(731): Illuminate\\Foundation\\Application->resolve('db.schema', Array)
#19 C:\\Users\\CENGE\\Desktop\\thesis\\backend\\vendor\\laravel\\framework\\src\\Illuminate\\Foundation\\Application.php(946): Illuminate\\Container\\Container->make('db.schema', Array)
#20 C:\\Users\\CENGE\\Desktop\\thesis\\backend\\vendor\\laravel\\framework\\src\\Illuminate\\Container\\Container.php(1454): Illuminate\\Foundation\\Application->make('db.schema')
#21 C:\\Users\\CENGE\\Desktop\\thesis\\backend\\vendor\\laravel\\framework\\src\\Illuminate\\Support\\Facades\\Facade.php(240): Illuminate\\Container\\Container->offsetGet('db.schema')
#22 C:\\Users\\CENGE\\Desktop\\thesis\\backend\\vendor\\laravel\\framework\\src\\Illuminate\\Support\\Facades\\Facade.php(208): Illuminate\\Support\\Facades\\Facade::resolveFacadeInstance('db.schema')
#23 C:\\Users\\CENGE\\Desktop\\thesis\\backend\\vendor\\laravel\\framework\\src\\Illuminate\\Support\\Facades\\Facade.php(349): Illuminate\\Support\\Facades\\Facade::getFacadeRoot()
#24 C:\\Users\\CENGE\\Desktop\\thesis\\backend\\app\\Providers\\AppServiceProvider.php(22): Illuminate\\Support\\Facades\\Facade::__callStatic('defaultStringLe...', Array)
#25 C:\\Users\\CENGE\\Desktop\\thesis\\backend\\vendor\\laravel\\framework\\src\\Illuminate\\Container\\BoundMethod.php(36): App\\Providers\\AppServiceProvider->boot()
#26 C:\\Users\\CENGE\\Desktop\\thesis\\backend\\vendor\\laravel\\framework\\src\\Illuminate\\Container\\Util.php(41): Illuminate\\Container\\BoundMethod::Illuminate\\Container\\{closure}()
#27 C:\\Users\\CENGE\\Desktop\\thesis\\backend\\vendor\\laravel\\framework\\src\\Illuminate\\Container\\BoundMethod.php(93): Illuminate\\Container\\Util::unwrapIfClosure(Object(Closure))
#28 C:\\Users\\CENGE\\Desktop\\thesis\\backend\\vendor\\laravel\\framework\\src\\Illuminate\\Container\\BoundMethod.php(35): Illuminate\\Container\\BoundMethod::callBoundMethod(Object(Illuminate\\Foundation\\Application), Array, Object(Closure))
#29 C:\\Users\\CENGE\\Desktop\\thesis\\backend\\vendor\\laravel\\framework\\src\\Illuminate\\Container\\Container.php(662): Illuminate\\Container\\BoundMethod::call(Object(Illuminate\\Foundation\\Application), Array, Array, NULL)
#30 C:\\Users\\CENGE\\Desktop\\thesis\\backend\\vendor\\laravel\\framework\\src\\Illuminate\\Foundation\\Application.php(1034): Illuminate\\Container\\Container->call(Array)
#31 C:\\Users\\CENGE\\Desktop\\thesis\\backend\\vendor\\laravel\\framework\\src\\Illuminate\\Foundation\\Application.php(1015): Illuminate\\Foundation\\Application->bootProvider(Object(App\\Providers\\AppServiceProvider))
#32 [internal function]: Illuminate\\Foundation\\Application->Illuminate\\Foundation\\{closure}(Object(App\\Providers\\AppServiceProvider), 20)
#33 C:\\Users\\CENGE\\Desktop\\thesis\\backend\\vendor\\laravel\\framework\\src\\Illuminate\\Foundation\\Application.php(1014): array_walk(Array, Object(Closure))
#34 C:\\Users\\CENGE\\Desktop\\thesis\\backend\\vendor\\laravel\\framework\\src\\Illuminate\\Foundation\\Bootstrap\\BootProviders.php(17): Illuminate\\Foundation\\Application->boot()
#35 C:\\Users\\CENGE\\Desktop\\thesis\\backend\\vendor\\laravel\\framework\\src\\Illuminate\\Foundation\\Application.php(263): Illuminate\\Foundation\\Bootstrap\\BootProviders->bootstrap(Object(Illuminate\\Foundation\\Application))
#36 C:\\Users\\CENGE\\Desktop\\thesis\\backend\\vendor\\laravel\\framework\\src\\Illuminate\\Foundation\\Http\\Kernel.php(186): Illuminate\\Foundation\\Application->bootstrapWith(Array)
#37 C:\\Users\\CENGE\\Desktop\\thesis\\backend\\vendor\\laravel\\framework\\src\\Illuminate\\Foundation\\Http\\Kernel.php(170): Illuminate\\Foundation\\Http\\Kernel->bootstrap()
#38 C:\\Users\\CENGE\\Desktop\\thesis\\backend\\vendor\\laravel\\framework\\src\\Illuminate\\Foundation\\Http\\Kernel.php(144): Illuminate\\Foundation\\Http\\Kernel->sendRequestThroughRouter(Object(Illuminate\\Http\\Request))
#39 C:\\Users\\CENGE\\Desktop\\thesis\\backend\\public\\index.php(51): Illuminate\\Foundation\\Http\\Kernel->handle(Object(Illuminate\\Http\\Request))
#40 C:\\Users\\CENGE\\Desktop\\thesis\\backend\\vendor\\laravel\\framework\\src\\Illuminate\\Foundation\\resources\\server.php(16): require_once('C:\\\\Users\\\\CENGE\\\\...')
#41 {main}
"} 
[2025-02-27 13:58:06] local.ERROR: Database file at path [database/database.sqlite] does not exist. Ensure this is an absolute path to the database. (Connection: sqlite, SQL: PRAGMA foreign_keys = ON;) {"exception":"[object] (Illuminate\\Database\\QueryException(code: 0): Database file at path [database/database.sqlite] does not exist. Ensure this is an absolute path to the database. (Connection: sqlite, SQL: PRAGMA foreign_keys = ON;) at C:\\Users\\CENGE\\Desktop\\thesis\\backend\\vendor\\laravel\\framework\\src\\Illuminate\\Database\\Connection.php:829)
[stacktrace]
#0 C:\\Users\\CENGE\\Desktop\\thesis\\backend\\vendor\\laravel\\framework\\src\\Illuminate\\Database\\Connection.php(783): Illuminate\\Database\\Connection->runQueryCallback('PRAGMA foreign_...', Array, Object(Closure))
#1 C:\\Users\\CENGE\\Desktop\\thesis\\backend\\vendor\\laravel\\framework\\src\\Illuminate\\Database\\Connection.php(576): Illuminate\\Database\\Connection->run('PRAGMA foreign_...', Array, Object(Closure))
#2 C:\\Users\\CENGE\\Desktop\\thesis\\backend\\vendor\\laravel\\framework\\src\\Illuminate\\Database\\Schema\\Builder.php(560): Illuminate\\Database\\Connection->statement('PRAGMA foreign_...')
#3 C:\\Users\\CENGE\\Desktop\\thesis\\backend\\vendor\\laravel\\framework\\src\\Illuminate\\Database\\SQLiteConnection.php(36): Illuminate\\Database\\Schema\\Builder->enableForeignKeyConstraints()
#4 C:\\Users\\CENGE\\Desktop\\thesis\\backend\\vendor\\laravel\\framework\\src\\Illuminate\\Database\\Connectors\\ConnectionFactory.php(272): Illuminate\\Database\\SQLiteConnection->__construct(Object(Closure), 'database/databa...', '', Array)
#5 C:\\Users\\CENGE\\Desktop\\thesis\\backend\\vendor\\laravel\\framework\\src\\Illuminate\\Database\\Connectors\\ConnectionFactory.php(75): Illuminate\\Database\\Connectors\\ConnectionFactory->createConnection('sqlite', Object(Closure), 'database/databa...', '', Array)
#6 C:\\Users\\CENGE\\Desktop\\thesis\\backend\\vendor\\laravel\\framework\\src\\Illuminate\\Database\\Connectors\\ConnectionFactory.php(50): Illuminate\\Database\\Connectors\\ConnectionFactory->createSingleConnection(Array)
#7 C:\\Users\\CENGE\\Desktop\\thesis\\backend\\vendor\\laravel\\framework\\src\\Illuminate\\Database\\DatabaseManager.php(175): Illuminate\\Database\\Connectors\\ConnectionFactory->make(Array, 'sqlite')
#8 C:\\Users\\CENGE\\Desktop\\thesis\\backend\\vendor\\laravel\\framework\\src\\Illuminate\\Database\\DatabaseManager.php(101): Illuminate\\Database\\DatabaseManager->makeConnection('sqlite')
#9 C:\\Users\\CENGE\\Desktop\\thesis\\backend\\vendor\\laravel\\framework\\src\\Illuminate\\Database\\DatabaseServiceProvider.php(74): Illuminate\\Database\\DatabaseManager->connection()
#10 C:\\Users\\CENGE\\Desktop\\thesis\\backend\\vendor\\laravel\\framework\\src\\Illuminate\\Container\\Container.php(908): Illuminate\\Database\\DatabaseServiceProvider->Illuminate\\Database\\{closure}(Object(Illuminate\\Foundation\\Application), Array)
#11 C:\\Users\\CENGE\\Desktop\\thesis\\backend\\vendor\\laravel\\framework\\src\\Illuminate\\Container\\Container.php(795): Illuminate\\Container\\Container->build(Object(Closure))
#12 C:\\Users\\CENGE\\Desktop\\thesis\\backend\\vendor\\laravel\\framework\\src\\Illuminate\\Foundation\\Application.php(961): Illuminate\\Container\\Container->resolve('db.schema', Array, true)
#13 C:\\Users\\CENGE\\Desktop\\thesis\\backend\\vendor\\laravel\\framework\\src\\Illuminate\\Container\\Container.php(731): Illuminate\\Foundation\\Application->resolve('db.schema', Array)
#14 C:\\Users\\CENGE\\Desktop\\thesis\\backend\\vendor\\laravel\\framework\\src\\Illuminate\\Foundation\\Application.php(946): Illuminate\\Container\\Container->make('db.schema', Array)
#15 C:\\Users\\CENGE\\Desktop\\thesis\\backend\\vendor\\laravel\\framework\\src\\Illuminate\\Container\\Container.php(1454): Illuminate\\Foundation\\Application->make('db.schema')
#16 C:\\Users\\CENGE\\Desktop\\thesis\\backend\\vendor\\laravel\\framework\\src\\Illuminate\\Support\\Facades\\Facade.php(240): Illuminate\\Container\\Container->offsetGet('db.schema')
#17 C:\\Users\\CENGE\\Desktop\\thesis\\backend\\vendor\\laravel\\framework\\src\\Illuminate\\Support\\Facades\\Facade.php(208): Illuminate\\Support\\Facades\\Facade::resolveFacadeInstance('db.schema')
#18 C:\\Users\\CENGE\\Desktop\\thesis\\backend\\vendor\\laravel\\framework\\src\\Illuminate\\Support\\Facades\\Facade.php(349): Illuminate\\Support\\Facades\\Facade::getFacadeRoot()
#19 C:\\Users\\CENGE\\Desktop\\thesis\\backend\\app\\Providers\\AppServiceProvider.php(22): Illuminate\\Support\\Facades\\Facade::__callStatic('defaultStringLe...', Array)
#20 C:\\Users\\CENGE\\Desktop\\thesis\\backend\\vendor\\laravel\\framework\\src\\Illuminate\\Container\\BoundMethod.php(36): App\\Providers\\AppServiceProvider->boot()
#21 C:\\Users\\CENGE\\Desktop\\thesis\\backend\\vendor\\laravel\\framework\\src\\Illuminate\\Container\\Util.php(41): Illuminate\\Container\\BoundMethod::Illuminate\\Container\\{closure}()
#22 C:\\Users\\CENGE\\Desktop\\thesis\\backend\\vendor\\laravel\\framework\\src\\Illuminate\\Container\\BoundMethod.php(93): Illuminate\\Container\\Util::unwrapIfClosure(Object(Closure))
#23 C:\\Users\\CENGE\\Desktop\\thesis\\backend\\vendor\\laravel\\framework\\src\\Illuminate\\Container\\BoundMethod.php(35): Illuminate\\Container\\BoundMethod::callBoundMethod(Object(Illuminate\\Foundation\\Application), Array, Object(Closure))
#24 C:\\Users\\CENGE\\Desktop\\thesis\\backend\\vendor\\laravel\\framework\\src\\Illuminate\\Container\\Container.php(662): Illuminate\\Container\\BoundMethod::call(Object(Illuminate\\Foundation\\Application), Array, Array, NULL)
#25 C:\\Users\\CENGE\\Desktop\\thesis\\backend\\vendor\\laravel\\framework\\src\\Illuminate\\Foundation\\Application.php(1034): Illuminate\\Container\\Container->call(Array)
#26 C:\\Users\\CENGE\\Desktop\\thesis\\backend\\vendor\\laravel\\framework\\src\\Illuminate\\Foundation\\Application.php(1015): Illuminate\\Foundation\\Application->bootProvider(Object(App\\Providers\\AppServiceProvider))
#27 [internal function]: Illuminate\\Foundation\\Application->Illuminate\\Foundation\\{closure}(Object(App\\Providers\\AppServiceProvider), 20)
#28 C:\\Users\\CENGE\\Desktop\\thesis\\backend\\vendor\\laravel\\framework\\src\\Illuminate\\Foundation\\Application.php(1014): array_walk(Array, Object(Closure))
#29 C:\\Users\\CENGE\\Desktop\\thesis\\backend\\vendor\\laravel\\framework\\src\\Illuminate\\Foundation\\Bootstrap\\BootProviders.php(17): Illuminate\\Foundation\\Application->boot()
#30 C:\\Users\\CENGE\\Desktop\\thesis\\backend\\vendor\\laravel\\framework\\src\\Illuminate\\Foundation\\Application.php(263): Illuminate\\Foundation\\Bootstrap\\BootProviders->bootstrap(Object(Illuminate\\Foundation\\Application))
#31 C:\\Users\\CENGE\\Desktop\\thesis\\backend\\vendor\\laravel\\framework\\src\\Illuminate\\Foundation\\Http\\Kernel.php(186): Illuminate\\Foundation\\Application->bootstrapWith(Array)
#32 C:\\Users\\CENGE\\Desktop\\thesis\\backend\\vendor\\laravel\\framework\\src\\Illuminate\\Foundation\\Http\\Kernel.php(170): Illuminate\\Foundation\\Http\\Kernel->bootstrap()
#33 C:\\Users\\CENGE\\Desktop\\thesis\\backend\\vendor\\laravel\\framework\\src\\Illuminate\\Foundation\\Http\\Kernel.php(144): Illuminate\\Foundation\\Http\\Kernel->sendRequestThroughRouter(Object(Illuminate\\Http\\Request))
#34 C:\\Users\\CENGE\\Desktop\\thesis\\backend\\public\\index.php(51): Illuminate\\Foundation\\Http\\Kernel->handle(Object(Illuminate\\Http\\Request))
#35 C:\\Users\\CENGE\\Desktop\\thesis\\backend\\vendor\\laravel\\framework\\src\\Illuminate\\Foundation\\resources\\server.php(16): require_once('C:\\\\Users\\\\CENGE\\\\...')
#36 {main}

[previous exception] [object] (Illuminate\\Database\\SQLiteDatabaseDoesNotExistException(code: 0): Database file at path [database/database.sqlite] does not exist. Ensure this is an absolute path to the database. at C:\\Users\\CENGE\\Desktop\\thesis\\backend\\vendor\\laravel\\framework\\src\\Illuminate\\Database\\Connectors\\SQLiteConnector.php:34)
[stacktrace]
#0 C:\\Users\\CENGE\\Desktop\\thesis\\backend\\vendor\\laravel\\framework\\src\\Illuminate\\Database\\Connectors\\ConnectionFactory.php(221): Illuminate\\Database\\Connectors\\SQLiteConnector->connect(Array)
#1 [internal function]: Illuminate\\Database\\Connectors\\ConnectionFactory->Illuminate\\Database\\Connectors\\{closure}()
#2 C:\\Users\\CENGE\\Desktop\\thesis\\backend\\vendor\\laravel\\framework\\src\\Illuminate\\Database\\Connection.php(1339): call_user_func(Object(Closure))
#3 C:\\Users\\CENGE\\Desktop\\thesis\\backend\\vendor\\laravel\\framework\\src\\Illuminate\\Database\\Connection.php(581): Illuminate\\Database\\Connection->getPdo()
#4 C:\\Users\\CENGE\\Desktop\\thesis\\backend\\vendor\\laravel\\framework\\src\\Illuminate\\Database\\Connection.php(816): Illuminate\\Database\\Connection->Illuminate\\Database\\{closure}('PRAGMA foreign_...', Array)
#5 C:\\Users\\CENGE\\Desktop\\thesis\\backend\\vendor\\laravel\\framework\\src\\Illuminate\\Database\\Connection.php(783): Illuminate\\Database\\Connection->runQueryCallback('PRAGMA foreign_...', Array, Object(Closure))
#6 C:\\Users\\CENGE\\Desktop\\thesis\\backend\\vendor\\laravel\\framework\\src\\Illuminate\\Database\\Connection.php(576): Illuminate\\Database\\Connection->run('PRAGMA foreign_...', Array, Object(Closure))
#7 C:\\Users\\CENGE\\Desktop\\thesis\\backend\\vendor\\laravel\\framework\\src\\Illuminate\\Database\\Schema\\Builder.php(560): Illuminate\\Database\\Connection->statement('PRAGMA foreign_...')
#8 C:\\Users\\CENGE\\Desktop\\thesis\\backend\\vendor\\laravel\\framework\\src\\Illuminate\\Database\\SQLiteConnection.php(36): Illuminate\\Database\\Schema\\Builder->enableForeignKeyConstraints()
#9 C:\\Users\\CENGE\\Desktop\\thesis\\backend\\vendor\\laravel\\framework\\src\\Illuminate\\Database\\Connectors\\ConnectionFactory.php(272): Illuminate\\Database\\SQLiteConnection->__construct(Object(Closure), 'database/databa...', '', Array)
#10 C:\\Users\\CENGE\\Desktop\\thesis\\backend\\vendor\\laravel\\framework\\src\\Illuminate\\Database\\Connectors\\ConnectionFactory.php(75): Illuminate\\Database\\Connectors\\ConnectionFactory->createConnection('sqlite', Object(Closure), 'database/databa...', '', Array)
#11 C:\\Users\\CENGE\\Desktop\\thesis\\backend\\vendor\\laravel\\framework\\src\\Illuminate\\Database\\Connectors\\ConnectionFactory.php(50): Illuminate\\Database\\Connectors\\ConnectionFactory->createSingleConnection(Array)
#12 C:\\Users\\CENGE\\Desktop\\thesis\\backend\\vendor\\laravel\\framework\\src\\Illuminate\\Database\\DatabaseManager.php(175): Illuminate\\Database\\Connectors\\ConnectionFactory->make(Array, 'sqlite')
#13 C:\\Users\\CENGE\\Desktop\\thesis\\backend\\vendor\\laravel\\framework\\src\\Illuminate\\Database\\DatabaseManager.php(101): Illuminate\\Database\\DatabaseManager->makeConnection('sqlite')
#14 C:\\Users\\CENGE\\Desktop\\thesis\\backend\\vendor\\laravel\\framework\\src\\Illuminate\\Database\\DatabaseServiceProvider.php(74): Illuminate\\Database\\DatabaseManager->connection()
#15 C:\\Users\\CENGE\\Desktop\\thesis\\backend\\vendor\\laravel\\framework\\src\\Illuminate\\Container\\Container.php(908): Illuminate\\Database\\DatabaseServiceProvider->Illuminate\\Database\\{closure}(Object(Illuminate\\Foundation\\Application), Array)
#16 C:\\Users\\CENGE\\Desktop\\thesis\\backend\\vendor\\laravel\\framework\\src\\Illuminate\\Container\\Container.php(795): Illuminate\\Container\\Container->build(Object(Closure))
#17 C:\\Users\\CENGE\\Desktop\\thesis\\backend\\vendor\\laravel\\framework\\src\\Illuminate\\Foundation\\Application.php(961): Illuminate\\Container\\Container->resolve('db.schema', Array, true)
#18 C:\\Users\\CENGE\\Desktop\\thesis\\backend\\vendor\\laravel\\framework\\src\\Illuminate\\Container\\Container.php(731): Illuminate\\Foundation\\Application->resolve('db.schema', Array)
#19 C:\\Users\\CENGE\\Desktop\\thesis\\backend\\vendor\\laravel\\framework\\src\\Illuminate\\Foundation\\Application.php(946): Illuminate\\Container\\Container->make('db.schema', Array)
#20 C:\\Users\\CENGE\\Desktop\\thesis\\backend\\vendor\\laravel\\framework\\src\\Illuminate\\Container\\Container.php(1454): Illuminate\\Foundation\\Application->make('db.schema')
#21 C:\\Users\\CENGE\\Desktop\\thesis\\backend\\vendor\\laravel\\framework\\src\\Illuminate\\Support\\Facades\\Facade.php(240): Illuminate\\Container\\Container->offsetGet('db.schema')
#22 C:\\Users\\CENGE\\Desktop\\thesis\\backend\\vendor\\laravel\\framework\\src\\Illuminate\\Support\\Facades\\Facade.php(208): Illuminate\\Support\\Facades\\Facade::resolveFacadeInstance('db.schema')
#23 C:\\Users\\CENGE\\Desktop\\thesis\\backend\\vendor\\laravel\\framework\\src\\Illuminate\\Support\\Facades\\Facade.php(349): Illuminate\\Support\\Facades\\Facade::getFacadeRoot()
#24 C:\\Users\\CENGE\\Desktop\\thesis\\backend\\app\\Providers\\AppServiceProvider.php(22): Illuminate\\Support\\Facades\\Facade::__callStatic('defaultStringLe...', Array)
#25 C:\\Users\\CENGE\\Desktop\\thesis\\backend\\vendor\\laravel\\framework\\src\\Illuminate\\Container\\BoundMethod.php(36): App\\Providers\\AppServiceProvider->boot()
#26 C:\\Users\\CENGE\\Desktop\\thesis\\backend\\vendor\\laravel\\framework\\src\\Illuminate\\Container\\Util.php(41): Illuminate\\Container\\BoundMethod::Illuminate\\Container\\{closure}()
#27 C:\\Users\\CENGE\\Desktop\\thesis\\backend\\vendor\\laravel\\framework\\src\\Illuminate\\Container\\BoundMethod.php(93): Illuminate\\Container\\Util::unwrapIfClosure(Object(Closure))
#28 C:\\Users\\CENGE\\Desktop\\thesis\\backend\\vendor\\laravel\\framework\\src\\Illuminate\\Container\\BoundMethod.php(35): Illuminate\\Container\\BoundMethod::callBoundMethod(Object(Illuminate\\Foundation\\Application), Array, Object(Closure))
#29 C:\\Users\\CENGE\\Desktop\\thesis\\backend\\vendor\\laravel\\framework\\src\\Illuminate\\Container\\Container.php(662): Illuminate\\Container\\BoundMethod::call(Object(Illuminate\\Foundation\\Application), Array, Array, NULL)
#30 C:\\Users\\CENGE\\Desktop\\thesis\\backend\\vendor\\laravel\\framework\\src\\Illuminate\\Foundation\\Application.php(1034): Illuminate\\Container\\Container->call(Array)
#31 C:\\Users\\CENGE\\Desktop\\thesis\\backend\\vendor\\laravel\\framework\\src\\Illuminate\\Foundation\\Application.php(1015): Illuminate\\Foundation\\Application->bootProvider(Object(App\\Providers\\AppServiceProvider))
#32 [internal function]: Illuminate\\Foundation\\Application->Illuminate\\Foundation\\{closure}(Object(App\\Providers\\AppServiceProvider), 20)
#33 C:\\Users\\CENGE\\Desktop\\thesis\\backend\\vendor\\laravel\\framework\\src\\Illuminate\\Foundation\\Application.php(1014): array_walk(Array, Object(Closure))
#34 C:\\Users\\CENGE\\Desktop\\thesis\\backend\\vendor\\laravel\\framework\\src\\Illuminate\\Foundation\\Bootstrap\\BootProviders.php(17): Illuminate\\Foundation\\Application->boot()
#35 C:\\Users\\CENGE\\Desktop\\thesis\\backend\\vendor\\laravel\\framework\\src\\Illuminate\\Foundation\\Application.php(263): Illuminate\\Foundation\\Bootstrap\\BootProviders->bootstrap(Object(Illuminate\\Foundation\\Application))
#36 C:\\Users\\CENGE\\Desktop\\thesis\\backend\\vendor\\laravel\\framework\\src\\Illuminate\\Foundation\\Http\\Kernel.php(186): Illuminate\\Foundation\\Application->bootstrapWith(Array)
#37 C:\\Users\\CENGE\\Desktop\\thesis\\backend\\vendor\\laravel\\framework\\src\\Illuminate\\Foundation\\Http\\Kernel.php(170): Illuminate\\Foundation\\Http\\Kernel->bootstrap()
#38 C:\\Users\\CENGE\\Desktop\\thesis\\backend\\vendor\\laravel\\framework\\src\\Illuminate\\Foundation\\Http\\Kernel.php(144): Illuminate\\Foundation\\Http\\Kernel->sendRequestThroughRouter(Object(Illuminate\\Http\\Request))
#39 C:\\Users\\CENGE\\Desktop\\thesis\\backend\\public\\index.php(51): Illuminate\\Foundation\\Http\\Kernel->handle(Object(Illuminate\\Http\\Request))
#40 C:\\Users\\CENGE\\Desktop\\thesis\\backend\\vendor\\laravel\\framework\\src\\Illuminate\\Foundation\\resources\\server.php(16): require_once('C:\\\\Users\\\\CENGE\\\\...')
#41 {main}
"} 
[2025-02-27 14:36:27] local.ERROR: Database file at path [database/database.sqlite] does not exist. Ensure this is an absolute path to the database. (Connection: sqlite, SQL: PRAGMA foreign_keys = ON;) {"exception":"[object] (Illuminate\\Database\\QueryException(code: 0): Database file at path [database/database.sqlite] does not exist. Ensure this is an absolute path to the database. (Connection: sqlite, SQL: PRAGMA foreign_keys = ON;) at C:\\Users\\CENGE\\Desktop\\thesis\\backend\\vendor\\laravel\\framework\\src\\Illuminate\\Database\\Connection.php:829)
[stacktrace]
#0 C:\\Users\\CENGE\\Desktop\\thesis\\backend\\vendor\\laravel\\framework\\src\\Illuminate\\Database\\Connection.php(783): Illuminate\\Database\\Connection->runQueryCallback('PRAGMA foreign_...', Array, Object(Closure))
#1 C:\\Users\\CENGE\\Desktop\\thesis\\backend\\vendor\\laravel\\framework\\src\\Illuminate\\Database\\Connection.php(576): Illuminate\\Database\\Connection->run('PRAGMA foreign_...', Array, Object(Closure))
#2 C:\\Users\\CENGE\\Desktop\\thesis\\backend\\vendor\\laravel\\framework\\src\\Illuminate\\Database\\Schema\\Builder.php(560): Illuminate\\Database\\Connection->statement('PRAGMA foreign_...')
#3 C:\\Users\\CENGE\\Desktop\\thesis\\backend\\vendor\\laravel\\framework\\src\\Illuminate\\Database\\SQLiteConnection.php(36): Illuminate\\Database\\Schema\\Builder->enableForeignKeyConstraints()
#4 C:\\Users\\CENGE\\Desktop\\thesis\\backend\\vendor\\laravel\\framework\\src\\Illuminate\\Database\\Connectors\\ConnectionFactory.php(272): Illuminate\\Database\\SQLiteConnection->__construct(Object(Closure), 'database/databa...', '', Array)
#5 C:\\Users\\CENGE\\Desktop\\thesis\\backend\\vendor\\laravel\\framework\\src\\Illuminate\\Database\\Connectors\\ConnectionFactory.php(75): Illuminate\\Database\\Connectors\\ConnectionFactory->createConnection('sqlite', Object(Closure), 'database/databa...', '', Array)
#6 C:\\Users\\CENGE\\Desktop\\thesis\\backend\\vendor\\laravel\\framework\\src\\Illuminate\\Database\\Connectors\\ConnectionFactory.php(50): Illuminate\\Database\\Connectors\\ConnectionFactory->createSingleConnection(Array)
#7 C:\\Users\\CENGE\\Desktop\\thesis\\backend\\vendor\\laravel\\framework\\src\\Illuminate\\Database\\DatabaseManager.php(175): Illuminate\\Database\\Connectors\\ConnectionFactory->make(Array, 'sqlite')
#8 C:\\Users\\CENGE\\Desktop\\thesis\\backend\\vendor\\laravel\\framework\\src\\Illuminate\\Database\\DatabaseManager.php(101): Illuminate\\Database\\DatabaseManager->makeConnection('sqlite')
#9 C:\\Users\\CENGE\\Desktop\\thesis\\backend\\vendor\\laravel\\framework\\src\\Illuminate\\Database\\DatabaseServiceProvider.php(74): Illuminate\\Database\\DatabaseManager->connection()
#10 C:\\Users\\CENGE\\Desktop\\thesis\\backend\\vendor\\laravel\\framework\\src\\Illuminate\\Container\\Container.php(908): Illuminate\\Database\\DatabaseServiceProvider->Illuminate\\Database\\{closure}(Object(Illuminate\\Foundation\\Application), Array)
#11 C:\\Users\\CENGE\\Desktop\\thesis\\backend\\vendor\\laravel\\framework\\src\\Illuminate\\Container\\Container.php(795): Illuminate\\Container\\Container->build(Object(Closure))
#12 C:\\Users\\CENGE\\Desktop\\thesis\\backend\\vendor\\laravel\\framework\\src\\Illuminate\\Foundation\\Application.php(961): Illuminate\\Container\\Container->resolve('db.schema', Array, true)
#13 C:\\Users\\CENGE\\Desktop\\thesis\\backend\\vendor\\laravel\\framework\\src\\Illuminate\\Container\\Container.php(731): Illuminate\\Foundation\\Application->resolve('db.schema', Array)
#14 C:\\Users\\CENGE\\Desktop\\thesis\\backend\\vendor\\laravel\\framework\\src\\Illuminate\\Foundation\\Application.php(946): Illuminate\\Container\\Container->make('db.schema', Array)
#15 C:\\Users\\CENGE\\Desktop\\thesis\\backend\\vendor\\laravel\\framework\\src\\Illuminate\\Container\\Container.php(1454): Illuminate\\Foundation\\Application->make('db.schema')
#16 C:\\Users\\CENGE\\Desktop\\thesis\\backend\\vendor\\laravel\\framework\\src\\Illuminate\\Support\\Facades\\Facade.php(240): Illuminate\\Container\\Container->offsetGet('db.schema')
#17 C:\\Users\\CENGE\\Desktop\\thesis\\backend\\vendor\\laravel\\framework\\src\\Illuminate\\Support\\Facades\\Facade.php(208): Illuminate\\Support\\Facades\\Facade::resolveFacadeInstance('db.schema')
#18 C:\\Users\\CENGE\\Desktop\\thesis\\backend\\vendor\\laravel\\framework\\src\\Illuminate\\Support\\Facades\\Facade.php(349): Illuminate\\Support\\Facades\\Facade::getFacadeRoot()
#19 C:\\Users\\CENGE\\Desktop\\thesis\\backend\\app\\Providers\\AppServiceProvider.php(22): Illuminate\\Support\\Facades\\Facade::__callStatic('defaultStringLe...', Array)
#20 C:\\Users\\CENGE\\Desktop\\thesis\\backend\\vendor\\laravel\\framework\\src\\Illuminate\\Container\\BoundMethod.php(36): App\\Providers\\AppServiceProvider->boot()
#21 C:\\Users\\CENGE\\Desktop\\thesis\\backend\\vendor\\laravel\\framework\\src\\Illuminate\\Container\\Util.php(41): Illuminate\\Container\\BoundMethod::Illuminate\\Container\\{closure}()
#22 C:\\Users\\CENGE\\Desktop\\thesis\\backend\\vendor\\laravel\\framework\\src\\Illuminate\\Container\\BoundMethod.php(93): Illuminate\\Container\\Util::unwrapIfClosure(Object(Closure))
#23 C:\\Users\\CENGE\\Desktop\\thesis\\backend\\vendor\\laravel\\framework\\src\\Illuminate\\Container\\BoundMethod.php(35): Illuminate\\Container\\BoundMethod::callBoundMethod(Object(Illuminate\\Foundation\\Application), Array, Object(Closure))
#24 C:\\Users\\CENGE\\Desktop\\thesis\\backend\\vendor\\laravel\\framework\\src\\Illuminate\\Container\\Container.php(662): Illuminate\\Container\\BoundMethod::call(Object(Illuminate\\Foundation\\Application), Array, Array, NULL)
#25 C:\\Users\\CENGE\\Desktop\\thesis\\backend\\vendor\\laravel\\framework\\src\\Illuminate\\Foundation\\Application.php(1034): Illuminate\\Container\\Container->call(Array)
#26 C:\\Users\\CENGE\\Desktop\\thesis\\backend\\vendor\\laravel\\framework\\src\\Illuminate\\Foundation\\Application.php(1015): Illuminate\\Foundation\\Application->bootProvider(Object(App\\Providers\\AppServiceProvider))
#27 [internal function]: Illuminate\\Foundation\\Application->Illuminate\\Foundation\\{closure}(Object(App\\Providers\\AppServiceProvider), 20)
#28 C:\\Users\\CENGE\\Desktop\\thesis\\backend\\vendor\\laravel\\framework\\src\\Illuminate\\Foundation\\Application.php(1014): array_walk(Array, Object(Closure))
#29 C:\\Users\\CENGE\\Desktop\\thesis\\backend\\vendor\\laravel\\framework\\src\\Illuminate\\Foundation\\Bootstrap\\BootProviders.php(17): Illuminate\\Foundation\\Application->boot()
#30 C:\\Users\\CENGE\\Desktop\\thesis\\backend\\vendor\\laravel\\framework\\src\\Illuminate\\Foundation\\Application.php(263): Illuminate\\Foundation\\Bootstrap\\BootProviders->bootstrap(Object(Illuminate\\Foundation\\Application))
#31 C:\\Users\\CENGE\\Desktop\\thesis\\backend\\vendor\\laravel\\framework\\src\\Illuminate\\Foundation\\Http\\Kernel.php(186): Illuminate\\Foundation\\Application->bootstrapWith(Array)
#32 C:\\Users\\CENGE\\Desktop\\thesis\\backend\\vendor\\laravel\\framework\\src\\Illuminate\\Foundation\\Http\\Kernel.php(170): Illuminate\\Foundation\\Http\\Kernel->bootstrap()
#33 C:\\Users\\CENGE\\Desktop\\thesis\\backend\\vendor\\laravel\\framework\\src\\Illuminate\\Foundation\\Http\\Kernel.php(144): Illuminate\\Foundation\\Http\\Kernel->sendRequestThroughRouter(Object(Illuminate\\Http\\Request))
#34 C:\\Users\\CENGE\\Desktop\\thesis\\backend\\public\\index.php(51): Illuminate\\Foundation\\Http\\Kernel->handle(Object(Illuminate\\Http\\Request))
#35 C:\\Users\\CENGE\\Desktop\\thesis\\backend\\vendor\\laravel\\framework\\src\\Illuminate\\Foundation\\resources\\server.php(16): require_once('C:\\\\Users\\\\CENGE\\\\...')
#36 {main}

[previous exception] [object] (Illuminate\\Database\\SQLiteDatabaseDoesNotExistException(code: 0): Database file at path [database/database.sqlite] does not exist. Ensure this is an absolute path to the database. at C:\\Users\\CENGE\\Desktop\\thesis\\backend\\vendor\\laravel\\framework\\src\\Illuminate\\Database\\Connectors\\SQLiteConnector.php:34)
[stacktrace]
#0 C:\\Users\\CENGE\\Desktop\\thesis\\backend\\vendor\\laravel\\framework\\src\\Illuminate\\Database\\Connectors\\ConnectionFactory.php(221): Illuminate\\Database\\Connectors\\SQLiteConnector->connect(Array)
#1 [internal function]: Illuminate\\Database\\Connectors\\ConnectionFactory->Illuminate\\Database\\Connectors\\{closure}()
#2 C:\\Users\\CENGE\\Desktop\\thesis\\backend\\vendor\\laravel\\framework\\src\\Illuminate\\Database\\Connection.php(1339): call_user_func(Object(Closure))
#3 C:\\Users\\CENGE\\Desktop\\thesis\\backend\\vendor\\laravel\\framework\\src\\Illuminate\\Database\\Connection.php(581): Illuminate\\Database\\Connection->getPdo()
#4 C:\\Users\\CENGE\\Desktop\\thesis\\backend\\vendor\\laravel\\framework\\src\\Illuminate\\Database\\Connection.php(816): Illuminate\\Database\\Connection->Illuminate\\Database\\{closure}('PRAGMA foreign_...', Array)
#5 C:\\Users\\CENGE\\Desktop\\thesis\\backend\\vendor\\laravel\\framework\\src\\Illuminate\\Database\\Connection.php(783): Illuminate\\Database\\Connection->runQueryCallback('PRAGMA foreign_...', Array, Object(Closure))
#6 C:\\Users\\CENGE\\Desktop\\thesis\\backend\\vendor\\laravel\\framework\\src\\Illuminate\\Database\\Connection.php(576): Illuminate\\Database\\Connection->run('PRAGMA foreign_...', Array, Object(Closure))
#7 C:\\Users\\CENGE\\Desktop\\thesis\\backend\\vendor\\laravel\\framework\\src\\Illuminate\\Database\\Schema\\Builder.php(560): Illuminate\\Database\\Connection->statement('PRAGMA foreign_...')
#8 C:\\Users\\CENGE\\Desktop\\thesis\\backend\\vendor\\laravel\\framework\\src\\Illuminate\\Database\\SQLiteConnection.php(36): Illuminate\\Database\\Schema\\Builder->enableForeignKeyConstraints()
#9 C:\\Users\\CENGE\\Desktop\\thesis\\backend\\vendor\\laravel\\framework\\src\\Illuminate\\Database\\Connectors\\ConnectionFactory.php(272): Illuminate\\Database\\SQLiteConnection->__construct(Object(Closure), 'database/databa...', '', Array)
#10 C:\\Users\\CENGE\\Desktop\\thesis\\backend\\vendor\\laravel\\framework\\src\\Illuminate\\Database\\Connectors\\ConnectionFactory.php(75): Illuminate\\Database\\Connectors\\ConnectionFactory->createConnection('sqlite', Object(Closure), 'database/databa...', '', Array)
#11 C:\\Users\\CENGE\\Desktop\\thesis\\backend\\vendor\\laravel\\framework\\src\\Illuminate\\Database\\Connectors\\ConnectionFactory.php(50): Illuminate\\Database\\Connectors\\ConnectionFactory->createSingleConnection(Array)
#12 C:\\Users\\CENGE\\Desktop\\thesis\\backend\\vendor\\laravel\\framework\\src\\Illuminate\\Database\\DatabaseManager.php(175): Illuminate\\Database\\Connectors\\ConnectionFactory->make(Array, 'sqlite')
#13 C:\\Users\\CENGE\\Desktop\\thesis\\backend\\vendor\\laravel\\framework\\src\\Illuminate\\Database\\DatabaseManager.php(101): Illuminate\\Database\\DatabaseManager->makeConnection('sqlite')
#14 C:\\Users\\CENGE\\Desktop\\thesis\\backend\\vendor\\laravel\\framework\\src\\Illuminate\\Database\\DatabaseServiceProvider.php(74): Illuminate\\Database\\DatabaseManager->connection()
#15 C:\\Users\\CENGE\\Desktop\\thesis\\backend\\vendor\\laravel\\framework\\src\\Illuminate\\Container\\Container.php(908): Illuminate\\Database\\DatabaseServiceProvider->Illuminate\\Database\\{closure}(Object(Illuminate\\Foundation\\Application), Array)
#16 C:\\Users\\CENGE\\Desktop\\thesis\\backend\\vendor\\laravel\\framework\\src\\Illuminate\\Container\\Container.php(795): Illuminate\\Container\\Container->build(Object(Closure))
#17 C:\\Users\\CENGE\\Desktop\\thesis\\backend\\vendor\\laravel\\framework\\src\\Illuminate\\Foundation\\Application.php(961): Illuminate\\Container\\Container->resolve('db.schema', Array, true)
#18 C:\\Users\\CENGE\\Desktop\\thesis\\backend\\vendor\\laravel\\framework\\src\\Illuminate\\Container\\Container.php(731): Illuminate\\Foundation\\Application->resolve('db.schema', Array)
#19 C:\\Users\\CENGE\\Desktop\\thesis\\backend\\vendor\\laravel\\framework\\src\\Illuminate\\Foundation\\Application.php(946): Illuminate\\Container\\Container->make('db.schema', Array)
#20 C:\\Users\\CENGE\\Desktop\\thesis\\backend\\vendor\\laravel\\framework\\src\\Illuminate\\Container\\Container.php(1454): Illuminate\\Foundation\\Application->make('db.schema')
#21 C:\\Users\\CENGE\\Desktop\\thesis\\backend\\vendor\\laravel\\framework\\src\\Illuminate\\Support\\Facades\\Facade.php(240): Illuminate\\Container\\Container->offsetGet('db.schema')
#22 C:\\Users\\CENGE\\Desktop\\thesis\\backend\\vendor\\laravel\\framework\\src\\Illuminate\\Support\\Facades\\Facade.php(208): Illuminate\\Support\\Facades\\Facade::resolveFacadeInstance('db.schema')
#23 C:\\Users\\CENGE\\Desktop\\thesis\\backend\\vendor\\laravel\\framework\\src\\Illuminate\\Support\\Facades\\Facade.php(349): Illuminate\\Support\\Facades\\Facade::getFacadeRoot()
#24 C:\\Users\\CENGE\\Desktop\\thesis\\backend\\app\\Providers\\AppServiceProvider.php(22): Illuminate\\Support\\Facades\\Facade::__callStatic('defaultStringLe...', Array)
#25 C:\\Users\\CENGE\\Desktop\\thesis\\backend\\vendor\\laravel\\framework\\src\\Illuminate\\Container\\BoundMethod.php(36): App\\Providers\\AppServiceProvider->boot()
#26 C:\\Users\\CENGE\\Desktop\\thesis\\backend\\vendor\\laravel\\framework\\src\\Illuminate\\Container\\Util.php(41): Illuminate\\Container\\BoundMethod::Illuminate\\Container\\{closure}()
#27 C:\\Users\\CENGE\\Desktop\\thesis\\backend\\vendor\\laravel\\framework\\src\\Illuminate\\Container\\BoundMethod.php(93): Illuminate\\Container\\Util::unwrapIfClosure(Object(Closure))
#28 C:\\Users\\CENGE\\Desktop\\thesis\\backend\\vendor\\laravel\\framework\\src\\Illuminate\\Container\\BoundMethod.php(35): Illuminate\\Container\\BoundMethod::callBoundMethod(Object(Illuminate\\Foundation\\Application), Array, Object(Closure))
#29 C:\\Users\\CENGE\\Desktop\\thesis\\backend\\vendor\\laravel\\framework\\src\\Illuminate\\Container\\Container.php(662): Illuminate\\Container\\BoundMethod::call(Object(Illuminate\\Foundation\\Application), Array, Array, NULL)
#30 C:\\Users\\CENGE\\Desktop\\thesis\\backend\\vendor\\laravel\\framework\\src\\Illuminate\\Foundation\\Application.php(1034): Illuminate\\Container\\Container->call(Array)
#31 C:\\Users\\CENGE\\Desktop\\thesis\\backend\\vendor\\laravel\\framework\\src\\Illuminate\\Foundation\\Application.php(1015): Illuminate\\Foundation\\Application->bootProvider(Object(App\\Providers\\AppServiceProvider))
#32 [internal function]: Illuminate\\Foundation\\Application->Illuminate\\Foundation\\{closure}(Object(App\\Providers\\AppServiceProvider), 20)
#33 C:\\Users\\CENGE\\Desktop\\thesis\\backend\\vendor\\laravel\\framework\\src\\Illuminate\\Foundation\\Application.php(1014): array_walk(Array, Object(Closure))
#34 C:\\Users\\CENGE\\Desktop\\thesis\\backend\\vendor\\laravel\\framework\\src\\Illuminate\\Foundation\\Bootstrap\\BootProviders.php(17): Illuminate\\Foundation\\Application->boot()
#35 C:\\Users\\CENGE\\Desktop\\thesis\\backend\\vendor\\laravel\\framework\\src\\Illuminate\\Foundation\\Application.php(263): Illuminate\\Foundation\\Bootstrap\\BootProviders->bootstrap(Object(Illuminate\\Foundation\\Application))
#36 C:\\Users\\CENGE\\Desktop\\thesis\\backend\\vendor\\laravel\\framework\\src\\Illuminate\\Foundation\\Http\\Kernel.php(186): Illuminate\\Foundation\\Application->bootstrapWith(Array)
#37 C:\\Users\\CENGE\\Desktop\\thesis\\backend\\vendor\\laravel\\framework\\src\\Illuminate\\Foundation\\Http\\Kernel.php(170): Illuminate\\Foundation\\Http\\Kernel->bootstrap()
#38 C:\\Users\\CENGE\\Desktop\\thesis\\backend\\vendor\\laravel\\framework\\src\\Illuminate\\Foundation\\Http\\Kernel.php(144): Illuminate\\Foundation\\Http\\Kernel->sendRequestThroughRouter(Object(Illuminate\\Http\\Request))
#39 C:\\Users\\CENGE\\Desktop\\thesis\\backend\\public\\index.php(51): Illuminate\\Foundation\\Http\\Kernel->handle(Object(Illuminate\\Http\\Request))
#40 C:\\Users\\CENGE\\Desktop\\thesis\\backend\\vendor\\laravel\\framework\\src\\Illuminate\\Foundation\\resources\\server.php(16): require_once('C:\\\\Users\\\\CENGE\\\\...')
#41 {main}
"} 
[2025-02-27 14:38:32] local.ERROR: Database file at path [database/database.sqlite] does not exist. Ensure this is an absolute path to the database. (Connection: sqlite, SQL: PRAGMA foreign_keys = ON;) {"exception":"[object] (Illuminate\\Database\\QueryException(code: 0): Database file at path [database/database.sqlite] does not exist. Ensure this is an absolute path to the database. (Connection: sqlite, SQL: PRAGMA foreign_keys = ON;) at C:\\Users\\CENGE\\Desktop\\thesis\\backend\\vendor\\laravel\\framework\\src\\Illuminate\\Database\\Connection.php:829)
[stacktrace]
#0 C:\\Users\\CENGE\\Desktop\\thesis\\backend\\vendor\\laravel\\framework\\src\\Illuminate\\Database\\Connection.php(783): Illuminate\\Database\\Connection->runQueryCallback('PRAGMA foreign_...', Array, Object(Closure))
#1 C:\\Users\\CENGE\\Desktop\\thesis\\backend\\vendor\\laravel\\framework\\src\\Illuminate\\Database\\Connection.php(576): Illuminate\\Database\\Connection->run('PRAGMA foreign_...', Array, Object(Closure))
#2 C:\\Users\\CENGE\\Desktop\\thesis\\backend\\vendor\\laravel\\framework\\src\\Illuminate\\Database\\Schema\\Builder.php(560): Illuminate\\Database\\Connection->statement('PRAGMA foreign_...')
#3 C:\\Users\\CENGE\\Desktop\\thesis\\backend\\vendor\\laravel\\framework\\src\\Illuminate\\Database\\SQLiteConnection.php(36): Illuminate\\Database\\Schema\\Builder->enableForeignKeyConstraints()
#4 C:\\Users\\CENGE\\Desktop\\thesis\\backend\\vendor\\laravel\\framework\\src\\Illuminate\\Database\\Connectors\\ConnectionFactory.php(272): Illuminate\\Database\\SQLiteConnection->__construct(Object(Closure), 'database/databa...', '', Array)
#5 C:\\Users\\CENGE\\Desktop\\thesis\\backend\\vendor\\laravel\\framework\\src\\Illuminate\\Database\\Connectors\\ConnectionFactory.php(75): Illuminate\\Database\\Connectors\\ConnectionFactory->createConnection('sqlite', Object(Closure), 'database/databa...', '', Array)
#6 C:\\Users\\CENGE\\Desktop\\thesis\\backend\\vendor\\laravel\\framework\\src\\Illuminate\\Database\\Connectors\\ConnectionFactory.php(50): Illuminate\\Database\\Connectors\\ConnectionFactory->createSingleConnection(Array)
#7 C:\\Users\\CENGE\\Desktop\\thesis\\backend\\vendor\\laravel\\framework\\src\\Illuminate\\Database\\DatabaseManager.php(175): Illuminate\\Database\\Connectors\\ConnectionFactory->make(Array, 'sqlite')
#8 C:\\Users\\CENGE\\Desktop\\thesis\\backend\\vendor\\laravel\\framework\\src\\Illuminate\\Database\\DatabaseManager.php(101): Illuminate\\Database\\DatabaseManager->makeConnection('sqlite')
#9 C:\\Users\\CENGE\\Desktop\\thesis\\backend\\vendor\\laravel\\framework\\src\\Illuminate\\Database\\DatabaseServiceProvider.php(74): Illuminate\\Database\\DatabaseManager->connection()
#10 C:\\Users\\CENGE\\Desktop\\thesis\\backend\\vendor\\laravel\\framework\\src\\Illuminate\\Container\\Container.php(908): Illuminate\\Database\\DatabaseServiceProvider->Illuminate\\Database\\{closure}(Object(Illuminate\\Foundation\\Application), Array)
#11 C:\\Users\\CENGE\\Desktop\\thesis\\backend\\vendor\\laravel\\framework\\src\\Illuminate\\Container\\Container.php(795): Illuminate\\Container\\Container->build(Object(Closure))
#12 C:\\Users\\CENGE\\Desktop\\thesis\\backend\\vendor\\laravel\\framework\\src\\Illuminate\\Foundation\\Application.php(961): Illuminate\\Container\\Container->resolve('db.schema', Array, true)
#13 C:\\Users\\CENGE\\Desktop\\thesis\\backend\\vendor\\laravel\\framework\\src\\Illuminate\\Container\\Container.php(731): Illuminate\\Foundation\\Application->resolve('db.schema', Array)
#14 C:\\Users\\CENGE\\Desktop\\thesis\\backend\\vendor\\laravel\\framework\\src\\Illuminate\\Foundation\\Application.php(946): Illuminate\\Container\\Container->make('db.schema', Array)
#15 C:\\Users\\CENGE\\Desktop\\thesis\\backend\\vendor\\laravel\\framework\\src\\Illuminate\\Container\\Container.php(1454): Illuminate\\Foundation\\Application->make('db.schema')
#16 C:\\Users\\CENGE\\Desktop\\thesis\\backend\\vendor\\laravel\\framework\\src\\Illuminate\\Support\\Facades\\Facade.php(240): Illuminate\\Container\\Container->offsetGet('db.schema')
#17 C:\\Users\\CENGE\\Desktop\\thesis\\backend\\vendor\\laravel\\framework\\src\\Illuminate\\Support\\Facades\\Facade.php(208): Illuminate\\Support\\Facades\\Facade::resolveFacadeInstance('db.schema')
#18 C:\\Users\\CENGE\\Desktop\\thesis\\backend\\vendor\\laravel\\framework\\src\\Illuminate\\Support\\Facades\\Facade.php(349): Illuminate\\Support\\Facades\\Facade::getFacadeRoot()
#19 C:\\Users\\CENGE\\Desktop\\thesis\\backend\\app\\Providers\\AppServiceProvider.php(22): Illuminate\\Support\\Facades\\Facade::__callStatic('defaultStringLe...', Array)
#20 C:\\Users\\CENGE\\Desktop\\thesis\\backend\\vendor\\laravel\\framework\\src\\Illuminate\\Container\\BoundMethod.php(36): App\\Providers\\AppServiceProvider->boot()
#21 C:\\Users\\CENGE\\Desktop\\thesis\\backend\\vendor\\laravel\\framework\\src\\Illuminate\\Container\\Util.php(41): Illuminate\\Container\\BoundMethod::Illuminate\\Container\\{closure}()
#22 C:\\Users\\CENGE\\Desktop\\thesis\\backend\\vendor\\laravel\\framework\\src\\Illuminate\\Container\\BoundMethod.php(93): Illuminate\\Container\\Util::unwrapIfClosure(Object(Closure))
#23 C:\\Users\\CENGE\\Desktop\\thesis\\backend\\vendor\\laravel\\framework\\src\\Illuminate\\Container\\BoundMethod.php(35): Illuminate\\Container\\BoundMethod::callBoundMethod(Object(Illuminate\\Foundation\\Application), Array, Object(Closure))
#24 C:\\Users\\CENGE\\Desktop\\thesis\\backend\\vendor\\laravel\\framework\\src\\Illuminate\\Container\\Container.php(662): Illuminate\\Container\\BoundMethod::call(Object(Illuminate\\Foundation\\Application), Array, Array, NULL)
#25 C:\\Users\\CENGE\\Desktop\\thesis\\backend\\vendor\\laravel\\framework\\src\\Illuminate\\Foundation\\Application.php(1034): Illuminate\\Container\\Container->call(Array)
#26 C:\\Users\\CENGE\\Desktop\\thesis\\backend\\vendor\\laravel\\framework\\src\\Illuminate\\Foundation\\Application.php(1015): Illuminate\\Foundation\\Application->bootProvider(Object(App\\Providers\\AppServiceProvider))
#27 [internal function]: Illuminate\\Foundation\\Application->Illuminate\\Foundation\\{closure}(Object(App\\Providers\\AppServiceProvider), 20)
#28 C:\\Users\\CENGE\\Desktop\\thesis\\backend\\vendor\\laravel\\framework\\src\\Illuminate\\Foundation\\Application.php(1014): array_walk(Array, Object(Closure))
#29 C:\\Users\\CENGE\\Desktop\\thesis\\backend\\vendor\\laravel\\framework\\src\\Illuminate\\Foundation\\Bootstrap\\BootProviders.php(17): Illuminate\\Foundation\\Application->boot()
#30 C:\\Users\\CENGE\\Desktop\\thesis\\backend\\vendor\\laravel\\framework\\src\\Illuminate\\Foundation\\Application.php(263): Illuminate\\Foundation\\Bootstrap\\BootProviders->bootstrap(Object(Illuminate\\Foundation\\Application))
#31 C:\\Users\\CENGE\\Desktop\\thesis\\backend\\vendor\\laravel\\framework\\src\\Illuminate\\Foundation\\Http\\Kernel.php(186): Illuminate\\Foundation\\Application->bootstrapWith(Array)
#32 C:\\Users\\CENGE\\Desktop\\thesis\\backend\\vendor\\laravel\\framework\\src\\Illuminate\\Foundation\\Http\\Kernel.php(170): Illuminate\\Foundation\\Http\\Kernel->bootstrap()
#33 C:\\Users\\CENGE\\Desktop\\thesis\\backend\\vendor\\laravel\\framework\\src\\Illuminate\\Foundation\\Http\\Kernel.php(144): Illuminate\\Foundation\\Http\\Kernel->sendRequestThroughRouter(Object(Illuminate\\Http\\Request))
#34 C:\\Users\\CENGE\\Desktop\\thesis\\backend\\public\\index.php(51): Illuminate\\Foundation\\Http\\Kernel->handle(Object(Illuminate\\Http\\Request))
#35 C:\\Users\\CENGE\\Desktop\\thesis\\backend\\vendor\\laravel\\framework\\src\\Illuminate\\Foundation\\resources\\server.php(16): require_once('C:\\\\Users\\\\CENGE\\\\...')
#36 {main}

[previous exception] [object] (Illuminate\\Database\\SQLiteDatabaseDoesNotExistException(code: 0): Database file at path [database/database.sqlite] does not exist. Ensure this is an absolute path to the database. at C:\\Users\\CENGE\\Desktop\\thesis\\backend\\vendor\\laravel\\framework\\src\\Illuminate\\Database\\Connectors\\SQLiteConnector.php:34)
[stacktrace]
#0 C:\\Users\\CENGE\\Desktop\\thesis\\backend\\vendor\\laravel\\framework\\src\\Illuminate\\Database\\Connectors\\ConnectionFactory.php(221): Illuminate\\Database\\Connectors\\SQLiteConnector->connect(Array)
#1 [internal function]: Illuminate\\Database\\Connectors\\ConnectionFactory->Illuminate\\Database\\Connectors\\{closure}()
#2 C:\\Users\\CENGE\\Desktop\\thesis\\backend\\vendor\\laravel\\framework\\src\\Illuminate\\Database\\Connection.php(1339): call_user_func(Object(Closure))
#3 C:\\Users\\CENGE\\Desktop\\thesis\\backend\\vendor\\laravel\\framework\\src\\Illuminate\\Database\\Connection.php(581): Illuminate\\Database\\Connection->getPdo()
#4 C:\\Users\\CENGE\\Desktop\\thesis\\backend\\vendor\\laravel\\framework\\src\\Illuminate\\Database\\Connection.php(816): Illuminate\\Database\\Connection->Illuminate\\Database\\{closure}('PRAGMA foreign_...', Array)
#5 C:\\Users\\CENGE\\Desktop\\thesis\\backend\\vendor\\laravel\\framework\\src\\Illuminate\\Database\\Connection.php(783): Illuminate\\Database\\Connection->runQueryCallback('PRAGMA foreign_...', Array, Object(Closure))
#6 C:\\Users\\CENGE\\Desktop\\thesis\\backend\\vendor\\laravel\\framework\\src\\Illuminate\\Database\\Connection.php(576): Illuminate\\Database\\Connection->run('PRAGMA foreign_...', Array, Object(Closure))
#7 C:\\Users\\CENGE\\Desktop\\thesis\\backend\\vendor\\laravel\\framework\\src\\Illuminate\\Database\\Schema\\Builder.php(560): Illuminate\\Database\\Connection->statement('PRAGMA foreign_...')
#8 C:\\Users\\CENGE\\Desktop\\thesis\\backend\\vendor\\laravel\\framework\\src\\Illuminate\\Database\\SQLiteConnection.php(36): Illuminate\\Database\\Schema\\Builder->enableForeignKeyConstraints()
#9 C:\\Users\\CENGE\\Desktop\\thesis\\backend\\vendor\\laravel\\framework\\src\\Illuminate\\Database\\Connectors\\ConnectionFactory.php(272): Illuminate\\Database\\SQLiteConnection->__construct(Object(Closure), 'database/databa...', '', Array)
#10 C:\\Users\\CENGE\\Desktop\\thesis\\backend\\vendor\\laravel\\framework\\src\\Illuminate\\Database\\Connectors\\ConnectionFactory.php(75): Illuminate\\Database\\Connectors\\ConnectionFactory->createConnection('sqlite', Object(Closure), 'database/databa...', '', Array)
#11 C:\\Users\\CENGE\\Desktop\\thesis\\backend\\vendor\\laravel\\framework\\src\\Illuminate\\Database\\Connectors\\ConnectionFactory.php(50): Illuminate\\Database\\Connectors\\ConnectionFactory->createSingleConnection(Array)
#12 C:\\Users\\CENGE\\Desktop\\thesis\\backend\\vendor\\laravel\\framework\\src\\Illuminate\\Database\\DatabaseManager.php(175): Illuminate\\Database\\Connectors\\ConnectionFactory->make(Array, 'sqlite')
#13 C:\\Users\\CENGE\\Desktop\\thesis\\backend\\vendor\\laravel\\framework\\src\\Illuminate\\Database\\DatabaseManager.php(101): Illuminate\\Database\\DatabaseManager->makeConnection('sqlite')
#14 C:\\Users\\CENGE\\Desktop\\thesis\\backend\\vendor\\laravel\\framework\\src\\Illuminate\\Database\\DatabaseServiceProvider.php(74): Illuminate\\Database\\DatabaseManager->connection()
#15 C:\\Users\\CENGE\\Desktop\\thesis\\backend\\vendor\\laravel\\framework\\src\\Illuminate\\Container\\Container.php(908): Illuminate\\Database\\DatabaseServiceProvider->Illuminate\\Database\\{closure}(Object(Illuminate\\Foundation\\Application), Array)
#16 C:\\Users\\CENGE\\Desktop\\thesis\\backend\\vendor\\laravel\\framework\\src\\Illuminate\\Container\\Container.php(795): Illuminate\\Container\\Container->build(Object(Closure))
#17 C:\\Users\\CENGE\\Desktop\\thesis\\backend\\vendor\\laravel\\framework\\src\\Illuminate\\Foundation\\Application.php(961): Illuminate\\Container\\Container->resolve('db.schema', Array, true)
#18 C:\\Users\\CENGE\\Desktop\\thesis\\backend\\vendor\\laravel\\framework\\src\\Illuminate\\Container\\Container.php(731): Illuminate\\Foundation\\Application->resolve('db.schema', Array)
#19 C:\\Users\\CENGE\\Desktop\\thesis\\backend\\vendor\\laravel\\framework\\src\\Illuminate\\Foundation\\Application.php(946): Illuminate\\Container\\Container->make('db.schema', Array)
#20 C:\\Users\\CENGE\\Desktop\\thesis\\backend\\vendor\\laravel\\framework\\src\\Illuminate\\Container\\Container.php(1454): Illuminate\\Foundation\\Application->make('db.schema')
#21 C:\\Users\\CENGE\\Desktop\\thesis\\backend\\vendor\\laravel\\framework\\src\\Illuminate\\Support\\Facades\\Facade.php(240): Illuminate\\Container\\Container->offsetGet('db.schema')
#22 C:\\Users\\CENGE\\Desktop\\thesis\\backend\\vendor\\laravel\\framework\\src\\Illuminate\\Support\\Facades\\Facade.php(208): Illuminate\\Support\\Facades\\Facade::resolveFacadeInstance('db.schema')
#23 C:\\Users\\CENGE\\Desktop\\thesis\\backend\\vendor\\laravel\\framework\\src\\Illuminate\\Support\\Facades\\Facade.php(349): Illuminate\\Support\\Facades\\Facade::getFacadeRoot()
#24 C:\\Users\\CENGE\\Desktop\\thesis\\backend\\app\\Providers\\AppServiceProvider.php(22): Illuminate\\Support\\Facades\\Facade::__callStatic('defaultStringLe...', Array)
#25 C:\\Users\\CENGE\\Desktop\\thesis\\backend\\vendor\\laravel\\framework\\src\\Illuminate\\Container\\BoundMethod.php(36): App\\Providers\\AppServiceProvider->boot()
#26 C:\\Users\\CENGE\\Desktop\\thesis\\backend\\vendor\\laravel\\framework\\src\\Illuminate\\Container\\Util.php(41): Illuminate\\Container\\BoundMethod::Illuminate\\Container\\{closure}()
#27 C:\\Users\\CENGE\\Desktop\\thesis\\backend\\vendor\\laravel\\framework\\src\\Illuminate\\Container\\BoundMethod.php(93): Illuminate\\Container\\Util::unwrapIfClosure(Object(Closure))
#28 C:\\Users\\CENGE\\Desktop\\thesis\\backend\\vendor\\laravel\\framework\\src\\Illuminate\\Container\\BoundMethod.php(35): Illuminate\\Container\\BoundMethod::callBoundMethod(Object(Illuminate\\Foundation\\Application), Array, Object(Closure))
#29 C:\\Users\\CENGE\\Desktop\\thesis\\backend\\vendor\\laravel\\framework\\src\\Illuminate\\Container\\Container.php(662): Illuminate\\Container\\BoundMethod::call(Object(Illuminate\\Foundation\\Application), Array, Array, NULL)
#30 C:\\Users\\CENGE\\Desktop\\thesis\\backend\\vendor\\laravel\\framework\\src\\Illuminate\\Foundation\\Application.php(1034): Illuminate\\Container\\Container->call(Array)
#31 C:\\Users\\CENGE\\Desktop\\thesis\\backend\\vendor\\laravel\\framework\\src\\Illuminate\\Foundation\\Application.php(1015): Illuminate\\Foundation\\Application->bootProvider(Object(App\\Providers\\AppServiceProvider))
#32 [internal function]: Illuminate\\Foundation\\Application->Illuminate\\Foundation\\{closure}(Object(App\\Providers\\AppServiceProvider), 20)
#33 C:\\Users\\CENGE\\Desktop\\thesis\\backend\\vendor\\laravel\\framework\\src\\Illuminate\\Foundation\\Application.php(1014): array_walk(Array, Object(Closure))
#34 C:\\Users\\CENGE\\Desktop\\thesis\\backend\\vendor\\laravel\\framework\\src\\Illuminate\\Foundation\\Bootstrap\\BootProviders.php(17): Illuminate\\Foundation\\Application->boot()
#35 C:\\Users\\CENGE\\Desktop\\thesis\\backend\\vendor\\laravel\\framework\\src\\Illuminate\\Foundation\\Application.php(263): Illuminate\\Foundation\\Bootstrap\\BootProviders->bootstrap(Object(Illuminate\\Foundation\\Application))
#36 C:\\Users\\CENGE\\Desktop\\thesis\\backend\\vendor\\laravel\\framework\\src\\Illuminate\\Foundation\\Http\\Kernel.php(186): Illuminate\\Foundation\\Application->bootstrapWith(Array)
#37 C:\\Users\\CENGE\\Desktop\\thesis\\backend\\vendor\\laravel\\framework\\src\\Illuminate\\Foundation\\Http\\Kernel.php(170): Illuminate\\Foundation\\Http\\Kernel->bootstrap()
#38 C:\\Users\\CENGE\\Desktop\\thesis\\backend\\vendor\\laravel\\framework\\src\\Illuminate\\Foundation\\Http\\Kernel.php(144): Illuminate\\Foundation\\Http\\Kernel->sendRequestThroughRouter(Object(Illuminate\\Http\\Request))
#39 C:\\Users\\CENGE\\Desktop\\thesis\\backend\\public\\index.php(51): Illuminate\\Foundation\\Http\\Kernel->handle(Object(Illuminate\\Http\\Request))
#40 C:\\Users\\CENGE\\Desktop\\thesis\\backend\\vendor\\laravel\\framework\\src\\Illuminate\\Foundation\\resources\\server.php(16): require_once('C:\\\\Users\\\\CENGE\\\\...')
#41 {main}
"} 
[2025-02-27 14:56:43] local.ERROR: Database file at path [database/database.sqlite] does not exist. Ensure this is an absolute path to the database. (Connection: sqlite, SQL: PRAGMA foreign_keys = ON;) {"exception":"[object] (Illuminate\\Database\\QueryException(code: 0): Database file at path [database/database.sqlite] does not exist. Ensure this is an absolute path to the database. (Connection: sqlite, SQL: PRAGMA foreign_keys = ON;) at C:\\Users\\CENGE\\Desktop\\thesis\\backend\\vendor\\laravel\\framework\\src\\Illuminate\\Database\\Connection.php:829)
[stacktrace]
#0 C:\\Users\\CENGE\\Desktop\\thesis\\backend\\vendor\\laravel\\framework\\src\\Illuminate\\Database\\Connection.php(783): Illuminate\\Database\\Connection->runQueryCallback('PRAGMA foreign_...', Array, Object(Closure))
#1 C:\\Users\\CENGE\\Desktop\\thesis\\backend\\vendor\\laravel\\framework\\src\\Illuminate\\Database\\Connection.php(576): Illuminate\\Database\\Connection->run('PRAGMA foreign_...', Array, Object(Closure))
#2 C:\\Users\\CENGE\\Desktop\\thesis\\backend\\vendor\\laravel\\framework\\src\\Illuminate\\Database\\Schema\\Builder.php(560): Illuminate\\Database\\Connection->statement('PRAGMA foreign_...')
#3 C:\\Users\\CENGE\\Desktop\\thesis\\backend\\vendor\\laravel\\framework\\src\\Illuminate\\Database\\SQLiteConnection.php(36): Illuminate\\Database\\Schema\\Builder->enableForeignKeyConstraints()
#4 C:\\Users\\CENGE\\Desktop\\thesis\\backend\\vendor\\laravel\\framework\\src\\Illuminate\\Database\\Connectors\\ConnectionFactory.php(272): Illuminate\\Database\\SQLiteConnection->__construct(Object(Closure), 'database/databa...', '', Array)
#5 C:\\Users\\CENGE\\Desktop\\thesis\\backend\\vendor\\laravel\\framework\\src\\Illuminate\\Database\\Connectors\\ConnectionFactory.php(75): Illuminate\\Database\\Connectors\\ConnectionFactory->createConnection('sqlite', Object(Closure), 'database/databa...', '', Array)
#6 C:\\Users\\CENGE\\Desktop\\thesis\\backend\\vendor\\laravel\\framework\\src\\Illuminate\\Database\\Connectors\\ConnectionFactory.php(50): Illuminate\\Database\\Connectors\\ConnectionFactory->createSingleConnection(Array)
#7 C:\\Users\\CENGE\\Desktop\\thesis\\backend\\vendor\\laravel\\framework\\src\\Illuminate\\Database\\DatabaseManager.php(175): Illuminate\\Database\\Connectors\\ConnectionFactory->make(Array, 'sqlite')
#8 C:\\Users\\CENGE\\Desktop\\thesis\\backend\\vendor\\laravel\\framework\\src\\Illuminate\\Database\\DatabaseManager.php(101): Illuminate\\Database\\DatabaseManager->makeConnection('sqlite')
#9 C:\\Users\\CENGE\\Desktop\\thesis\\backend\\vendor\\laravel\\framework\\src\\Illuminate\\Database\\DatabaseServiceProvider.php(74): Illuminate\\Database\\DatabaseManager->connection()
#10 C:\\Users\\CENGE\\Desktop\\thesis\\backend\\vendor\\laravel\\framework\\src\\Illuminate\\Container\\Container.php(908): Illuminate\\Database\\DatabaseServiceProvider->Illuminate\\Database\\{closure}(Object(Illuminate\\Foundation\\Application), Array)
#11 C:\\Users\\CENGE\\Desktop\\thesis\\backend\\vendor\\laravel\\framework\\src\\Illuminate\\Container\\Container.php(795): Illuminate\\Container\\Container->build(Object(Closure))
#12 C:\\Users\\CENGE\\Desktop\\thesis\\backend\\vendor\\laravel\\framework\\src\\Illuminate\\Foundation\\Application.php(961): Illuminate\\Container\\Container->resolve('db.schema', Array, true)
#13 C:\\Users\\CENGE\\Desktop\\thesis\\backend\\vendor\\laravel\\framework\\src\\Illuminate\\Container\\Container.php(731): Illuminate\\Foundation\\Application->resolve('db.schema', Array)
#14 C:\\Users\\CENGE\\Desktop\\thesis\\backend\\vendor\\laravel\\framework\\src\\Illuminate\\Foundation\\Application.php(946): Illuminate\\Container\\Container->make('db.schema', Array)
#15 C:\\Users\\CENGE\\Desktop\\thesis\\backend\\vendor\\laravel\\framework\\src\\Illuminate\\Container\\Container.php(1454): Illuminate\\Foundation\\Application->make('db.schema')
#16 C:\\Users\\CENGE\\Desktop\\thesis\\backend\\vendor\\laravel\\framework\\src\\Illuminate\\Support\\Facades\\Facade.php(240): Illuminate\\Container\\Container->offsetGet('db.schema')
#17 C:\\Users\\CENGE\\Desktop\\thesis\\backend\\vendor\\laravel\\framework\\src\\Illuminate\\Support\\Facades\\Facade.php(208): Illuminate\\Support\\Facades\\Facade::resolveFacadeInstance('db.schema')
#18 C:\\Users\\CENGE\\Desktop\\thesis\\backend\\vendor\\laravel\\framework\\src\\Illuminate\\Support\\Facades\\Facade.php(349): Illuminate\\Support\\Facades\\Facade::getFacadeRoot()
#19 C:\\Users\\CENGE\\Desktop\\thesis\\backend\\app\\Providers\\AppServiceProvider.php(22): Illuminate\\Support\\Facades\\Facade::__callStatic('defaultStringLe...', Array)
#20 C:\\Users\\CENGE\\Desktop\\thesis\\backend\\vendor\\laravel\\framework\\src\\Illuminate\\Container\\BoundMethod.php(36): App\\Providers\\AppServiceProvider->boot()
#21 C:\\Users\\CENGE\\Desktop\\thesis\\backend\\vendor\\laravel\\framework\\src\\Illuminate\\Container\\Util.php(41): Illuminate\\Container\\BoundMethod::Illuminate\\Container\\{closure}()
#22 C:\\Users\\CENGE\\Desktop\\thesis\\backend\\vendor\\laravel\\framework\\src\\Illuminate\\Container\\BoundMethod.php(93): Illuminate\\Container\\Util::unwrapIfClosure(Object(Closure))
#23 C:\\Users\\CENGE\\Desktop\\thesis\\backend\\vendor\\laravel\\framework\\src\\Illuminate\\Container\\BoundMethod.php(35): Illuminate\\Container\\BoundMethod::callBoundMethod(Object(Illuminate\\Foundation\\Application), Array, Object(Closure))
#24 C:\\Users\\CENGE\\Desktop\\thesis\\backend\\vendor\\laravel\\framework\\src\\Illuminate\\Container\\Container.php(662): Illuminate\\Container\\BoundMethod::call(Object(Illuminate\\Foundation\\Application), Array, Array, NULL)
#25 C:\\Users\\CENGE\\Desktop\\thesis\\backend\\vendor\\laravel\\framework\\src\\Illuminate\\Foundation\\Application.php(1034): Illuminate\\Container\\Container->call(Array)
#26 C:\\Users\\CENGE\\Desktop\\thesis\\backend\\vendor\\laravel\\framework\\src\\Illuminate\\Foundation\\Application.php(1015): Illuminate\\Foundation\\Application->bootProvider(Object(App\\Providers\\AppServiceProvider))
#27 [internal function]: Illuminate\\Foundation\\Application->Illuminate\\Foundation\\{closure}(Object(App\\Providers\\AppServiceProvider), 20)
#28 C:\\Users\\CENGE\\Desktop\\thesis\\backend\\vendor\\laravel\\framework\\src\\Illuminate\\Foundation\\Application.php(1014): array_walk(Array, Object(Closure))
#29 C:\\Users\\CENGE\\Desktop\\thesis\\backend\\vendor\\laravel\\framework\\src\\Illuminate\\Foundation\\Bootstrap\\BootProviders.php(17): Illuminate\\Foundation\\Application->boot()
#30 C:\\Users\\CENGE\\Desktop\\thesis\\backend\\vendor\\laravel\\framework\\src\\Illuminate\\Foundation\\Application.php(263): Illuminate\\Foundation\\Bootstrap\\BootProviders->bootstrap(Object(Illuminate\\Foundation\\Application))
#31 C:\\Users\\CENGE\\Desktop\\thesis\\backend\\vendor\\laravel\\framework\\src\\Illuminate\\Foundation\\Http\\Kernel.php(186): Illuminate\\Foundation\\Application->bootstrapWith(Array)
#32 C:\\Users\\CENGE\\Desktop\\thesis\\backend\\vendor\\laravel\\framework\\src\\Illuminate\\Foundation\\Http\\Kernel.php(170): Illuminate\\Foundation\\Http\\Kernel->bootstrap()
#33 C:\\Users\\CENGE\\Desktop\\thesis\\backend\\vendor\\laravel\\framework\\src\\Illuminate\\Foundation\\Http\\Kernel.php(144): Illuminate\\Foundation\\Http\\Kernel->sendRequestThroughRouter(Object(Illuminate\\Http\\Request))
#34 C:\\Users\\CENGE\\Desktop\\thesis\\backend\\public\\index.php(51): Illuminate\\Foundation\\Http\\Kernel->handle(Object(Illuminate\\Http\\Request))
#35 C:\\Users\\CENGE\\Desktop\\thesis\\backend\\vendor\\laravel\\framework\\src\\Illuminate\\Foundation\\resources\\server.php(16): require_once('C:\\\\Users\\\\CENGE\\\\...')
#36 {main}

[previous exception] [object] (Illuminate\\Database\\SQLiteDatabaseDoesNotExistException(code: 0): Database file at path [database/database.sqlite] does not exist. Ensure this is an absolute path to the database. at C:\\Users\\CENGE\\Desktop\\thesis\\backend\\vendor\\laravel\\framework\\src\\Illuminate\\Database\\Connectors\\SQLiteConnector.php:34)
[stacktrace]
#0 C:\\Users\\CENGE\\Desktop\\thesis\\backend\\vendor\\laravel\\framework\\src\\Illuminate\\Database\\Connectors\\ConnectionFactory.php(221): Illuminate\\Database\\Connectors\\SQLiteConnector->connect(Array)
#1 [internal function]: Illuminate\\Database\\Connectors\\ConnectionFactory->Illuminate\\Database\\Connectors\\{closure}()
#2 C:\\Users\\CENGE\\Desktop\\thesis\\backend\\vendor\\laravel\\framework\\src\\Illuminate\\Database\\Connection.php(1339): call_user_func(Object(Closure))
#3 C:\\Users\\CENGE\\Desktop\\thesis\\backend\\vendor\\laravel\\framework\\src\\Illuminate\\Database\\Connection.php(581): Illuminate\\Database\\Connection->getPdo()
#4 C:\\Users\\CENGE\\Desktop\\thesis\\backend\\vendor\\laravel\\framework\\src\\Illuminate\\Database\\Connection.php(816): Illuminate\\Database\\Connection->Illuminate\\Database\\{closure}('PRAGMA foreign_...', Array)
#5 C:\\Users\\CENGE\\Desktop\\thesis\\backend\\vendor\\laravel\\framework\\src\\Illuminate\\Database\\Connection.php(783): Illuminate\\Database\\Connection->runQueryCallback('PRAGMA foreign_...', Array, Object(Closure))
#6 C:\\Users\\CENGE\\Desktop\\thesis\\backend\\vendor\\laravel\\framework\\src\\Illuminate\\Database\\Connection.php(576): Illuminate\\Database\\Connection->run('PRAGMA foreign_...', Array, Object(Closure))
#7 C:\\Users\\CENGE\\Desktop\\thesis\\backend\\vendor\\laravel\\framework\\src\\Illuminate\\Database\\Schema\\Builder.php(560): Illuminate\\Database\\Connection->statement('PRAGMA foreign_...')
#8 C:\\Users\\CENGE\\Desktop\\thesis\\backend\\vendor\\laravel\\framework\\src\\Illuminate\\Database\\SQLiteConnection.php(36): Illuminate\\Database\\Schema\\Builder->enableForeignKeyConstraints()
#9 C:\\Users\\CENGE\\Desktop\\thesis\\backend\\vendor\\laravel\\framework\\src\\Illuminate\\Database\\Connectors\\ConnectionFactory.php(272): Illuminate\\Database\\SQLiteConnection->__construct(Object(Closure), 'database/databa...', '', Array)
#10 C:\\Users\\CENGE\\Desktop\\thesis\\backend\\vendor\\laravel\\framework\\src\\Illuminate\\Database\\Connectors\\ConnectionFactory.php(75): Illuminate\\Database\\Connectors\\ConnectionFactory->createConnection('sqlite', Object(Closure), 'database/databa...', '', Array)
#11 C:\\Users\\CENGE\\Desktop\\thesis\\backend\\vendor\\laravel\\framework\\src\\Illuminate\\Database\\Connectors\\ConnectionFactory.php(50): Illuminate\\Database\\Connectors\\ConnectionFactory->createSingleConnection(Array)
#12 C:\\Users\\CENGE\\Desktop\\thesis\\backend\\vendor\\laravel\\framework\\src\\Illuminate\\Database\\DatabaseManager.php(175): Illuminate\\Database\\Connectors\\ConnectionFactory->make(Array, 'sqlite')
#13 C:\\Users\\CENGE\\Desktop\\thesis\\backend\\vendor\\laravel\\framework\\src\\Illuminate\\Database\\DatabaseManager.php(101): Illuminate\\Database\\DatabaseManager->makeConnection('sqlite')
#14 C:\\Users\\CENGE\\Desktop\\thesis\\backend\\vendor\\laravel\\framework\\src\\Illuminate\\Database\\DatabaseServiceProvider.php(74): Illuminate\\Database\\DatabaseManager->connection()
#15 C:\\Users\\CENGE\\Desktop\\thesis\\backend\\vendor\\laravel\\framework\\src\\Illuminate\\Container\\Container.php(908): Illuminate\\Database\\DatabaseServiceProvider->Illuminate\\Database\\{closure}(Object(Illuminate\\Foundation\\Application), Array)
#16 C:\\Users\\CENGE\\Desktop\\thesis\\backend\\vendor\\laravel\\framework\\src\\Illuminate\\Container\\Container.php(795): Illuminate\\Container\\Container->build(Object(Closure))
#17 C:\\Users\\CENGE\\Desktop\\thesis\\backend\\vendor\\laravel\\framework\\src\\Illuminate\\Foundation\\Application.php(961): Illuminate\\Container\\Container->resolve('db.schema', Array, true)
#18 C:\\Users\\CENGE\\Desktop\\thesis\\backend\\vendor\\laravel\\framework\\src\\Illuminate\\Container\\Container.php(731): Illuminate\\Foundation\\Application->resolve('db.schema', Array)
#19 C:\\Users\\CENGE\\Desktop\\thesis\\backend\\vendor\\laravel\\framework\\src\\Illuminate\\Foundation\\Application.php(946): Illuminate\\Container\\Container->make('db.schema', Array)
#20 C:\\Users\\CENGE\\Desktop\\thesis\\backend\\vendor\\laravel\\framework\\src\\Illuminate\\Container\\Container.php(1454): Illuminate\\Foundation\\Application->make('db.schema')
#21 C:\\Users\\CENGE\\Desktop\\thesis\\backend\\vendor\\laravel\\framework\\src\\Illuminate\\Support\\Facades\\Facade.php(240): Illuminate\\Container\\Container->offsetGet('db.schema')
#22 C:\\Users\\CENGE\\Desktop\\thesis\\backend\\vendor\\laravel\\framework\\src\\Illuminate\\Support\\Facades\\Facade.php(208): Illuminate\\Support\\Facades\\Facade::resolveFacadeInstance('db.schema')
#23 C:\\Users\\CENGE\\Desktop\\thesis\\backend\\vendor\\laravel\\framework\\src\\Illuminate\\Support\\Facades\\Facade.php(349): Illuminate\\Support\\Facades\\Facade::getFacadeRoot()
#24 C:\\Users\\CENGE\\Desktop\\thesis\\backend\\app\\Providers\\AppServiceProvider.php(22): Illuminate\\Support\\Facades\\Facade::__callStatic('defaultStringLe...', Array)
#25 C:\\Users\\CENGE\\Desktop\\thesis\\backend\\vendor\\laravel\\framework\\src\\Illuminate\\Container\\BoundMethod.php(36): App\\Providers\\AppServiceProvider->boot()
#26 C:\\Users\\CENGE\\Desktop\\thesis\\backend\\vendor\\laravel\\framework\\src\\Illuminate\\Container\\Util.php(41): Illuminate\\Container\\BoundMethod::Illuminate\\Container\\{closure}()
#27 C:\\Users\\CENGE\\Desktop\\thesis\\backend\\vendor\\laravel\\framework\\src\\Illuminate\\Container\\BoundMethod.php(93): Illuminate\\Container\\Util::unwrapIfClosure(Object(Closure))
#28 C:\\Users\\CENGE\\Desktop\\thesis\\backend\\vendor\\laravel\\framework\\src\\Illuminate\\Container\\BoundMethod.php(35): Illuminate\\Container\\BoundMethod::callBoundMethod(Object(Illuminate\\Foundation\\Application), Array, Object(Closure))
#29 C:\\Users\\CENGE\\Desktop\\thesis\\backend\\vendor\\laravel\\framework\\src\\Illuminate\\Container\\Container.php(662): Illuminate\\Container\\BoundMethod::call(Object(Illuminate\\Foundation\\Application), Array, Array, NULL)
#30 C:\\Users\\CENGE\\Desktop\\thesis\\backend\\vendor\\laravel\\framework\\src\\Illuminate\\Foundation\\Application.php(1034): Illuminate\\Container\\Container->call(Array)
#31 C:\\Users\\CENGE\\Desktop\\thesis\\backend\\vendor\\laravel\\framework\\src\\Illuminate\\Foundation\\Application.php(1015): Illuminate\\Foundation\\Application->bootProvider(Object(App\\Providers\\AppServiceProvider))
#32 [internal function]: Illuminate\\Foundation\\Application->Illuminate\\Foundation\\{closure}(Object(App\\Providers\\AppServiceProvider), 20)
#33 C:\\Users\\CENGE\\Desktop\\thesis\\backend\\vendor\\laravel\\framework\\src\\Illuminate\\Foundation\\Application.php(1014): array_walk(Array, Object(Closure))
#34 C:\\Users\\CENGE\\Desktop\\thesis\\backend\\vendor\\laravel\\framework\\src\\Illuminate\\Foundation\\Bootstrap\\BootProviders.php(17): Illuminate\\Foundation\\Application->boot()
#35 C:\\Users\\CENGE\\Desktop\\thesis\\backend\\vendor\\laravel\\framework\\src\\Illuminate\\Foundation\\Application.php(263): Illuminate\\Foundation\\Bootstrap\\BootProviders->bootstrap(Object(Illuminate\\Foundation\\Application))
#36 C:\\Users\\CENGE\\Desktop\\thesis\\backend\\vendor\\laravel\\framework\\src\\Illuminate\\Foundation\\Http\\Kernel.php(186): Illuminate\\Foundation\\Application->bootstrapWith(Array)
#37 C:\\Users\\CENGE\\Desktop\\thesis\\backend\\vendor\\laravel\\framework\\src\\Illuminate\\Foundation\\Http\\Kernel.php(170): Illuminate\\Foundation\\Http\\Kernel->bootstrap()
#38 C:\\Users\\CENGE\\Desktop\\thesis\\backend\\vendor\\laravel\\framework\\src\\Illuminate\\Foundation\\Http\\Kernel.php(144): Illuminate\\Foundation\\Http\\Kernel->sendRequestThroughRouter(Object(Illuminate\\Http\\Request))
#39 C:\\Users\\CENGE\\Desktop\\thesis\\backend\\public\\index.php(51): Illuminate\\Foundation\\Http\\Kernel->handle(Object(Illuminate\\Http\\Request))
#40 C:\\Users\\CENGE\\Desktop\\thesis\\backend\\vendor\\laravel\\framework\\src\\Illuminate\\Foundation\\resources\\server.php(16): require_once('C:\\\\Users\\\\CENGE\\\\...')
#41 {main}
"} 
[2025-02-27 15:08:24] local.ERROR: Database file at path [database/database.sqlite] does not exist. Ensure this is an absolute path to the database. (Connection: sqlite, SQL: PRAGMA foreign_keys = ON;) {"exception":"[object] (Illuminate\\Database\\QueryException(code: 0): Database file at path [database/database.sqlite] does not exist. Ensure this is an absolute path to the database. (Connection: sqlite, SQL: PRAGMA foreign_keys = ON;) at C:\\Users\\CENGE\\Desktop\\thesis\\backend\\vendor\\laravel\\framework\\src\\Illuminate\\Database\\Connection.php:829)
[stacktrace]
#0 C:\\Users\\CENGE\\Desktop\\thesis\\backend\\vendor\\laravel\\framework\\src\\Illuminate\\Database\\Connection.php(783): Illuminate\\Database\\Connection->runQueryCallback('PRAGMA foreign_...', Array, Object(Closure))
#1 C:\\Users\\CENGE\\Desktop\\thesis\\backend\\vendor\\laravel\\framework\\src\\Illuminate\\Database\\Connection.php(576): Illuminate\\Database\\Connection->run('PRAGMA foreign_...', Array, Object(Closure))
#2 C:\\Users\\CENGE\\Desktop\\thesis\\backend\\vendor\\laravel\\framework\\src\\Illuminate\\Database\\Schema\\Builder.php(560): Illuminate\\Database\\Connection->statement('PRAGMA foreign_...')
#3 C:\\Users\\CENGE\\Desktop\\thesis\\backend\\vendor\\laravel\\framework\\src\\Illuminate\\Database\\SQLiteConnection.php(36): Illuminate\\Database\\Schema\\Builder->enableForeignKeyConstraints()
#4 C:\\Users\\CENGE\\Desktop\\thesis\\backend\\vendor\\laravel\\framework\\src\\Illuminate\\Database\\Connectors\\ConnectionFactory.php(272): Illuminate\\Database\\SQLiteConnection->__construct(Object(Closure), 'database/databa...', '', Array)
#5 C:\\Users\\CENGE\\Desktop\\thesis\\backend\\vendor\\laravel\\framework\\src\\Illuminate\\Database\\Connectors\\ConnectionFactory.php(75): Illuminate\\Database\\Connectors\\ConnectionFactory->createConnection('sqlite', Object(Closure), 'database/databa...', '', Array)
#6 C:\\Users\\CENGE\\Desktop\\thesis\\backend\\vendor\\laravel\\framework\\src\\Illuminate\\Database\\Connectors\\ConnectionFactory.php(50): Illuminate\\Database\\Connectors\\ConnectionFactory->createSingleConnection(Array)
#7 C:\\Users\\CENGE\\Desktop\\thesis\\backend\\vendor\\laravel\\framework\\src\\Illuminate\\Database\\DatabaseManager.php(175): Illuminate\\Database\\Connectors\\ConnectionFactory->make(Array, 'sqlite')
#8 C:\\Users\\CENGE\\Desktop\\thesis\\backend\\vendor\\laravel\\framework\\src\\Illuminate\\Database\\DatabaseManager.php(101): Illuminate\\Database\\DatabaseManager->makeConnection('sqlite')
#9 C:\\Users\\CENGE\\Desktop\\thesis\\backend\\vendor\\laravel\\framework\\src\\Illuminate\\Database\\DatabaseServiceProvider.php(74): Illuminate\\Database\\DatabaseManager->connection()
#10 C:\\Users\\CENGE\\Desktop\\thesis\\backend\\vendor\\laravel\\framework\\src\\Illuminate\\Container\\Container.php(908): Illuminate\\Database\\DatabaseServiceProvider->Illuminate\\Database\\{closure}(Object(Illuminate\\Foundation\\Application), Array)
#11 C:\\Users\\CENGE\\Desktop\\thesis\\backend\\vendor\\laravel\\framework\\src\\Illuminate\\Container\\Container.php(795): Illuminate\\Container\\Container->build(Object(Closure))
#12 C:\\Users\\CENGE\\Desktop\\thesis\\backend\\vendor\\laravel\\framework\\src\\Illuminate\\Foundation\\Application.php(961): Illuminate\\Container\\Container->resolve('db.schema', Array, true)
#13 C:\\Users\\CENGE\\Desktop\\thesis\\backend\\vendor\\laravel\\framework\\src\\Illuminate\\Container\\Container.php(731): Illuminate\\Foundation\\Application->resolve('db.schema', Array)
#14 C:\\Users\\CENGE\\Desktop\\thesis\\backend\\vendor\\laravel\\framework\\src\\Illuminate\\Foundation\\Application.php(946): Illuminate\\Container\\Container->make('db.schema', Array)
#15 C:\\Users\\CENGE\\Desktop\\thesis\\backend\\vendor\\laravel\\framework\\src\\Illuminate\\Container\\Container.php(1454): Illuminate\\Foundation\\Application->make('db.schema')
#16 C:\\Users\\CENGE\\Desktop\\thesis\\backend\\vendor\\laravel\\framework\\src\\Illuminate\\Support\\Facades\\Facade.php(240): Illuminate\\Container\\Container->offsetGet('db.schema')
#17 C:\\Users\\CENGE\\Desktop\\thesis\\backend\\vendor\\laravel\\framework\\src\\Illuminate\\Support\\Facades\\Facade.php(208): Illuminate\\Support\\Facades\\Facade::resolveFacadeInstance('db.schema')
#18 C:\\Users\\CENGE\\Desktop\\thesis\\backend\\vendor\\laravel\\framework\\src\\Illuminate\\Support\\Facades\\Facade.php(349): Illuminate\\Support\\Facades\\Facade::getFacadeRoot()
#19 C:\\Users\\CENGE\\Desktop\\thesis\\backend\\app\\Providers\\AppServiceProvider.php(22): Illuminate\\Support\\Facades\\Facade::__callStatic('defaultStringLe...', Array)
#20 C:\\Users\\CENGE\\Desktop\\thesis\\backend\\vendor\\laravel\\framework\\src\\Illuminate\\Container\\BoundMethod.php(36): App\\Providers\\AppServiceProvider->boot()
#21 C:\\Users\\CENGE\\Desktop\\thesis\\backend\\vendor\\laravel\\framework\\src\\Illuminate\\Container\\Util.php(41): Illuminate\\Container\\BoundMethod::Illuminate\\Container\\{closure}()
#22 C:\\Users\\CENGE\\Desktop\\thesis\\backend\\vendor\\laravel\\framework\\src\\Illuminate\\Container\\BoundMethod.php(93): Illuminate\\Container\\Util::unwrapIfClosure(Object(Closure))
#23 C:\\Users\\CENGE\\Desktop\\thesis\\backend\\vendor\\laravel\\framework\\src\\Illuminate\\Container\\BoundMethod.php(35): Illuminate\\Container\\BoundMethod::callBoundMethod(Object(Illuminate\\Foundation\\Application), Array, Object(Closure))
#24 C:\\Users\\CENGE\\Desktop\\thesis\\backend\\vendor\\laravel\\framework\\src\\Illuminate\\Container\\Container.php(662): Illuminate\\Container\\BoundMethod::call(Object(Illuminate\\Foundation\\Application), Array, Array, NULL)
#25 C:\\Users\\CENGE\\Desktop\\thesis\\backend\\vendor\\laravel\\framework\\src\\Illuminate\\Foundation\\Application.php(1034): Illuminate\\Container\\Container->call(Array)
#26 C:\\Users\\CENGE\\Desktop\\thesis\\backend\\vendor\\laravel\\framework\\src\\Illuminate\\Foundation\\Application.php(1015): Illuminate\\Foundation\\Application->bootProvider(Object(App\\Providers\\AppServiceProvider))
#27 [internal function]: Illuminate\\Foundation\\Application->Illuminate\\Foundation\\{closure}(Object(App\\Providers\\AppServiceProvider), 20)
#28 C:\\Users\\CENGE\\Desktop\\thesis\\backend\\vendor\\laravel\\framework\\src\\Illuminate\\Foundation\\Application.php(1014): array_walk(Array, Object(Closure))
#29 C:\\Users\\CENGE\\Desktop\\thesis\\backend\\vendor\\laravel\\framework\\src\\Illuminate\\Foundation\\Bootstrap\\BootProviders.php(17): Illuminate\\Foundation\\Application->boot()
#30 C:\\Users\\CENGE\\Desktop\\thesis\\backend\\vendor\\laravel\\framework\\src\\Illuminate\\Foundation\\Application.php(263): Illuminate\\Foundation\\Bootstrap\\BootProviders->bootstrap(Object(Illuminate\\Foundation\\Application))
#31 C:\\Users\\CENGE\\Desktop\\thesis\\backend\\vendor\\laravel\\framework\\src\\Illuminate\\Foundation\\Http\\Kernel.php(186): Illuminate\\Foundation\\Application->bootstrapWith(Array)
#32 C:\\Users\\CENGE\\Desktop\\thesis\\backend\\vendor\\laravel\\framework\\src\\Illuminate\\Foundation\\Http\\Kernel.php(170): Illuminate\\Foundation\\Http\\Kernel->bootstrap()
#33 C:\\Users\\CENGE\\Desktop\\thesis\\backend\\vendor\\laravel\\framework\\src\\Illuminate\\Foundation\\Http\\Kernel.php(144): Illuminate\\Foundation\\Http\\Kernel->sendRequestThroughRouter(Object(Illuminate\\Http\\Request))
#34 C:\\Users\\CENGE\\Desktop\\thesis\\backend\\public\\index.php(51): Illuminate\\Foundation\\Http\\Kernel->handle(Object(Illuminate\\Http\\Request))
#35 C:\\Users\\CENGE\\Desktop\\thesis\\backend\\vendor\\laravel\\framework\\src\\Illuminate\\Foundation\\resources\\server.php(16): require_once('C:\\\\Users\\\\CENGE\\\\...')
#36 {main}

[previous exception] [object] (Illuminate\\Database\\SQLiteDatabaseDoesNotExistException(code: 0): Database file at path [database/database.sqlite] does not exist. Ensure this is an absolute path to the database. at C:\\Users\\CENGE\\Desktop\\thesis\\backend\\vendor\\laravel\\framework\\src\\Illuminate\\Database\\Connectors\\SQLiteConnector.php:34)
[stacktrace]
#0 C:\\Users\\CENGE\\Desktop\\thesis\\backend\\vendor\\laravel\\framework\\src\\Illuminate\\Database\\Connectors\\ConnectionFactory.php(221): Illuminate\\Database\\Connectors\\SQLiteConnector->connect(Array)
#1 [internal function]: Illuminate\\Database\\Connectors\\ConnectionFactory->Illuminate\\Database\\Connectors\\{closure}()
#2 C:\\Users\\CENGE\\Desktop\\thesis\\backend\\vendor\\laravel\\framework\\src\\Illuminate\\Database\\Connection.php(1339): call_user_func(Object(Closure))
#3 C:\\Users\\CENGE\\Desktop\\thesis\\backend\\vendor\\laravel\\framework\\src\\Illuminate\\Database\\Connection.php(581): Illuminate\\Database\\Connection->getPdo()
#4 C:\\Users\\CENGE\\Desktop\\thesis\\backend\\vendor\\laravel\\framework\\src\\Illuminate\\Database\\Connection.php(816): Illuminate\\Database\\Connection->Illuminate\\Database\\{closure}('PRAGMA foreign_...', Array)
#5 C:\\Users\\CENGE\\Desktop\\thesis\\backend\\vendor\\laravel\\framework\\src\\Illuminate\\Database\\Connection.php(783): Illuminate\\Database\\Connection->runQueryCallback('PRAGMA foreign_...', Array, Object(Closure))
#6 C:\\Users\\CENGE\\Desktop\\thesis\\backend\\vendor\\laravel\\framework\\src\\Illuminate\\Database\\Connection.php(576): Illuminate\\Database\\Connection->run('PRAGMA foreign_...', Array, Object(Closure))
#7 C:\\Users\\CENGE\\Desktop\\thesis\\backend\\vendor\\laravel\\framework\\src\\Illuminate\\Database\\Schema\\Builder.php(560): Illuminate\\Database\\Connection->statement('PRAGMA foreign_...')
#8 C:\\Users\\CENGE\\Desktop\\thesis\\backend\\vendor\\laravel\\framework\\src\\Illuminate\\Database\\SQLiteConnection.php(36): Illuminate\\Database\\Schema\\Builder->enableForeignKeyConstraints()
#9 C:\\Users\\CENGE\\Desktop\\thesis\\backend\\vendor\\laravel\\framework\\src\\Illuminate\\Database\\Connectors\\ConnectionFactory.php(272): Illuminate\\Database\\SQLiteConnection->__construct(Object(Closure), 'database/databa...', '', Array)
#10 C:\\Users\\CENGE\\Desktop\\thesis\\backend\\vendor\\laravel\\framework\\src\\Illuminate\\Database\\Connectors\\ConnectionFactory.php(75): Illuminate\\Database\\Connectors\\ConnectionFactory->createConnection('sqlite', Object(Closure), 'database/databa...', '', Array)
#11 C:\\Users\\CENGE\\Desktop\\thesis\\backend\\vendor\\laravel\\framework\\src\\Illuminate\\Database\\Connectors\\ConnectionFactory.php(50): Illuminate\\Database\\Connectors\\ConnectionFactory->createSingleConnection(Array)
#12 C:\\Users\\CENGE\\Desktop\\thesis\\backend\\vendor\\laravel\\framework\\src\\Illuminate\\Database\\DatabaseManager.php(175): Illuminate\\Database\\Connectors\\ConnectionFactory->make(Array, 'sqlite')
#13 C:\\Users\\CENGE\\Desktop\\thesis\\backend\\vendor\\laravel\\framework\\src\\Illuminate\\Database\\DatabaseManager.php(101): Illuminate\\Database\\DatabaseManager->makeConnection('sqlite')
#14 C:\\Users\\CENGE\\Desktop\\thesis\\backend\\vendor\\laravel\\framework\\src\\Illuminate\\Database\\DatabaseServiceProvider.php(74): Illuminate\\Database\\DatabaseManager->connection()
#15 C:\\Users\\CENGE\\Desktop\\thesis\\backend\\vendor\\laravel\\framework\\src\\Illuminate\\Container\\Container.php(908): Illuminate\\Database\\DatabaseServiceProvider->Illuminate\\Database\\{closure}(Object(Illuminate\\Foundation\\Application), Array)
#16 C:\\Users\\CENGE\\Desktop\\thesis\\backend\\vendor\\laravel\\framework\\src\\Illuminate\\Container\\Container.php(795): Illuminate\\Container\\Container->build(Object(Closure))
#17 C:\\Users\\CENGE\\Desktop\\thesis\\backend\\vendor\\laravel\\framework\\src\\Illuminate\\Foundation\\Application.php(961): Illuminate\\Container\\Container->resolve('db.schema', Array, true)
#18 C:\\Users\\CENGE\\Desktop\\thesis\\backend\\vendor\\laravel\\framework\\src\\Illuminate\\Container\\Container.php(731): Illuminate\\Foundation\\Application->resolve('db.schema', Array)
#19 C:\\Users\\CENGE\\Desktop\\thesis\\backend\\vendor\\laravel\\framework\\src\\Illuminate\\Foundation\\Application.php(946): Illuminate\\Container\\Container->make('db.schema', Array)
#20 C:\\Users\\CENGE\\Desktop\\thesis\\backend\\vendor\\laravel\\framework\\src\\Illuminate\\Container\\Container.php(1454): Illuminate\\Foundation\\Application->make('db.schema')
#21 C:\\Users\\CENGE\\Desktop\\thesis\\backend\\vendor\\laravel\\framework\\src\\Illuminate\\Support\\Facades\\Facade.php(240): Illuminate\\Container\\Container->offsetGet('db.schema')
#22 C:\\Users\\CENGE\\Desktop\\thesis\\backend\\vendor\\laravel\\framework\\src\\Illuminate\\Support\\Facades\\Facade.php(208): Illuminate\\Support\\Facades\\Facade::resolveFacadeInstance('db.schema')
#23 C:\\Users\\CENGE\\Desktop\\thesis\\backend\\vendor\\laravel\\framework\\src\\Illuminate\\Support\\Facades\\Facade.php(349): Illuminate\\Support\\Facades\\Facade::getFacadeRoot()
#24 C:\\Users\\CENGE\\Desktop\\thesis\\backend\\app\\Providers\\AppServiceProvider.php(22): Illuminate\\Support\\Facades\\Facade::__callStatic('defaultStringLe...', Array)
#25 C:\\Users\\CENGE\\Desktop\\thesis\\backend\\vendor\\laravel\\framework\\src\\Illuminate\\Container\\BoundMethod.php(36): App\\Providers\\AppServiceProvider->boot()
#26 C:\\Users\\CENGE\\Desktop\\thesis\\backend\\vendor\\laravel\\framework\\src\\Illuminate\\Container\\Util.php(41): Illuminate\\Container\\BoundMethod::Illuminate\\Container\\{closure}()
#27 C:\\Users\\CENGE\\Desktop\\thesis\\backend\\vendor\\laravel\\framework\\src\\Illuminate\\Container\\BoundMethod.php(93): Illuminate\\Container\\Util::unwrapIfClosure(Object(Closure))
#28 C:\\Users\\CENGE\\Desktop\\thesis\\backend\\vendor\\laravel\\framework\\src\\Illuminate\\Container\\BoundMethod.php(35): Illuminate\\Container\\BoundMethod::callBoundMethod(Object(Illuminate\\Foundation\\Application), Array, Object(Closure))
#29 C:\\Users\\CENGE\\Desktop\\thesis\\backend\\vendor\\laravel\\framework\\src\\Illuminate\\Container\\Container.php(662): Illuminate\\Container\\BoundMethod::call(Object(Illuminate\\Foundation\\Application), Array, Array, NULL)
#30 C:\\Users\\CENGE\\Desktop\\thesis\\backend\\vendor\\laravel\\framework\\src\\Illuminate\\Foundation\\Application.php(1034): Illuminate\\Container\\Container->call(Array)
#31 C:\\Users\\CENGE\\Desktop\\thesis\\backend\\vendor\\laravel\\framework\\src\\Illuminate\\Foundation\\Application.php(1015): Illuminate\\Foundation\\Application->bootProvider(Object(App\\Providers\\AppServiceProvider))
#32 [internal function]: Illuminate\\Foundation\\Application->Illuminate\\Foundation\\{closure}(Object(App\\Providers\\AppServiceProvider), 20)
#33 C:\\Users\\CENGE\\Desktop\\thesis\\backend\\vendor\\laravel\\framework\\src\\Illuminate\\Foundation\\Application.php(1014): array_walk(Array, Object(Closure))
#34 C:\\Users\\CENGE\\Desktop\\thesis\\backend\\vendor\\laravel\\framework\\src\\Illuminate\\Foundation\\Bootstrap\\BootProviders.php(17): Illuminate\\Foundation\\Application->boot()
#35 C:\\Users\\CENGE\\Desktop\\thesis\\backend\\vendor\\laravel\\framework\\src\\Illuminate\\Foundation\\Application.php(263): Illuminate\\Foundation\\Bootstrap\\BootProviders->bootstrap(Object(Illuminate\\Foundation\\Application))
#36 C:\\Users\\CENGE\\Desktop\\thesis\\backend\\vendor\\laravel\\framework\\src\\Illuminate\\Foundation\\Http\\Kernel.php(186): Illuminate\\Foundation\\Application->bootstrapWith(Array)
#37 C:\\Users\\CENGE\\Desktop\\thesis\\backend\\vendor\\laravel\\framework\\src\\Illuminate\\Foundation\\Http\\Kernel.php(170): Illuminate\\Foundation\\Http\\Kernel->bootstrap()
#38 C:\\Users\\CENGE\\Desktop\\thesis\\backend\\vendor\\laravel\\framework\\src\\Illuminate\\Foundation\\Http\\Kernel.php(144): Illuminate\\Foundation\\Http\\Kernel->sendRequestThroughRouter(Object(Illuminate\\Http\\Request))
#39 C:\\Users\\CENGE\\Desktop\\thesis\\backend\\public\\index.php(51): Illuminate\\Foundation\\Http\\Kernel->handle(Object(Illuminate\\Http\\Request))
#40 C:\\Users\\CENGE\\Desktop\\thesis\\backend\\vendor\\laravel\\framework\\src\\Illuminate\\Foundation\\resources\\server.php(16): require_once('C:\\\\Users\\\\CENGE\\\\...')
#41 {main}
"} 
[2025-02-27 15:10:56] local.ERROR: Database file at path [database/database.sqlite] does not exist. Ensure this is an absolute path to the database. (Connection: sqlite, SQL: PRAGMA foreign_keys = ON;) {"exception":"[object] (Illuminate\\Database\\QueryException(code: 0): Database file at path [database/database.sqlite] does not exist. Ensure this is an absolute path to the database. (Connection: sqlite, SQL: PRAGMA foreign_keys = ON;) at C:\\Users\\CENGE\\Desktop\\thesis\\backend\\vendor\\laravel\\framework\\src\\Illuminate\\Database\\Connection.php:829)
[stacktrace]
#0 C:\\Users\\CENGE\\Desktop\\thesis\\backend\\vendor\\laravel\\framework\\src\\Illuminate\\Database\\Connection.php(783): Illuminate\\Database\\Connection->runQueryCallback('PRAGMA foreign_...', Array, Object(Closure))
#1 C:\\Users\\CENGE\\Desktop\\thesis\\backend\\vendor\\laravel\\framework\\src\\Illuminate\\Database\\Connection.php(576): Illuminate\\Database\\Connection->run('PRAGMA foreign_...', Array, Object(Closure))
#2 C:\\Users\\CENGE\\Desktop\\thesis\\backend\\vendor\\laravel\\framework\\src\\Illuminate\\Database\\Schema\\Builder.php(560): Illuminate\\Database\\Connection->statement('PRAGMA foreign_...')
#3 C:\\Users\\CENGE\\Desktop\\thesis\\backend\\vendor\\laravel\\framework\\src\\Illuminate\\Database\\SQLiteConnection.php(36): Illuminate\\Database\\Schema\\Builder->enableForeignKeyConstraints()
#4 C:\\Users\\CENGE\\Desktop\\thesis\\backend\\vendor\\laravel\\framework\\src\\Illuminate\\Database\\Connectors\\ConnectionFactory.php(272): Illuminate\\Database\\SQLiteConnection->__construct(Object(Closure), 'database/databa...', '', Array)
#5 C:\\Users\\CENGE\\Desktop\\thesis\\backend\\vendor\\laravel\\framework\\src\\Illuminate\\Database\\Connectors\\ConnectionFactory.php(75): Illuminate\\Database\\Connectors\\ConnectionFactory->createConnection('sqlite', Object(Closure), 'database/databa...', '', Array)
#6 C:\\Users\\CENGE\\Desktop\\thesis\\backend\\vendor\\laravel\\framework\\src\\Illuminate\\Database\\Connectors\\ConnectionFactory.php(50): Illuminate\\Database\\Connectors\\ConnectionFactory->createSingleConnection(Array)
#7 C:\\Users\\CENGE\\Desktop\\thesis\\backend\\vendor\\laravel\\framework\\src\\Illuminate\\Database\\DatabaseManager.php(175): Illuminate\\Database\\Connectors\\ConnectionFactory->make(Array, 'sqlite')
#8 C:\\Users\\CENGE\\Desktop\\thesis\\backend\\vendor\\laravel\\framework\\src\\Illuminate\\Database\\DatabaseManager.php(101): Illuminate\\Database\\DatabaseManager->makeConnection('sqlite')
#9 C:\\Users\\CENGE\\Desktop\\thesis\\backend\\vendor\\laravel\\framework\\src\\Illuminate\\Database\\DatabaseServiceProvider.php(74): Illuminate\\Database\\DatabaseManager->connection()
#10 C:\\Users\\CENGE\\Desktop\\thesis\\backend\\vendor\\laravel\\framework\\src\\Illuminate\\Container\\Container.php(908): Illuminate\\Database\\DatabaseServiceProvider->Illuminate\\Database\\{closure}(Object(Illuminate\\Foundation\\Application), Array)
#11 C:\\Users\\CENGE\\Desktop\\thesis\\backend\\vendor\\laravel\\framework\\src\\Illuminate\\Container\\Container.php(795): Illuminate\\Container\\Container->build(Object(Closure))
#12 C:\\Users\\CENGE\\Desktop\\thesis\\backend\\vendor\\laravel\\framework\\src\\Illuminate\\Foundation\\Application.php(961): Illuminate\\Container\\Container->resolve('db.schema', Array, true)
#13 C:\\Users\\CENGE\\Desktop\\thesis\\backend\\vendor\\laravel\\framework\\src\\Illuminate\\Container\\Container.php(731): Illuminate\\Foundation\\Application->resolve('db.schema', Array)
#14 C:\\Users\\CENGE\\Desktop\\thesis\\backend\\vendor\\laravel\\framework\\src\\Illuminate\\Foundation\\Application.php(946): Illuminate\\Container\\Container->make('db.schema', Array)
#15 C:\\Users\\CENGE\\Desktop\\thesis\\backend\\vendor\\laravel\\framework\\src\\Illuminate\\Container\\Container.php(1454): Illuminate\\Foundation\\Application->make('db.schema')
#16 C:\\Users\\CENGE\\Desktop\\thesis\\backend\\vendor\\laravel\\framework\\src\\Illuminate\\Support\\Facades\\Facade.php(240): Illuminate\\Container\\Container->offsetGet('db.schema')
#17 C:\\Users\\CENGE\\Desktop\\thesis\\backend\\vendor\\laravel\\framework\\src\\Illuminate\\Support\\Facades\\Facade.php(208): Illuminate\\Support\\Facades\\Facade::resolveFacadeInstance('db.schema')
#18 C:\\Users\\CENGE\\Desktop\\thesis\\backend\\vendor\\laravel\\framework\\src\\Illuminate\\Support\\Facades\\Facade.php(349): Illuminate\\Support\\Facades\\Facade::getFacadeRoot()
#19 C:\\Users\\CENGE\\Desktop\\thesis\\backend\\app\\Providers\\AppServiceProvider.php(22): Illuminate\\Support\\Facades\\Facade::__callStatic('defaultStringLe...', Array)
#20 C:\\Users\\CENGE\\Desktop\\thesis\\backend\\vendor\\laravel\\framework\\src\\Illuminate\\Container\\BoundMethod.php(36): App\\Providers\\AppServiceProvider->boot()
#21 C:\\Users\\CENGE\\Desktop\\thesis\\backend\\vendor\\laravel\\framework\\src\\Illuminate\\Container\\Util.php(41): Illuminate\\Container\\BoundMethod::Illuminate\\Container\\{closure}()
#22 C:\\Users\\CENGE\\Desktop\\thesis\\backend\\vendor\\laravel\\framework\\src\\Illuminate\\Container\\BoundMethod.php(93): Illuminate\\Container\\Util::unwrapIfClosure(Object(Closure))
#23 C:\\Users\\CENGE\\Desktop\\thesis\\backend\\vendor\\laravel\\framework\\src\\Illuminate\\Container\\BoundMethod.php(35): Illuminate\\Container\\BoundMethod::callBoundMethod(Object(Illuminate\\Foundation\\Application), Array, Object(Closure))
#24 C:\\Users\\CENGE\\Desktop\\thesis\\backend\\vendor\\laravel\\framework\\src\\Illuminate\\Container\\Container.php(662): Illuminate\\Container\\BoundMethod::call(Object(Illuminate\\Foundation\\Application), Array, Array, NULL)
#25 C:\\Users\\CENGE\\Desktop\\thesis\\backend\\vendor\\laravel\\framework\\src\\Illuminate\\Foundation\\Application.php(1034): Illuminate\\Container\\Container->call(Array)
#26 C:\\Users\\CENGE\\Desktop\\thesis\\backend\\vendor\\laravel\\framework\\src\\Illuminate\\Foundation\\Application.php(1015): Illuminate\\Foundation\\Application->bootProvider(Object(App\\Providers\\AppServiceProvider))
#27 [internal function]: Illuminate\\Foundation\\Application->Illuminate\\Foundation\\{closure}(Object(App\\Providers\\AppServiceProvider), 20)
#28 C:\\Users\\CENGE\\Desktop\\thesis\\backend\\vendor\\laravel\\framework\\src\\Illuminate\\Foundation\\Application.php(1014): array_walk(Array, Object(Closure))
#29 C:\\Users\\CENGE\\Desktop\\thesis\\backend\\vendor\\laravel\\framework\\src\\Illuminate\\Foundation\\Bootstrap\\BootProviders.php(17): Illuminate\\Foundation\\Application->boot()
#30 C:\\Users\\CENGE\\Desktop\\thesis\\backend\\vendor\\laravel\\framework\\src\\Illuminate\\Foundation\\Application.php(263): Illuminate\\Foundation\\Bootstrap\\BootProviders->bootstrap(Object(Illuminate\\Foundation\\Application))
#31 C:\\Users\\CENGE\\Desktop\\thesis\\backend\\vendor\\laravel\\framework\\src\\Illuminate\\Foundation\\Http\\Kernel.php(186): Illuminate\\Foundation\\Application->bootstrapWith(Array)
#32 C:\\Users\\CENGE\\Desktop\\thesis\\backend\\vendor\\laravel\\framework\\src\\Illuminate\\Foundation\\Http\\Kernel.php(170): Illuminate\\Foundation\\Http\\Kernel->bootstrap()
#33 C:\\Users\\CENGE\\Desktop\\thesis\\backend\\vendor\\laravel\\framework\\src\\Illuminate\\Foundation\\Http\\Kernel.php(144): Illuminate\\Foundation\\Http\\Kernel->sendRequestThroughRouter(Object(Illuminate\\Http\\Request))
#34 C:\\Users\\CENGE\\Desktop\\thesis\\backend\\public\\index.php(52): Illuminate\\Foundation\\Http\\Kernel->handle(Object(Illuminate\\Http\\Request))
#35 C:\\Users\\CENGE\\Desktop\\thesis\\backend\\vendor\\laravel\\framework\\src\\Illuminate\\Foundation\\resources\\server.php(16): require_once('C:\\\\Users\\\\CENGE\\\\...')
#36 {main}

[previous exception] [object] (Illuminate\\Database\\SQLiteDatabaseDoesNotExistException(code: 0): Database file at path [database/database.sqlite] does not exist. Ensure this is an absolute path to the database. at C:\\Users\\CENGE\\Desktop\\thesis\\backend\\vendor\\laravel\\framework\\src\\Illuminate\\Database\\Connectors\\SQLiteConnector.php:34)
[stacktrace]
#0 C:\\Users\\CENGE\\Desktop\\thesis\\backend\\vendor\\laravel\\framework\\src\\Illuminate\\Database\\Connectors\\ConnectionFactory.php(221): Illuminate\\Database\\Connectors\\SQLiteConnector->connect(Array)
#1 [internal function]: Illuminate\\Database\\Connectors\\ConnectionFactory->Illuminate\\Database\\Connectors\\{closure}()
#2 C:\\Users\\CENGE\\Desktop\\thesis\\backend\\vendor\\laravel\\framework\\src\\Illuminate\\Database\\Connection.php(1339): call_user_func(Object(Closure))
#3 C:\\Users\\CENGE\\Desktop\\thesis\\backend\\vendor\\laravel\\framework\\src\\Illuminate\\Database\\Connection.php(581): Illuminate\\Database\\Connection->getPdo()
#4 C:\\Users\\CENGE\\Desktop\\thesis\\backend\\vendor\\laravel\\framework\\src\\Illuminate\\Database\\Connection.php(816): Illuminate\\Database\\Connection->Illuminate\\Database\\{closure}('PRAGMA foreign_...', Array)
#5 C:\\Users\\CENGE\\Desktop\\thesis\\backend\\vendor\\laravel\\framework\\src\\Illuminate\\Database\\Connection.php(783): Illuminate\\Database\\Connection->runQueryCallback('PRAGMA foreign_...', Array, Object(Closure))
#6 C:\\Users\\CENGE\\Desktop\\thesis\\backend\\vendor\\laravel\\framework\\src\\Illuminate\\Database\\Connection.php(576): Illuminate\\Database\\Connection->run('PRAGMA foreign_...', Array, Object(Closure))
#7 C:\\Users\\CENGE\\Desktop\\thesis\\backend\\vendor\\laravel\\framework\\src\\Illuminate\\Database\\Schema\\Builder.php(560): Illuminate\\Database\\Connection->statement('PRAGMA foreign_...')
#8 C:\\Users\\CENGE\\Desktop\\thesis\\backend\\vendor\\laravel\\framework\\src\\Illuminate\\Database\\SQLiteConnection.php(36): Illuminate\\Database\\Schema\\Builder->enableForeignKeyConstraints()
#9 C:\\Users\\CENGE\\Desktop\\thesis\\backend\\vendor\\laravel\\framework\\src\\Illuminate\\Database\\Connectors\\ConnectionFactory.php(272): Illuminate\\Database\\SQLiteConnection->__construct(Object(Closure), 'database/databa...', '', Array)
#10 C:\\Users\\CENGE\\Desktop\\thesis\\backend\\vendor\\laravel\\framework\\src\\Illuminate\\Database\\Connectors\\ConnectionFactory.php(75): Illuminate\\Database\\Connectors\\ConnectionFactory->createConnection('sqlite', Object(Closure), 'database/databa...', '', Array)
#11 C:\\Users\\CENGE\\Desktop\\thesis\\backend\\vendor\\laravel\\framework\\src\\Illuminate\\Database\\Connectors\\ConnectionFactory.php(50): Illuminate\\Database\\Connectors\\ConnectionFactory->createSingleConnection(Array)
#12 C:\\Users\\CENGE\\Desktop\\thesis\\backend\\vendor\\laravel\\framework\\src\\Illuminate\\Database\\DatabaseManager.php(175): Illuminate\\Database\\Connectors\\ConnectionFactory->make(Array, 'sqlite')
#13 C:\\Users\\CENGE\\Desktop\\thesis\\backend\\vendor\\laravel\\framework\\src\\Illuminate\\Database\\DatabaseManager.php(101): Illuminate\\Database\\DatabaseManager->makeConnection('sqlite')
#14 C:\\Users\\CENGE\\Desktop\\thesis\\backend\\vendor\\laravel\\framework\\src\\Illuminate\\Database\\DatabaseServiceProvider.php(74): Illuminate\\Database\\DatabaseManager->connection()
#15 C:\\Users\\CENGE\\Desktop\\thesis\\backend\\vendor\\laravel\\framework\\src\\Illuminate\\Container\\Container.php(908): Illuminate\\Database\\DatabaseServiceProvider->Illuminate\\Database\\{closure}(Object(Illuminate\\Foundation\\Application), Array)
#16 C:\\Users\\CENGE\\Desktop\\thesis\\backend\\vendor\\laravel\\framework\\src\\Illuminate\\Container\\Container.php(795): Illuminate\\Container\\Container->build(Object(Closure))
#17 C:\\Users\\CENGE\\Desktop\\thesis\\backend\\vendor\\laravel\\framework\\src\\Illuminate\\Foundation\\Application.php(961): Illuminate\\Container\\Container->resolve('db.schema', Array, true)
#18 C:\\Users\\CENGE\\Desktop\\thesis\\backend\\vendor\\laravel\\framework\\src\\Illuminate\\Container\\Container.php(731): Illuminate\\Foundation\\Application->resolve('db.schema', Array)
#19 C:\\Users\\CENGE\\Desktop\\thesis\\backend\\vendor\\laravel\\framework\\src\\Illuminate\\Foundation\\Application.php(946): Illuminate\\Container\\Container->make('db.schema', Array)
#20 C:\\Users\\CENGE\\Desktop\\thesis\\backend\\vendor\\laravel\\framework\\src\\Illuminate\\Container\\Container.php(1454): Illuminate\\Foundation\\Application->make('db.schema')
#21 C:\\Users\\CENGE\\Desktop\\thesis\\backend\\vendor\\laravel\\framework\\src\\Illuminate\\Support\\Facades\\Facade.php(240): Illuminate\\Container\\Container->offsetGet('db.schema')
#22 C:\\Users\\CENGE\\Desktop\\thesis\\backend\\vendor\\laravel\\framework\\src\\Illuminate\\Support\\Facades\\Facade.php(208): Illuminate\\Support\\Facades\\Facade::resolveFacadeInstance('db.schema')
#23 C:\\Users\\CENGE\\Desktop\\thesis\\backend\\vendor\\laravel\\framework\\src\\Illuminate\\Support\\Facades\\Facade.php(349): Illuminate\\Support\\Facades\\Facade::getFacadeRoot()
#24 C:\\Users\\CENGE\\Desktop\\thesis\\backend\\app\\Providers\\AppServiceProvider.php(22): Illuminate\\Support\\Facades\\Facade::__callStatic('defaultStringLe...', Array)
#25 C:\\Users\\CENGE\\Desktop\\thesis\\backend\\vendor\\laravel\\framework\\src\\Illuminate\\Container\\BoundMethod.php(36): App\\Providers\\AppServiceProvider->boot()
#26 C:\\Users\\CENGE\\Desktop\\thesis\\backend\\vendor\\laravel\\framework\\src\\Illuminate\\Container\\Util.php(41): Illuminate\\Container\\BoundMethod::Illuminate\\Container\\{closure}()
#27 C:\\Users\\CENGE\\Desktop\\thesis\\backend\\vendor\\laravel\\framework\\src\\Illuminate\\Container\\BoundMethod.php(93): Illuminate\\Container\\Util::unwrapIfClosure(Object(Closure))
#28 C:\\Users\\CENGE\\Desktop\\thesis\\backend\\vendor\\laravel\\framework\\src\\Illuminate\\Container\\BoundMethod.php(35): Illuminate\\Container\\BoundMethod::callBoundMethod(Object(Illuminate\\Foundation\\Application), Array, Object(Closure))
#29 C:\\Users\\CENGE\\Desktop\\thesis\\backend\\vendor\\laravel\\framework\\src\\Illuminate\\Container\\Container.php(662): Illuminate\\Container\\BoundMethod::call(Object(Illuminate\\Foundation\\Application), Array, Array, NULL)
#30 C:\\Users\\CENGE\\Desktop\\thesis\\backend\\vendor\\laravel\\framework\\src\\Illuminate\\Foundation\\Application.php(1034): Illuminate\\Container\\Container->call(Array)
#31 C:\\Users\\CENGE\\Desktop\\thesis\\backend\\vendor\\laravel\\framework\\src\\Illuminate\\Foundation\\Application.php(1015): Illuminate\\Foundation\\Application->bootProvider(Object(App\\Providers\\AppServiceProvider))
#32 [internal function]: Illuminate\\Foundation\\Application->Illuminate\\Foundation\\{closure}(Object(App\\Providers\\AppServiceProvider), 20)
#33 C:\\Users\\CENGE\\Desktop\\thesis\\backend\\vendor\\laravel\\framework\\src\\Illuminate\\Foundation\\Application.php(1014): array_walk(Array, Object(Closure))
#34 C:\\Users\\CENGE\\Desktop\\thesis\\backend\\vendor\\laravel\\framework\\src\\Illuminate\\Foundation\\Bootstrap\\BootProviders.php(17): Illuminate\\Foundation\\Application->boot()
#35 C:\\Users\\CENGE\\Desktop\\thesis\\backend\\vendor\\laravel\\framework\\src\\Illuminate\\Foundation\\Application.php(263): Illuminate\\Foundation\\Bootstrap\\BootProviders->bootstrap(Object(Illuminate\\Foundation\\Application))
#36 C:\\Users\\CENGE\\Desktop\\thesis\\backend\\vendor\\laravel\\framework\\src\\Illuminate\\Foundation\\Http\\Kernel.php(186): Illuminate\\Foundation\\Application->bootstrapWith(Array)
#37 C:\\Users\\CENGE\\Desktop\\thesis\\backend\\vendor\\laravel\\framework\\src\\Illuminate\\Foundation\\Http\\Kernel.php(170): Illuminate\\Foundation\\Http\\Kernel->bootstrap()
#38 C:\\Users\\CENGE\\Desktop\\thesis\\backend\\vendor\\laravel\\framework\\src\\Illuminate\\Foundation\\Http\\Kernel.php(144): Illuminate\\Foundation\\Http\\Kernel->sendRequestThroughRouter(Object(Illuminate\\Http\\Request))
#39 C:\\Users\\CENGE\\Desktop\\thesis\\backend\\public\\index.php(52): Illuminate\\Foundation\\Http\\Kernel->handle(Object(Illuminate\\Http\\Request))
#40 C:\\Users\\CENGE\\Desktop\\thesis\\backend\\vendor\\laravel\\framework\\src\\Illuminate\\Foundation\\resources\\server.php(16): require_once('C:\\\\Users\\\\CENGE\\\\...')
#41 {main}
"} 
[2025-02-27 15:14:28] laravel.EMERGENCY: Unable to create configured logger. Using emergency logger. {"exception":"[object] (InvalidArgumentException(code: 0): Log [] is not defined. at C:\\Users\\CENGE\\Desktop\\thesis\\backend\\vendor\\laravel\\framework\\src\\Illuminate\\Log\\LogManager.php:212)
[stacktrace]
#0 C:\\Users\\CENGE\\Desktop\\thesis\\backend\\vendor\\laravel\\framework\\src\\Illuminate\\Log\\LogManager.php(137): Illuminate\\Log\\LogManager->resolve(NULL, NULL)
#1 C:\\Users\\CENGE\\Desktop\\thesis\\backend\\vendor\\laravel\\framework\\src\\Illuminate\\Log\\LogManager.php(124): Illuminate\\Log\\LogManager->get(NULL)
#2 C:\\Users\\CENGE\\Desktop\\thesis\\backend\\vendor\\laravel\\framework\\src\\Illuminate\\Log\\LogManager.php(681): Illuminate\\Log\\LogManager->driver()
#3 C:\\Users\\CENGE\\Desktop\\thesis\\backend\\vendor\\laravel\\framework\\src\\Illuminate\\Foundation\\Exceptions\\Handler.php(317): Illuminate\\Log\\LogManager->error('Unclosed '[' on...', Array)
#4 C:\\Users\\CENGE\\Desktop\\thesis\\backend\\vendor\\laravel\\framework\\src\\Illuminate\\Foundation\\Exceptions\\Handler.php(278): Illuminate\\Foundation\\Exceptions\\Handler->reportThrowable(Object(ParseError))
#5 C:\\Users\\CENGE\\Desktop\\thesis\\backend\\vendor\\laravel\\framework\\src\\Illuminate\\Foundation\\Http\\Kernel.php(497): Illuminate\\Foundation\\Exceptions\\Handler->report(Object(ParseError))
#6 C:\\Users\\CENGE\\Desktop\\thesis\\backend\\vendor\\laravel\\framework\\src\\Illuminate\\Foundation\\Http\\Kernel.php(146): Illuminate\\Foundation\\Http\\Kernel->reportException(Object(ParseError))
#7 C:\\Users\\CENGE\\Desktop\\thesis\\backend\\public\\index.php(52): Illuminate\\Foundation\\Http\\Kernel->handle(Object(Illuminate\\Http\\Request))
#8 C:\\Users\\CENGE\\Desktop\\thesis\\backend\\vendor\\laravel\\framework\\src\\Illuminate\\Foundation\\resources\\server.php(16): require_once('C:\\\\Users\\\\CENGE\\\\...')
#9 {main}
"} 
[2025-02-27 15:14:28] laravel.ERROR: Unclosed '[' on line 18 {"exception":"[object] (ParseError(code: 0): Unclosed '[' on line 18 at C:\\Users\\CENGE\\Desktop\\thesis\\backend\\config\\cors.php:36)
[stacktrace]
#0 C:\\Users\\CENGE\\Desktop\\thesis\\backend\\vendor\\laravel\\framework\\src\\Illuminate\\Foundation\\Bootstrap\\LoadConfiguration.php(39): Illuminate\\Foundation\\Bootstrap\\LoadConfiguration->loadConfigurationFiles(Object(Illuminate\\Foundation\\Application), Object(Illuminate\\Config\\Repository))
#1 C:\\Users\\CENGE\\Desktop\\thesis\\backend\\vendor\\laravel\\framework\\src\\Illuminate\\Foundation\\Application.php(263): Illuminate\\Foundation\\Bootstrap\\LoadConfiguration->bootstrap(Object(Illuminate\\Foundation\\Application))
#2 C:\\Users\\CENGE\\Desktop\\thesis\\backend\\vendor\\laravel\\framework\\src\\Illuminate\\Foundation\\Http\\Kernel.php(186): Illuminate\\Foundation\\Application->bootstrapWith(Array)
#3 C:\\Users\\CENGE\\Desktop\\thesis\\backend\\vendor\\laravel\\framework\\src\\Illuminate\\Foundation\\Http\\Kernel.php(170): Illuminate\\Foundation\\Http\\Kernel->bootstrap()
#4 C:\\Users\\CENGE\\Desktop\\thesis\\backend\\vendor\\laravel\\framework\\src\\Illuminate\\Foundation\\Http\\Kernel.php(144): Illuminate\\Foundation\\Http\\Kernel->sendRequestThroughRouter(Object(Illuminate\\Http\\Request))
#5 C:\\Users\\CENGE\\Desktop\\thesis\\backend\\public\\index.php(52): Illuminate\\Foundation\\Http\\Kernel->handle(Object(Illuminate\\Http\\Request))
#6 C:\\Users\\CENGE\\Desktop\\thesis\\backend\\vendor\\laravel\\framework\\src\\Illuminate\\Foundation\\resources\\server.php(16): require_once('C:\\\\Users\\\\CENGE\\\\...')
#7 {main}
"} 
[2025-02-27 15:16:46] local.ERROR: Database file at path [database/database.sqlite] does not exist. Ensure this is an absolute path to the database. (Connection: sqlite, SQL: PRAGMA foreign_keys = ON;) {"exception":"[object] (Illuminate\\Database\\QueryException(code: 0): Database file at path [database/database.sqlite] does not exist. Ensure this is an absolute path to the database. (Connection: sqlite, SQL: PRAGMA foreign_keys = ON;) at C:\\Users\\CENGE\\Desktop\\thesis\\backend\\vendor\\laravel\\framework\\src\\Illuminate\\Database\\Connection.php:829)
[stacktrace]
#0 C:\\Users\\CENGE\\Desktop\\thesis\\backend\\vendor\\laravel\\framework\\src\\Illuminate\\Database\\Connection.php(783): Illuminate\\Database\\Connection->runQueryCallback('PRAGMA foreign_...', Array, Object(Closure))
#1 C:\\Users\\CENGE\\Desktop\\thesis\\backend\\vendor\\laravel\\framework\\src\\Illuminate\\Database\\Connection.php(576): Illuminate\\Database\\Connection->run('PRAGMA foreign_...', Array, Object(Closure))
#2 C:\\Users\\CENGE\\Desktop\\thesis\\backend\\vendor\\laravel\\framework\\src\\Illuminate\\Database\\Schema\\Builder.php(560): Illuminate\\Database\\Connection->statement('PRAGMA foreign_...')
#3 C:\\Users\\CENGE\\Desktop\\thesis\\backend\\vendor\\laravel\\framework\\src\\Illuminate\\Database\\SQLiteConnection.php(36): Illuminate\\Database\\Schema\\Builder->enableForeignKeyConstraints()
#4 C:\\Users\\CENGE\\Desktop\\thesis\\backend\\vendor\\laravel\\framework\\src\\Illuminate\\Database\\Connectors\\ConnectionFactory.php(272): Illuminate\\Database\\SQLiteConnection->__construct(Object(Closure), 'database/databa...', '', Array)
#5 C:\\Users\\CENGE\\Desktop\\thesis\\backend\\vendor\\laravel\\framework\\src\\Illuminate\\Database\\Connectors\\ConnectionFactory.php(75): Illuminate\\Database\\Connectors\\ConnectionFactory->createConnection('sqlite', Object(Closure), 'database/databa...', '', Array)
#6 C:\\Users\\CENGE\\Desktop\\thesis\\backend\\vendor\\laravel\\framework\\src\\Illuminate\\Database\\Connectors\\ConnectionFactory.php(50): Illuminate\\Database\\Connectors\\ConnectionFactory->createSingleConnection(Array)
#7 C:\\Users\\CENGE\\Desktop\\thesis\\backend\\vendor\\laravel\\framework\\src\\Illuminate\\Database\\DatabaseManager.php(175): Illuminate\\Database\\Connectors\\ConnectionFactory->make(Array, 'sqlite')
#8 C:\\Users\\CENGE\\Desktop\\thesis\\backend\\vendor\\laravel\\framework\\src\\Illuminate\\Database\\DatabaseManager.php(101): Illuminate\\Database\\DatabaseManager->makeConnection('sqlite')
#9 C:\\Users\\CENGE\\Desktop\\thesis\\backend\\vendor\\laravel\\framework\\src\\Illuminate\\Database\\DatabaseServiceProvider.php(74): Illuminate\\Database\\DatabaseManager->connection()
#10 C:\\Users\\CENGE\\Desktop\\thesis\\backend\\vendor\\laravel\\framework\\src\\Illuminate\\Container\\Container.php(908): Illuminate\\Database\\DatabaseServiceProvider->Illuminate\\Database\\{closure}(Object(Illuminate\\Foundation\\Application), Array)
#11 C:\\Users\\CENGE\\Desktop\\thesis\\backend\\vendor\\laravel\\framework\\src\\Illuminate\\Container\\Container.php(795): Illuminate\\Container\\Container->build(Object(Closure))
#12 C:\\Users\\CENGE\\Desktop\\thesis\\backend\\vendor\\laravel\\framework\\src\\Illuminate\\Foundation\\Application.php(961): Illuminate\\Container\\Container->resolve('db.schema', Array, true)
#13 C:\\Users\\CENGE\\Desktop\\thesis\\backend\\vendor\\laravel\\framework\\src\\Illuminate\\Container\\Container.php(731): Illuminate\\Foundation\\Application->resolve('db.schema', Array)
#14 C:\\Users\\CENGE\\Desktop\\thesis\\backend\\vendor\\laravel\\framework\\src\\Illuminate\\Foundation\\Application.php(946): Illuminate\\Container\\Container->make('db.schema', Array)
#15 C:\\Users\\CENGE\\Desktop\\thesis\\backend\\vendor\\laravel\\framework\\src\\Illuminate\\Container\\Container.php(1454): Illuminate\\Foundation\\Application->make('db.schema')
#16 C:\\Users\\CENGE\\Desktop\\thesis\\backend\\vendor\\laravel\\framework\\src\\Illuminate\\Support\\Facades\\Facade.php(240): Illuminate\\Container\\Container->offsetGet('db.schema')
#17 C:\\Users\\CENGE\\Desktop\\thesis\\backend\\vendor\\laravel\\framework\\src\\Illuminate\\Support\\Facades\\Facade.php(208): Illuminate\\Support\\Facades\\Facade::resolveFacadeInstance('db.schema')
#18 C:\\Users\\CENGE\\Desktop\\thesis\\backend\\vendor\\laravel\\framework\\src\\Illuminate\\Support\\Facades\\Facade.php(349): Illuminate\\Support\\Facades\\Facade::getFacadeRoot()
#19 C:\\Users\\CENGE\\Desktop\\thesis\\backend\\app\\Providers\\AppServiceProvider.php(22): Illuminate\\Support\\Facades\\Facade::__callStatic('defaultStringLe...', Array)
#20 C:\\Users\\CENGE\\Desktop\\thesis\\backend\\vendor\\laravel\\framework\\src\\Illuminate\\Container\\BoundMethod.php(36): App\\Providers\\AppServiceProvider->boot()
#21 C:\\Users\\CENGE\\Desktop\\thesis\\backend\\vendor\\laravel\\framework\\src\\Illuminate\\Container\\Util.php(41): Illuminate\\Container\\BoundMethod::Illuminate\\Container\\{closure}()
#22 C:\\Users\\CENGE\\Desktop\\thesis\\backend\\vendor\\laravel\\framework\\src\\Illuminate\\Container\\BoundMethod.php(93): Illuminate\\Container\\Util::unwrapIfClosure(Object(Closure))
#23 C:\\Users\\CENGE\\Desktop\\thesis\\backend\\vendor\\laravel\\framework\\src\\Illuminate\\Container\\BoundMethod.php(35): Illuminate\\Container\\BoundMethod::callBoundMethod(Object(Illuminate\\Foundation\\Application), Array, Object(Closure))
#24 C:\\Users\\CENGE\\Desktop\\thesis\\backend\\vendor\\laravel\\framework\\src\\Illuminate\\Container\\Container.php(662): Illuminate\\Container\\BoundMethod::call(Object(Illuminate\\Foundation\\Application), Array, Array, NULL)
#25 C:\\Users\\CENGE\\Desktop\\thesis\\backend\\vendor\\laravel\\framework\\src\\Illuminate\\Foundation\\Application.php(1034): Illuminate\\Container\\Container->call(Array)
#26 C:\\Users\\CENGE\\Desktop\\thesis\\backend\\vendor\\laravel\\framework\\src\\Illuminate\\Foundation\\Application.php(1015): Illuminate\\Foundation\\Application->bootProvider(Object(App\\Providers\\AppServiceProvider))
#27 [internal function]: Illuminate\\Foundation\\Application->Illuminate\\Foundation\\{closure}(Object(App\\Providers\\AppServiceProvider), 20)
#28 C:\\Users\\CENGE\\Desktop\\thesis\\backend\\vendor\\laravel\\framework\\src\\Illuminate\\Foundation\\Application.php(1014): array_walk(Array, Object(Closure))
#29 C:\\Users\\CENGE\\Desktop\\thesis\\backend\\vendor\\laravel\\framework\\src\\Illuminate\\Foundation\\Bootstrap\\BootProviders.php(17): Illuminate\\Foundation\\Application->boot()
#30 C:\\Users\\CENGE\\Desktop\\thesis\\backend\\vendor\\laravel\\framework\\src\\Illuminate\\Foundation\\Application.php(263): Illuminate\\Foundation\\Bootstrap\\BootProviders->bootstrap(Object(Illuminate\\Foundation\\Application))
#31 C:\\Users\\CENGE\\Desktop\\thesis\\backend\\vendor\\laravel\\framework\\src\\Illuminate\\Foundation\\Http\\Kernel.php(186): Illuminate\\Foundation\\Application->bootstrapWith(Array)
#32 C:\\Users\\CENGE\\Desktop\\thesis\\backend\\vendor\\laravel\\framework\\src\\Illuminate\\Foundation\\Http\\Kernel.php(170): Illuminate\\Foundation\\Http\\Kernel->bootstrap()
#33 C:\\Users\\CENGE\\Desktop\\thesis\\backend\\vendor\\laravel\\framework\\src\\Illuminate\\Foundation\\Http\\Kernel.php(144): Illuminate\\Foundation\\Http\\Kernel->sendRequestThroughRouter(Object(Illuminate\\Http\\Request))
#34 C:\\Users\\CENGE\\Desktop\\thesis\\backend\\public\\index.php(52): Illuminate\\Foundation\\Http\\Kernel->handle(Object(Illuminate\\Http\\Request))
#35 C:\\Users\\CENGE\\Desktop\\thesis\\backend\\vendor\\laravel\\framework\\src\\Illuminate\\Foundation\\resources\\server.php(16): require_once('C:\\\\Users\\\\CENGE\\\\...')
#36 {main}

[previous exception] [object] (Illuminate\\Database\\SQLiteDatabaseDoesNotExistException(code: 0): Database file at path [database/database.sqlite] does not exist. Ensure this is an absolute path to the database. at C:\\Users\\CENGE\\Desktop\\thesis\\backend\\vendor\\laravel\\framework\\src\\Illuminate\\Database\\Connectors\\SQLiteConnector.php:34)
[stacktrace]
#0 C:\\Users\\CENGE\\Desktop\\thesis\\backend\\vendor\\laravel\\framework\\src\\Illuminate\\Database\\Connectors\\ConnectionFactory.php(221): Illuminate\\Database\\Connectors\\SQLiteConnector->connect(Array)
#1 [internal function]: Illuminate\\Database\\Connectors\\ConnectionFactory->Illuminate\\Database\\Connectors\\{closure}()
#2 C:\\Users\\CENGE\\Desktop\\thesis\\backend\\vendor\\laravel\\framework\\src\\Illuminate\\Database\\Connection.php(1339): call_user_func(Object(Closure))
#3 C:\\Users\\CENGE\\Desktop\\thesis\\backend\\vendor\\laravel\\framework\\src\\Illuminate\\Database\\Connection.php(581): Illuminate\\Database\\Connection->getPdo()
#4 C:\\Users\\CENGE\\Desktop\\thesis\\backend\\vendor\\laravel\\framework\\src\\Illuminate\\Database\\Connection.php(816): Illuminate\\Database\\Connection->Illuminate\\Database\\{closure}('PRAGMA foreign_...', Array)
#5 C:\\Users\\CENGE\\Desktop\\thesis\\backend\\vendor\\laravel\\framework\\src\\Illuminate\\Database\\Connection.php(783): Illuminate\\Database\\Connection->runQueryCallback('PRAGMA foreign_...', Array, Object(Closure))
#6 C:\\Users\\CENGE\\Desktop\\thesis\\backend\\vendor\\laravel\\framework\\src\\Illuminate\\Database\\Connection.php(576): Illuminate\\Database\\Connection->run('PRAGMA foreign_...', Array, Object(Closure))
#7 C:\\Users\\CENGE\\Desktop\\thesis\\backend\\vendor\\laravel\\framework\\src\\Illuminate\\Database\\Schema\\Builder.php(560): Illuminate\\Database\\Connection->statement('PRAGMA foreign_...')
#8 C:\\Users\\CENGE\\Desktop\\thesis\\backend\\vendor\\laravel\\framework\\src\\Illuminate\\Database\\SQLiteConnection.php(36): Illuminate\\Database\\Schema\\Builder->enableForeignKeyConstraints()
#9 C:\\Users\\CENGE\\Desktop\\thesis\\backend\\vendor\\laravel\\framework\\src\\Illuminate\\Database\\Connectors\\ConnectionFactory.php(272): Illuminate\\Database\\SQLiteConnection->__construct(Object(Closure), 'database/databa...', '', Array)
#10 C:\\Users\\CENGE\\Desktop\\thesis\\backend\\vendor\\laravel\\framework\\src\\Illuminate\\Database\\Connectors\\ConnectionFactory.php(75): Illuminate\\Database\\Connectors\\ConnectionFactory->createConnection('sqlite', Object(Closure), 'database/databa...', '', Array)
#11 C:\\Users\\CENGE\\Desktop\\thesis\\backend\\vendor\\laravel\\framework\\src\\Illuminate\\Database\\Connectors\\ConnectionFactory.php(50): Illuminate\\Database\\Connectors\\ConnectionFactory->createSingleConnection(Array)
#12 C:\\Users\\CENGE\\Desktop\\thesis\\backend\\vendor\\laravel\\framework\\src\\Illuminate\\Database\\DatabaseManager.php(175): Illuminate\\Database\\Connectors\\ConnectionFactory->make(Array, 'sqlite')
#13 C:\\Users\\CENGE\\Desktop\\thesis\\backend\\vendor\\laravel\\framework\\src\\Illuminate\\Database\\DatabaseManager.php(101): Illuminate\\Database\\DatabaseManager->makeConnection('sqlite')
#14 C:\\Users\\CENGE\\Desktop\\thesis\\backend\\vendor\\laravel\\framework\\src\\Illuminate\\Database\\DatabaseServiceProvider.php(74): Illuminate\\Database\\DatabaseManager->connection()
#15 C:\\Users\\CENGE\\Desktop\\thesis\\backend\\vendor\\laravel\\framework\\src\\Illuminate\\Container\\Container.php(908): Illuminate\\Database\\DatabaseServiceProvider->Illuminate\\Database\\{closure}(Object(Illuminate\\Foundation\\Application), Array)
#16 C:\\Users\\CENGE\\Desktop\\thesis\\backend\\vendor\\laravel\\framework\\src\\Illuminate\\Container\\Container.php(795): Illuminate\\Container\\Container->build(Object(Closure))
#17 C:\\Users\\CENGE\\Desktop\\thesis\\backend\\vendor\\laravel\\framework\\src\\Illuminate\\Foundation\\Application.php(961): Illuminate\\Container\\Container->resolve('db.schema', Array, true)
#18 C:\\Users\\CENGE\\Desktop\\thesis\\backend\\vendor\\laravel\\framework\\src\\Illuminate\\Container\\Container.php(731): Illuminate\\Foundation\\Application->resolve('db.schema', Array)
#19 C:\\Users\\CENGE\\Desktop\\thesis\\backend\\vendor\\laravel\\framework\\src\\Illuminate\\Foundation\\Application.php(946): Illuminate\\Container\\Container->make('db.schema', Array)
#20 C:\\Users\\CENGE\\Desktop\\thesis\\backend\\vendor\\laravel\\framework\\src\\Illuminate\\Container\\Container.php(1454): Illuminate\\Foundation\\Application->make('db.schema')
#21 C:\\Users\\CENGE\\Desktop\\thesis\\backend\\vendor\\laravel\\framework\\src\\Illuminate\\Support\\Facades\\Facade.php(240): Illuminate\\Container\\Container->offsetGet('db.schema')
#22 C:\\Users\\CENGE\\Desktop\\thesis\\backend\\vendor\\laravel\\framework\\src\\Illuminate\\Support\\Facades\\Facade.php(208): Illuminate\\Support\\Facades\\Facade::resolveFacadeInstance('db.schema')
#23 C:\\Users\\CENGE\\Desktop\\thesis\\backend\\vendor\\laravel\\framework\\src\\Illuminate\\Support\\Facades\\Facade.php(349): Illuminate\\Support\\Facades\\Facade::getFacadeRoot()
#24 C:\\Users\\CENGE\\Desktop\\thesis\\backend\\app\\Providers\\AppServiceProvider.php(22): Illuminate\\Support\\Facades\\Facade::__callStatic('defaultStringLe...', Array)
#25 C:\\Users\\CENGE\\Desktop\\thesis\\backend\\vendor\\laravel\\framework\\src\\Illuminate\\Container\\BoundMethod.php(36): App\\Providers\\AppServiceProvider->boot()
#26 C:\\Users\\CENGE\\Desktop\\thesis\\backend\\vendor\\laravel\\framework\\src\\Illuminate\\Container\\Util.php(41): Illuminate\\Container\\BoundMethod::Illuminate\\Container\\{closure}()
#27 C:\\Users\\CENGE\\Desktop\\thesis\\backend\\vendor\\laravel\\framework\\src\\Illuminate\\Container\\BoundMethod.php(93): Illuminate\\Container\\Util::unwrapIfClosure(Object(Closure))
#28 C:\\Users\\CENGE\\Desktop\\thesis\\backend\\vendor\\laravel\\framework\\src\\Illuminate\\Container\\BoundMethod.php(35): Illuminate\\Container\\BoundMethod::callBoundMethod(Object(Illuminate\\Foundation\\Application), Array, Object(Closure))
#29 C:\\Users\\CENGE\\Desktop\\thesis\\backend\\vendor\\laravel\\framework\\src\\Illuminate\\Container\\Container.php(662): Illuminate\\Container\\BoundMethod::call(Object(Illuminate\\Foundation\\Application), Array, Array, NULL)
#30 C:\\Users\\CENGE\\Desktop\\thesis\\backend\\vendor\\laravel\\framework\\src\\Illuminate\\Foundation\\Application.php(1034): Illuminate\\Container\\Container->call(Array)
#31 C:\\Users\\CENGE\\Desktop\\thesis\\backend\\vendor\\laravel\\framework\\src\\Illuminate\\Foundation\\Application.php(1015): Illuminate\\Foundation\\Application->bootProvider(Object(App\\Providers\\AppServiceProvider))
#32 [internal function]: Illuminate\\Foundation\\Application->Illuminate\\Foundation\\{closure}(Object(App\\Providers\\AppServiceProvider), 20)
#33 C:\\Users\\CENGE\\Desktop\\thesis\\backend\\vendor\\laravel\\framework\\src\\Illuminate\\Foundation\\Application.php(1014): array_walk(Array, Object(Closure))
#34 C:\\Users\\CENGE\\Desktop\\thesis\\backend\\vendor\\laravel\\framework\\src\\Illuminate\\Foundation\\Bootstrap\\BootProviders.php(17): Illuminate\\Foundation\\Application->boot()
#35 C:\\Users\\CENGE\\Desktop\\thesis\\backend\\vendor\\laravel\\framework\\src\\Illuminate\\Foundation\\Application.php(263): Illuminate\\Foundation\\Bootstrap\\BootProviders->bootstrap(Object(Illuminate\\Foundation\\Application))
#36 C:\\Users\\CENGE\\Desktop\\thesis\\backend\\vendor\\laravel\\framework\\src\\Illuminate\\Foundation\\Http\\Kernel.php(186): Illuminate\\Foundation\\Application->bootstrapWith(Array)
#37 C:\\Users\\CENGE\\Desktop\\thesis\\backend\\vendor\\laravel\\framework\\src\\Illuminate\\Foundation\\Http\\Kernel.php(170): Illuminate\\Foundation\\Http\\Kernel->bootstrap()
#38 C:\\Users\\CENGE\\Desktop\\thesis\\backend\\vendor\\laravel\\framework\\src\\Illuminate\\Foundation\\Http\\Kernel.php(144): Illuminate\\Foundation\\Http\\Kernel->sendRequestThroughRouter(Object(Illuminate\\Http\\Request))
#39 C:\\Users\\CENGE\\Desktop\\thesis\\backend\\public\\index.php(52): Illuminate\\Foundation\\Http\\Kernel->handle(Object(Illuminate\\Http\\Request))
#40 C:\\Users\\CENGE\\Desktop\\thesis\\backend\\vendor\\laravel\\framework\\src\\Illuminate\\Foundation\\resources\\server.php(16): require_once('C:\\\\Users\\\\CENGE\\\\...')
#41 {main}
"} 
[2025-02-27 15:26:04] local.ERROR: Database file at path [database/database.sqlite] does not exist. Ensure this is an absolute path to the database. (Connection: sqlite, SQL: PRAGMA foreign_keys = ON;) {"exception":"[object] (Illuminate\\Database\\QueryException(code: 0): Database file at path [database/database.sqlite] does not exist. Ensure this is an absolute path to the database. (Connection: sqlite, SQL: PRAGMA foreign_keys = ON;) at C:\\Users\\CENGE\\Desktop\\thesis\\backend\\vendor\\laravel\\framework\\src\\Illuminate\\Database\\Connection.php:829)
[stacktrace]
#0 C:\\Users\\CENGE\\Desktop\\thesis\\backend\\vendor\\laravel\\framework\\src\\Illuminate\\Database\\Connection.php(783): Illuminate\\Database\\Connection->runQueryCallback('PRAGMA foreign_...', Array, Object(Closure))
#1 C:\\Users\\CENGE\\Desktop\\thesis\\backend\\vendor\\laravel\\framework\\src\\Illuminate\\Database\\Connection.php(576): Illuminate\\Database\\Connection->run('PRAGMA foreign_...', Array, Object(Closure))
#2 C:\\Users\\CENGE\\Desktop\\thesis\\backend\\vendor\\laravel\\framework\\src\\Illuminate\\Database\\Schema\\Builder.php(560): Illuminate\\Database\\Connection->statement('PRAGMA foreign_...')
#3 C:\\Users\\CENGE\\Desktop\\thesis\\backend\\vendor\\laravel\\framework\\src\\Illuminate\\Database\\SQLiteConnection.php(36): Illuminate\\Database\\Schema\\Builder->enableForeignKeyConstraints()
#4 C:\\Users\\CENGE\\Desktop\\thesis\\backend\\vendor\\laravel\\framework\\src\\Illuminate\\Database\\Connectors\\ConnectionFactory.php(272): Illuminate\\Database\\SQLiteConnection->__construct(Object(Closure), 'database/databa...', '', Array)
#5 C:\\Users\\CENGE\\Desktop\\thesis\\backend\\vendor\\laravel\\framework\\src\\Illuminate\\Database\\Connectors\\ConnectionFactory.php(75): Illuminate\\Database\\Connectors\\ConnectionFactory->createConnection('sqlite', Object(Closure), 'database/databa...', '', Array)
#6 C:\\Users\\CENGE\\Desktop\\thesis\\backend\\vendor\\laravel\\framework\\src\\Illuminate\\Database\\Connectors\\ConnectionFactory.php(50): Illuminate\\Database\\Connectors\\ConnectionFactory->createSingleConnection(Array)
#7 C:\\Users\\CENGE\\Desktop\\thesis\\backend\\vendor\\laravel\\framework\\src\\Illuminate\\Database\\DatabaseManager.php(175): Illuminate\\Database\\Connectors\\ConnectionFactory->make(Array, 'sqlite')
#8 C:\\Users\\CENGE\\Desktop\\thesis\\backend\\vendor\\laravel\\framework\\src\\Illuminate\\Database\\DatabaseManager.php(101): Illuminate\\Database\\DatabaseManager->makeConnection('sqlite')
#9 C:\\Users\\CENGE\\Desktop\\thesis\\backend\\vendor\\laravel\\framework\\src\\Illuminate\\Database\\DatabaseServiceProvider.php(74): Illuminate\\Database\\DatabaseManager->connection()
#10 C:\\Users\\CENGE\\Desktop\\thesis\\backend\\vendor\\laravel\\framework\\src\\Illuminate\\Container\\Container.php(908): Illuminate\\Database\\DatabaseServiceProvider->Illuminate\\Database\\{closure}(Object(Illuminate\\Foundation\\Application), Array)
#11 C:\\Users\\CENGE\\Desktop\\thesis\\backend\\vendor\\laravel\\framework\\src\\Illuminate\\Container\\Container.php(795): Illuminate\\Container\\Container->build(Object(Closure))
#12 C:\\Users\\CENGE\\Desktop\\thesis\\backend\\vendor\\laravel\\framework\\src\\Illuminate\\Foundation\\Application.php(961): Illuminate\\Container\\Container->resolve('db.schema', Array, true)
#13 C:\\Users\\CENGE\\Desktop\\thesis\\backend\\vendor\\laravel\\framework\\src\\Illuminate\\Container\\Container.php(731): Illuminate\\Foundation\\Application->resolve('db.schema', Array)
#14 C:\\Users\\CENGE\\Desktop\\thesis\\backend\\vendor\\laravel\\framework\\src\\Illuminate\\Foundation\\Application.php(946): Illuminate\\Container\\Container->make('db.schema', Array)
#15 C:\\Users\\CENGE\\Desktop\\thesis\\backend\\vendor\\laravel\\framework\\src\\Illuminate\\Container\\Container.php(1454): Illuminate\\Foundation\\Application->make('db.schema')
#16 C:\\Users\\CENGE\\Desktop\\thesis\\backend\\vendor\\laravel\\framework\\src\\Illuminate\\Support\\Facades\\Facade.php(240): Illuminate\\Container\\Container->offsetGet('db.schema')
#17 C:\\Users\\CENGE\\Desktop\\thesis\\backend\\vendor\\laravel\\framework\\src\\Illuminate\\Support\\Facades\\Facade.php(208): Illuminate\\Support\\Facades\\Facade::resolveFacadeInstance('db.schema')
#18 C:\\Users\\CENGE\\Desktop\\thesis\\backend\\vendor\\laravel\\framework\\src\\Illuminate\\Support\\Facades\\Facade.php(349): Illuminate\\Support\\Facades\\Facade::getFacadeRoot()
#19 C:\\Users\\CENGE\\Desktop\\thesis\\backend\\app\\Providers\\AppServiceProvider.php(22): Illuminate\\Support\\Facades\\Facade::__callStatic('defaultStringLe...', Array)
#20 C:\\Users\\CENGE\\Desktop\\thesis\\backend\\vendor\\laravel\\framework\\src\\Illuminate\\Container\\BoundMethod.php(36): App\\Providers\\AppServiceProvider->boot()
#21 C:\\Users\\CENGE\\Desktop\\thesis\\backend\\vendor\\laravel\\framework\\src\\Illuminate\\Container\\Util.php(41): Illuminate\\Container\\BoundMethod::Illuminate\\Container\\{closure}()
#22 C:\\Users\\CENGE\\Desktop\\thesis\\backend\\vendor\\laravel\\framework\\src\\Illuminate\\Container\\BoundMethod.php(93): Illuminate\\Container\\Util::unwrapIfClosure(Object(Closure))
#23 C:\\Users\\CENGE\\Desktop\\thesis\\backend\\vendor\\laravel\\framework\\src\\Illuminate\\Container\\BoundMethod.php(35): Illuminate\\Container\\BoundMethod::callBoundMethod(Object(Illuminate\\Foundation\\Application), Array, Object(Closure))
#24 C:\\Users\\CENGE\\Desktop\\thesis\\backend\\vendor\\laravel\\framework\\src\\Illuminate\\Container\\Container.php(662): Illuminate\\Container\\BoundMethod::call(Object(Illuminate\\Foundation\\Application), Array, Array, NULL)
#25 C:\\Users\\CENGE\\Desktop\\thesis\\backend\\vendor\\laravel\\framework\\src\\Illuminate\\Foundation\\Application.php(1034): Illuminate\\Container\\Container->call(Array)
#26 C:\\Users\\CENGE\\Desktop\\thesis\\backend\\vendor\\laravel\\framework\\src\\Illuminate\\Foundation\\Application.php(1015): Illuminate\\Foundation\\Application->bootProvider(Object(App\\Providers\\AppServiceProvider))
#27 [internal function]: Illuminate\\Foundation\\Application->Illuminate\\Foundation\\{closure}(Object(App\\Providers\\AppServiceProvider), 20)
#28 C:\\Users\\CENGE\\Desktop\\thesis\\backend\\vendor\\laravel\\framework\\src\\Illuminate\\Foundation\\Application.php(1014): array_walk(Array, Object(Closure))
#29 C:\\Users\\CENGE\\Desktop\\thesis\\backend\\vendor\\laravel\\framework\\src\\Illuminate\\Foundation\\Bootstrap\\BootProviders.php(17): Illuminate\\Foundation\\Application->boot()
#30 C:\\Users\\CENGE\\Desktop\\thesis\\backend\\vendor\\laravel\\framework\\src\\Illuminate\\Foundation\\Application.php(263): Illuminate\\Foundation\\Bootstrap\\BootProviders->bootstrap(Object(Illuminate\\Foundation\\Application))
#31 C:\\Users\\CENGE\\Desktop\\thesis\\backend\\vendor\\laravel\\framework\\src\\Illuminate\\Foundation\\Http\\Kernel.php(186): Illuminate\\Foundation\\Application->bootstrapWith(Array)
#32 C:\\Users\\CENGE\\Desktop\\thesis\\backend\\vendor\\laravel\\framework\\src\\Illuminate\\Foundation\\Http\\Kernel.php(170): Illuminate\\Foundation\\Http\\Kernel->bootstrap()
#33 C:\\Users\\CENGE\\Desktop\\thesis\\backend\\vendor\\laravel\\framework\\src\\Illuminate\\Foundation\\Http\\Kernel.php(144): Illuminate\\Foundation\\Http\\Kernel->sendRequestThroughRouter(Object(Illuminate\\Http\\Request))
#34 C:\\Users\\CENGE\\Desktop\\thesis\\backend\\public\\index.php(52): Illuminate\\Foundation\\Http\\Kernel->handle(Object(Illuminate\\Http\\Request))
#35 C:\\Users\\CENGE\\Desktop\\thesis\\backend\\vendor\\laravel\\framework\\src\\Illuminate\\Foundation\\resources\\server.php(16): require_once('C:\\\\Users\\\\CENGE\\\\...')
#36 {main}

[previous exception] [object] (Illuminate\\Database\\SQLiteDatabaseDoesNotExistException(code: 0): Database file at path [database/database.sqlite] does not exist. Ensure this is an absolute path to the database. at C:\\Users\\CENGE\\Desktop\\thesis\\backend\\vendor\\laravel\\framework\\src\\Illuminate\\Database\\Connectors\\SQLiteConnector.php:34)
[stacktrace]
#0 C:\\Users\\CENGE\\Desktop\\thesis\\backend\\vendor\\laravel\\framework\\src\\Illuminate\\Database\\Connectors\\ConnectionFactory.php(221): Illuminate\\Database\\Connectors\\SQLiteConnector->connect(Array)
#1 [internal function]: Illuminate\\Database\\Connectors\\ConnectionFactory->Illuminate\\Database\\Connectors\\{closure}()
#2 C:\\Users\\CENGE\\Desktop\\thesis\\backend\\vendor\\laravel\\framework\\src\\Illuminate\\Database\\Connection.php(1339): call_user_func(Object(Closure))
#3 C:\\Users\\CENGE\\Desktop\\thesis\\backend\\vendor\\laravel\\framework\\src\\Illuminate\\Database\\Connection.php(581): Illuminate\\Database\\Connection->getPdo()
#4 C:\\Users\\CENGE\\Desktop\\thesis\\backend\\vendor\\laravel\\framework\\src\\Illuminate\\Database\\Connection.php(816): Illuminate\\Database\\Connection->Illuminate\\Database\\{closure}('PRAGMA foreign_...', Array)
#5 C:\\Users\\CENGE\\Desktop\\thesis\\backend\\vendor\\laravel\\framework\\src\\Illuminate\\Database\\Connection.php(783): Illuminate\\Database\\Connection->runQueryCallback('PRAGMA foreign_...', Array, Object(Closure))
#6 C:\\Users\\CENGE\\Desktop\\thesis\\backend\\vendor\\laravel\\framework\\src\\Illuminate\\Database\\Connection.php(576): Illuminate\\Database\\Connection->run('PRAGMA foreign_...', Array, Object(Closure))
#7 C:\\Users\\CENGE\\Desktop\\thesis\\backend\\vendor\\laravel\\framework\\src\\Illuminate\\Database\\Schema\\Builder.php(560): Illuminate\\Database\\Connection->statement('PRAGMA foreign_...')
#8 C:\\Users\\CENGE\\Desktop\\thesis\\backend\\vendor\\laravel\\framework\\src\\Illuminate\\Database\\SQLiteConnection.php(36): Illuminate\\Database\\Schema\\Builder->enableForeignKeyConstraints()
#9 C:\\Users\\CENGE\\Desktop\\thesis\\backend\\vendor\\laravel\\framework\\src\\Illuminate\\Database\\Connectors\\ConnectionFactory.php(272): Illuminate\\Database\\SQLiteConnection->__construct(Object(Closure), 'database/databa...', '', Array)
#10 C:\\Users\\CENGE\\Desktop\\thesis\\backend\\vendor\\laravel\\framework\\src\\Illuminate\\Database\\Connectors\\ConnectionFactory.php(75): Illuminate\\Database\\Connectors\\ConnectionFactory->createConnection('sqlite', Object(Closure), 'database/databa...', '', Array)
#11 C:\\Users\\CENGE\\Desktop\\thesis\\backend\\vendor\\laravel\\framework\\src\\Illuminate\\Database\\Connectors\\ConnectionFactory.php(50): Illuminate\\Database\\Connectors\\ConnectionFactory->createSingleConnection(Array)
#12 C:\\Users\\CENGE\\Desktop\\thesis\\backend\\vendor\\laravel\\framework\\src\\Illuminate\\Database\\DatabaseManager.php(175): Illuminate\\Database\\Connectors\\ConnectionFactory->make(Array, 'sqlite')
#13 C:\\Users\\CENGE\\Desktop\\thesis\\backend\\vendor\\laravel\\framework\\src\\Illuminate\\Database\\DatabaseManager.php(101): Illuminate\\Database\\DatabaseManager->makeConnection('sqlite')
#14 C:\\Users\\CENGE\\Desktop\\thesis\\backend\\vendor\\laravel\\framework\\src\\Illuminate\\Database\\DatabaseServiceProvider.php(74): Illuminate\\Database\\DatabaseManager->connection()
#15 C:\\Users\\CENGE\\Desktop\\thesis\\backend\\vendor\\laravel\\framework\\src\\Illuminate\\Container\\Container.php(908): Illuminate\\Database\\DatabaseServiceProvider->Illuminate\\Database\\{closure}(Object(Illuminate\\Foundation\\Application), Array)
#16 C:\\Users\\CENGE\\Desktop\\thesis\\backend\\vendor\\laravel\\framework\\src\\Illuminate\\Container\\Container.php(795): Illuminate\\Container\\Container->build(Object(Closure))
#17 C:\\Users\\CENGE\\Desktop\\thesis\\backend\\vendor\\laravel\\framework\\src\\Illuminate\\Foundation\\Application.php(961): Illuminate\\Container\\Container->resolve('db.schema', Array, true)
#18 C:\\Users\\CENGE\\Desktop\\thesis\\backend\\vendor\\laravel\\framework\\src\\Illuminate\\Container\\Container.php(731): Illuminate\\Foundation\\Application->resolve('db.schema', Array)
#19 C:\\Users\\CENGE\\Desktop\\thesis\\backend\\vendor\\laravel\\framework\\src\\Illuminate\\Foundation\\Application.php(946): Illuminate\\Container\\Container->make('db.schema', Array)
#20 C:\\Users\\CENGE\\Desktop\\thesis\\backend\\vendor\\laravel\\framework\\src\\Illuminate\\Container\\Container.php(1454): Illuminate\\Foundation\\Application->make('db.schema')
#21 C:\\Users\\CENGE\\Desktop\\thesis\\backend\\vendor\\laravel\\framework\\src\\Illuminate\\Support\\Facades\\Facade.php(240): Illuminate\\Container\\Container->offsetGet('db.schema')
#22 C:\\Users\\CENGE\\Desktop\\thesis\\backend\\vendor\\laravel\\framework\\src\\Illuminate\\Support\\Facades\\Facade.php(208): Illuminate\\Support\\Facades\\Facade::resolveFacadeInstance('db.schema')
#23 C:\\Users\\CENGE\\Desktop\\thesis\\backend\\vendor\\laravel\\framework\\src\\Illuminate\\Support\\Facades\\Facade.php(349): Illuminate\\Support\\Facades\\Facade::getFacadeRoot()
#24 C:\\Users\\CENGE\\Desktop\\thesis\\backend\\app\\Providers\\AppServiceProvider.php(22): Illuminate\\Support\\Facades\\Facade::__callStatic('defaultStringLe...', Array)
#25 C:\\Users\\CENGE\\Desktop\\thesis\\backend\\vendor\\laravel\\framework\\src\\Illuminate\\Container\\BoundMethod.php(36): App\\Providers\\AppServiceProvider->boot()
#26 C:\\Users\\CENGE\\Desktop\\thesis\\backend\\vendor\\laravel\\framework\\src\\Illuminate\\Container\\Util.php(41): Illuminate\\Container\\BoundMethod::Illuminate\\Container\\{closure}()
#27 C:\\Users\\CENGE\\Desktop\\thesis\\backend\\vendor\\laravel\\framework\\src\\Illuminate\\Container\\BoundMethod.php(93): Illuminate\\Container\\Util::unwrapIfClosure(Object(Closure))
#28 C:\\Users\\CENGE\\Desktop\\thesis\\backend\\vendor\\laravel\\framework\\src\\Illuminate\\Container\\BoundMethod.php(35): Illuminate\\Container\\BoundMethod::callBoundMethod(Object(Illuminate\\Foundation\\Application), Array, Object(Closure))
#29 C:\\Users\\CENGE\\Desktop\\thesis\\backend\\vendor\\laravel\\framework\\src\\Illuminate\\Container\\Container.php(662): Illuminate\\Container\\BoundMethod::call(Object(Illuminate\\Foundation\\Application), Array, Array, NULL)
#30 C:\\Users\\CENGE\\Desktop\\thesis\\backend\\vendor\\laravel\\framework\\src\\Illuminate\\Foundation\\Application.php(1034): Illuminate\\Container\\Container->call(Array)
#31 C:\\Users\\CENGE\\Desktop\\thesis\\backend\\vendor\\laravel\\framework\\src\\Illuminate\\Foundation\\Application.php(1015): Illuminate\\Foundation\\Application->bootProvider(Object(App\\Providers\\AppServiceProvider))
#32 [internal function]: Illuminate\\Foundation\\Application->Illuminate\\Foundation\\{closure}(Object(App\\Providers\\AppServiceProvider), 20)
#33 C:\\Users\\CENGE\\Desktop\\thesis\\backend\\vendor\\laravel\\framework\\src\\Illuminate\\Foundation\\Application.php(1014): array_walk(Array, Object(Closure))
#34 C:\\Users\\CENGE\\Desktop\\thesis\\backend\\vendor\\laravel\\framework\\src\\Illuminate\\Foundation\\Bootstrap\\BootProviders.php(17): Illuminate\\Foundation\\Application->boot()
#35 C:\\Users\\CENGE\\Desktop\\thesis\\backend\\vendor\\laravel\\framework\\src\\Illuminate\\Foundation\\Application.php(263): Illuminate\\Foundation\\Bootstrap\\BootProviders->bootstrap(Object(Illuminate\\Foundation\\Application))
#36 C:\\Users\\CENGE\\Desktop\\thesis\\backend\\vendor\\laravel\\framework\\src\\Illuminate\\Foundation\\Http\\Kernel.php(186): Illuminate\\Foundation\\Application->bootstrapWith(Array)
#37 C:\\Users\\CENGE\\Desktop\\thesis\\backend\\vendor\\laravel\\framework\\src\\Illuminate\\Foundation\\Http\\Kernel.php(170): Illuminate\\Foundation\\Http\\Kernel->bootstrap()
#38 C:\\Users\\CENGE\\Desktop\\thesis\\backend\\vendor\\laravel\\framework\\src\\Illuminate\\Foundation\\Http\\Kernel.php(144): Illuminate\\Foundation\\Http\\Kernel->sendRequestThroughRouter(Object(Illuminate\\Http\\Request))
#39 C:\\Users\\CENGE\\Desktop\\thesis\\backend\\public\\index.php(52): Illuminate\\Foundation\\Http\\Kernel->handle(Object(Illuminate\\Http\\Request))
#40 C:\\Users\\CENGE\\Desktop\\thesis\\backend\\vendor\\laravel\\framework\\src\\Illuminate\\Foundation\\resources\\server.php(16): require_once('C:\\\\Users\\\\CENGE\\\\...')
#41 {main}
"} 
[2025-02-27 15:29:32] local.ERROR: SQLSTATE[HY000] [2002] No connection could be made because the target machine actively refused it (Connection: mysql, SQL: select table_name as `name`, (data_length + index_length) as `size`, table_comment as `comment`, engine as `engine`, table_collation as `collation` from information_schema.tables where table_schema = 'student_evaluation' and table_type in ('BASE TABLE', 'SYSTEM VERSIONED') order by table_name) {"exception":"[object] (Illuminate\\Database\\QueryException(code: 2002): SQLSTATE[HY000] [2002] No connection could be made because the target machine actively refused it (Connection: mysql, SQL: select table_name as `name`, (data_length + index_length) as `size`, table_comment as `comment`, engine as `engine`, table_collation as `collation` from information_schema.tables where table_schema = 'student_evaluation' and table_type in ('BASE TABLE', 'SYSTEM VERSIONED') order by table_name) at C:\\Users\\CENGE\\Desktop\\thesis\\backend\\vendor\\laravel\\framework\\src\\Illuminate\\Database\\Connection.php:829)
[stacktrace]
#0 C:\\Users\\CENGE\\Desktop\\thesis\\backend\\vendor\\laravel\\framework\\src\\Illuminate\\Database\\Connection.php(983): Illuminate\\Database\\Connection->runQueryCallback('select table_na...', Array, Object(Closure))
#1 C:\\Users\\CENGE\\Desktop\\thesis\\backend\\vendor\\laravel\\framework\\src\\Illuminate\\Database\\Connection.php(962): Illuminate\\Database\\Connection->tryAgainIfCausedByLostConnection(Object(Illuminate\\Database\\QueryException), 'select table_na...', Array, Object(Closure))
#2 C:\\Users\\CENGE\\Desktop\\thesis\\backend\\vendor\\laravel\\framework\\src\\Illuminate\\Database\\Connection.php(785): Illuminate\\Database\\Connection->handleQueryException(Object(Illuminate\\Database\\QueryException), 'select table_na...', Array, Object(Closure))
#3 C:\\Users\\CENGE\\Desktop\\thesis\\backend\\vendor\\laravel\\framework\\src\\Illuminate\\Database\\Connection.php(414): Illuminate\\Database\\Connection->run('select table_na...', Array, Object(Closure))
#4 C:\\Users\\CENGE\\Desktop\\thesis\\backend\\vendor\\laravel\\framework\\src\\Illuminate\\Database\\Connection.php(401): Illuminate\\Database\\Connection->select('select table_na...', Array, false)
#5 C:\\Users\\CENGE\\Desktop\\thesis\\backend\\vendor\\laravel\\framework\\src\\Illuminate\\Database\\Schema\\MySqlBuilder.php(41): Illuminate\\Database\\Connection->selectFromWriteConnection('select table_na...')
#6 C:\\Users\\CENGE\\Desktop\\thesis\\backend\\vendor\\laravel\\framework\\src\\Illuminate\\Database\\Schema\\Builder.php(165): Illuminate\\Database\\Schema\\MySqlBuilder->getTables(false)
#7 C:\\Users\\CENGE\\Desktop\\thesis\\backend\\vendor\\laravel\\framework\\src\\Illuminate\\Database\\Migrations\\DatabaseMigrationRepository.php(184): Illuminate\\Database\\Schema\\Builder->hasTable('migrations')
#8 C:\\Users\\CENGE\\Desktop\\thesis\\backend\\vendor\\laravel\\framework\\src\\Illuminate\\Database\\Migrations\\Migrator.php(700): Illuminate\\Database\\Migrations\\DatabaseMigrationRepository->repositoryExists()
#9 C:\\Users\\CENGE\\Desktop\\thesis\\backend\\vendor\\laravel\\framework\\src\\Illuminate\\Database\\Console\\Migrations\\MigrateCommand.php(140): Illuminate\\Database\\Migrations\\Migrator->repositoryExists()
#10 C:\\Users\\CENGE\\Desktop\\thesis\\backend\\vendor\\laravel\\framework\\src\\Illuminate\\Support\\helpers.php(248): Illuminate\\Database\\Console\\Migrations\\MigrateCommand->Illuminate\\Database\\Console\\Migrations\\{closure}(1)
#11 C:\\Users\\CENGE\\Desktop\\thesis\\backend\\vendor\\laravel\\framework\\src\\Illuminate\\Database\\Console\\Migrations\\MigrateCommand.php(140): retry(1, Object(Closure), 0, Object(Closure))
#12 C:\\Users\\CENGE\\Desktop\\thesis\\backend\\vendor\\laravel\\framework\\src\\Illuminate\\Database\\Console\\Migrations\\MigrateCommand.php(116): Illuminate\\Database\\Console\\Migrations\\MigrateCommand->repositoryExists()
#13 C:\\Users\\CENGE\\Desktop\\thesis\\backend\\vendor\\laravel\\framework\\src\\Illuminate\\Database\\Console\\Migrations\\MigrateCommand.php(84): Illuminate\\Database\\Console\\Migrations\\MigrateCommand->prepareDatabase()
#14 C:\\Users\\CENGE\\Desktop\\thesis\\backend\\vendor\\laravel\\framework\\src\\Illuminate\\Database\\Migrations\\Migrator.php(633): Illuminate\\Database\\Console\\Migrations\\MigrateCommand->Illuminate\\Database\\Console\\Migrations\\{closure}()
#15 C:\\Users\\CENGE\\Desktop\\thesis\\backend\\vendor\\laravel\\framework\\src\\Illuminate\\Database\\Console\\Migrations\\MigrateCommand.php(83): Illuminate\\Database\\Migrations\\Migrator->usingConnection(NULL, Object(Closure))
#16 C:\\Users\\CENGE\\Desktop\\thesis\\backend\\vendor\\laravel\\framework\\src\\Illuminate\\Container\\BoundMethod.php(36): Illuminate\\Database\\Console\\Migrations\\MigrateCommand->handle()
#17 C:\\Users\\CENGE\\Desktop\\thesis\\backend\\vendor\\laravel\\framework\\src\\Illuminate\\Container\\Util.php(41): Illuminate\\Container\\BoundMethod::Illuminate\\Container\\{closure}()
#18 C:\\Users\\CENGE\\Desktop\\thesis\\backend\\vendor\\laravel\\framework\\src\\Illuminate\\Container\\BoundMethod.php(93): Illuminate\\Container\\Util::unwrapIfClosure(Object(Closure))
#19 C:\\Users\\CENGE\\Desktop\\thesis\\backend\\vendor\\laravel\\framework\\src\\Illuminate\\Container\\BoundMethod.php(35): Illuminate\\Container\\BoundMethod::callBoundMethod(Object(Illuminate\\Foundation\\Application), Array, Object(Closure))
#20 C:\\Users\\CENGE\\Desktop\\thesis\\backend\\vendor\\laravel\\framework\\src\\Illuminate\\Container\\Container.php(662): Illuminate\\Container\\BoundMethod::call(Object(Illuminate\\Foundation\\Application), Array, Array, NULL)
#21 C:\\Users\\CENGE\\Desktop\\thesis\\backend\\vendor\\laravel\\framework\\src\\Illuminate\\Console\\Command.php(211): Illuminate\\Container\\Container->call(Array)
#22 C:\\Users\\CENGE\\Desktop\\thesis\\backend\\vendor\\symfony\\console\\Command\\Command.php(326): Illuminate\\Console\\Command->execute(Object(Symfony\\Component\\Console\\Input\\ArgvInput), Object(Illuminate\\Console\\OutputStyle))
#23 C:\\Users\\CENGE\\Desktop\\thesis\\backend\\vendor\\laravel\\framework\\src\\Illuminate\\Console\\Command.php(180): Symfony\\Component\\Console\\Command\\Command->run(Object(Symfony\\Component\\Console\\Input\\ArgvInput), Object(Illuminate\\Console\\OutputStyle))
#24 C:\\Users\\CENGE\\Desktop\\thesis\\backend\\vendor\\symfony\\console\\Application.php(1096): Illuminate\\Console\\Command->run(Object(Symfony\\Component\\Console\\Input\\ArgvInput), Object(Symfony\\Component\\Console\\Output\\ConsoleOutput))
#25 C:\\Users\\CENGE\\Desktop\\thesis\\backend\\vendor\\symfony\\console\\Application.php(324): Symfony\\Component\\Console\\Application->doRunCommand(Object(Illuminate\\Database\\Console\\Migrations\\MigrateCommand), Object(Symfony\\Component\\Console\\Input\\ArgvInput), Object(Symfony\\Component\\Console\\Output\\ConsoleOutput))
#26 C:\\Users\\CENGE\\Desktop\\thesis\\backend\\vendor\\symfony\\console\\Application.php(175): Symfony\\Component\\Console\\Application->doRun(Object(Symfony\\Component\\Console\\Input\\ArgvInput), Object(Symfony\\Component\\Console\\Output\\ConsoleOutput))
#27 C:\\Users\\CENGE\\Desktop\\thesis\\backend\\vendor\\laravel\\framework\\src\\Illuminate\\Foundation\\Console\\Kernel.php(201): Symfony\\Component\\Console\\Application->run(Object(Symfony\\Component\\Console\\Input\\ArgvInput), Object(Symfony\\Component\\Console\\Output\\ConsoleOutput))
#28 C:\\Users\\CENGE\\Desktop\\thesis\\backend\\artisan(35): Illuminate\\Foundation\\Console\\Kernel->handle(Object(Symfony\\Component\\Console\\Input\\ArgvInput), Object(Symfony\\Component\\Console\\Output\\ConsoleOutput))
#29 {main}

[previous exception] [object] (PDOException(code: 2002): SQLSTATE[HY000] [2002] No connection could be made because the target machine actively refused it at C:\\Users\\CENGE\\Desktop\\thesis\\backend\\vendor\\laravel\\framework\\src\\Illuminate\\Database\\Connectors\\Connector.php:65)
[stacktrace]
#0 C:\\Users\\CENGE\\Desktop\\thesis\\backend\\vendor\\laravel\\framework\\src\\Illuminate\\Database\\Connectors\\Connector.php(65): PDO->__construct('mysql:host=127....', 'root', Object(SensitiveParameterValue), Array)
#1 C:\\Users\\CENGE\\Desktop\\thesis\\backend\\vendor\\laravel\\framework\\src\\Illuminate\\Database\\Connectors\\Connector.php(83): Illuminate\\Database\\Connectors\\Connector->createPdoConnection('mysql:host=127....', 'root', '', Array)
#2 C:\\Users\\CENGE\\Desktop\\thesis\\backend\\vendor\\laravel\\framework\\src\\Illuminate\\Database\\Connectors\\Connector.php(48): Illuminate\\Database\\Connectors\\Connector->tryAgainIfCausedByLostConnection(Object(PDOException), 'mysql:host=127....', 'root', '', Array)
#3 C:\\Users\\CENGE\\Desktop\\thesis\\backend\\vendor\\laravel\\framework\\src\\Illuminate\\Database\\Connectors\\MySqlConnector.php(24): Illuminate\\Database\\Connectors\\Connector->createConnection('mysql:host=127....', Array, Array)
#4 C:\\Users\\CENGE\\Desktop\\thesis\\backend\\vendor\\laravel\\framework\\src\\Illuminate\\Database\\Connectors\\ConnectionFactory.php(184): Illuminate\\Database\\Connectors\\MySqlConnector->connect(Array)
#5 [internal function]: Illuminate\\Database\\Connectors\\ConnectionFactory->Illuminate\\Database\\Connectors\\{closure}()
#6 C:\\Users\\CENGE\\Desktop\\thesis\\backend\\vendor\\laravel\\framework\\src\\Illuminate\\Database\\Connection.php(1339): call_user_func(Object(Closure))
#7 C:\\Users\\CENGE\\Desktop\\thesis\\backend\\vendor\\laravel\\framework\\src\\Illuminate\\Database\\Connection.php(528): Illuminate\\Database\\Connection->getPdo()
#8 C:\\Users\\CENGE\\Desktop\\thesis\\backend\\vendor\\laravel\\framework\\src\\Illuminate\\Database\\Connection.php(423): Illuminate\\Database\\Connection->getPdoForSelect(false)
#9 C:\\Users\\CENGE\\Desktop\\thesis\\backend\\vendor\\laravel\\framework\\src\\Illuminate\\Database\\Connection.php(816): Illuminate\\Database\\Connection->Illuminate\\Database\\{closure}('select table_na...', Array)
#10 C:\\Users\\CENGE\\Desktop\\thesis\\backend\\vendor\\laravel\\framework\\src\\Illuminate\\Database\\Connection.php(983): Illuminate\\Database\\Connection->runQueryCallback('select table_na...', Array, Object(Closure))
#11 C:\\Users\\CENGE\\Desktop\\thesis\\backend\\vendor\\laravel\\framework\\src\\Illuminate\\Database\\Connection.php(962): Illuminate\\Database\\Connection->tryAgainIfCausedByLostConnection(Object(Illuminate\\Database\\QueryException), 'select table_na...', Array, Object(Closure))
#12 C:\\Users\\CENGE\\Desktop\\thesis\\backend\\vendor\\laravel\\framework\\src\\Illuminate\\Database\\Connection.php(785): Illuminate\\Database\\Connection->handleQueryException(Object(Illuminate\\Database\\QueryException), 'select table_na...', Array, Object(Closure))
#13 C:\\Users\\CENGE\\Desktop\\thesis\\backend\\vendor\\laravel\\framework\\src\\Illuminate\\Database\\Connection.php(414): Illuminate\\Database\\Connection->run('select table_na...', Array, Object(Closure))
#14 C:\\Users\\CENGE\\Desktop\\thesis\\backend\\vendor\\laravel\\framework\\src\\Illuminate\\Database\\Connection.php(401): Illuminate\\Database\\Connection->select('select table_na...', Array, false)
#15 C:\\Users\\CENGE\\Desktop\\thesis\\backend\\vendor\\laravel\\framework\\src\\Illuminate\\Database\\Schema\\MySqlBuilder.php(41): Illuminate\\Database\\Connection->selectFromWriteConnection('select table_na...')
#16 C:\\Users\\CENGE\\Desktop\\thesis\\backend\\vendor\\laravel\\framework\\src\\Illuminate\\Database\\Schema\\Builder.php(165): Illuminate\\Database\\Schema\\MySqlBuilder->getTables(false)
#17 C:\\Users\\CENGE\\Desktop\\thesis\\backend\\vendor\\laravel\\framework\\src\\Illuminate\\Database\\Migrations\\DatabaseMigrationRepository.php(184): Illuminate\\Database\\Schema\\Builder->hasTable('migrations')
#18 C:\\Users\\CENGE\\Desktop\\thesis\\backend\\vendor\\laravel\\framework\\src\\Illuminate\\Database\\Migrations\\Migrator.php(700): Illuminate\\Database\\Migrations\\DatabaseMigrationRepository->repositoryExists()
#19 C:\\Users\\CENGE\\Desktop\\thesis\\backend\\vendor\\laravel\\framework\\src\\Illuminate\\Database\\Console\\Migrations\\MigrateCommand.php(140): Illuminate\\Database\\Migrations\\Migrator->repositoryExists()
#20 C:\\Users\\CENGE\\Desktop\\thesis\\backend\\vendor\\laravel\\framework\\src\\Illuminate\\Support\\helpers.php(248): Illuminate\\Database\\Console\\Migrations\\MigrateCommand->Illuminate\\Database\\Console\\Migrations\\{closure}(1)
#21 C:\\Users\\CENGE\\Desktop\\thesis\\backend\\vendor\\laravel\\framework\\src\\Illuminate\\Database\\Console\\Migrations\\MigrateCommand.php(140): retry(1, Object(Closure), 0, Object(Closure))
#22 C:\\Users\\CENGE\\Desktop\\thesis\\backend\\vendor\\laravel\\framework\\src\\Illuminate\\Database\\Console\\Migrations\\MigrateCommand.php(116): Illuminate\\Database\\Console\\Migrations\\MigrateCommand->repositoryExists()
#23 C:\\Users\\CENGE\\Desktop\\thesis\\backend\\vendor\\laravel\\framework\\src\\Illuminate\\Database\\Console\\Migrations\\MigrateCommand.php(84): Illuminate\\Database\\Console\\Migrations\\MigrateCommand->prepareDatabase()
#24 C:\\Users\\CENGE\\Desktop\\thesis\\backend\\vendor\\laravel\\framework\\src\\Illuminate\\Database\\Migrations\\Migrator.php(633): Illuminate\\Database\\Console\\Migrations\\MigrateCommand->Illuminate\\Database\\Console\\Migrations\\{closure}()
#25 C:\\Users\\CENGE\\Desktop\\thesis\\backend\\vendor\\laravel\\framework\\src\\Illuminate\\Database\\Console\\Migrations\\MigrateCommand.php(83): Illuminate\\Database\\Migrations\\Migrator->usingConnection(NULL, Object(Closure))
#26 C:\\Users\\CENGE\\Desktop\\thesis\\backend\\vendor\\laravel\\framework\\src\\Illuminate\\Container\\BoundMethod.php(36): Illuminate\\Database\\Console\\Migrations\\MigrateCommand->handle()
#27 C:\\Users\\CENGE\\Desktop\\thesis\\backend\\vendor\\laravel\\framework\\src\\Illuminate\\Container\\Util.php(41): Illuminate\\Container\\BoundMethod::Illuminate\\Container\\{closure}()
#28 C:\\Users\\CENGE\\Desktop\\thesis\\backend\\vendor\\laravel\\framework\\src\\Illuminate\\Container\\BoundMethod.php(93): Illuminate\\Container\\Util::unwrapIfClosure(Object(Closure))
#29 C:\\Users\\CENGE\\Desktop\\thesis\\backend\\vendor\\laravel\\framework\\src\\Illuminate\\Container\\BoundMethod.php(35): Illuminate\\Container\\BoundMethod::callBoundMethod(Object(Illuminate\\Foundation\\Application), Array, Object(Closure))
#30 C:\\Users\\CENGE\\Desktop\\thesis\\backend\\vendor\\laravel\\framework\\src\\Illuminate\\Container\\Container.php(662): Illuminate\\Container\\BoundMethod::call(Object(Illuminate\\Foundation\\Application), Array, Array, NULL)
#31 C:\\Users\\CENGE\\Desktop\\thesis\\backend\\vendor\\laravel\\framework\\src\\Illuminate\\Console\\Command.php(211): Illuminate\\Container\\Container->call(Array)
#32 C:\\Users\\CENGE\\Desktop\\thesis\\backend\\vendor\\symfony\\console\\Command\\Command.php(326): Illuminate\\Console\\Command->execute(Object(Symfony\\Component\\Console\\Input\\ArgvInput), Object(Illuminate\\Console\\OutputStyle))
#33 C:\\Users\\CENGE\\Desktop\\thesis\\backend\\vendor\\laravel\\framework\\src\\Illuminate\\Console\\Command.php(180): Symfony\\Component\\Console\\Command\\Command->run(Object(Symfony\\Component\\Console\\Input\\ArgvInput), Object(Illuminate\\Console\\OutputStyle))
#34 C:\\Users\\CENGE\\Desktop\\thesis\\backend\\vendor\\symfony\\console\\Application.php(1096): Illuminate\\Console\\Command->run(Object(Symfony\\Component\\Console\\Input\\ArgvInput), Object(Symfony\\Component\\Console\\Output\\ConsoleOutput))
#35 C:\\Users\\CENGE\\Desktop\\thesis\\backend\\vendor\\symfony\\console\\Application.php(324): Symfony\\Component\\Console\\Application->doRunCommand(Object(Illuminate\\Database\\Console\\Migrations\\MigrateCommand), Object(Symfony\\Component\\Console\\Input\\ArgvInput), Object(Symfony\\Component\\Console\\Output\\ConsoleOutput))
#36 C:\\Users\\CENGE\\Desktop\\thesis\\backend\\vendor\\symfony\\console\\Application.php(175): Symfony\\Component\\Console\\Application->doRun(Object(Symfony\\Component\\Console\\Input\\ArgvInput), Object(Symfony\\Component\\Console\\Output\\ConsoleOutput))
#37 C:\\Users\\CENGE\\Desktop\\thesis\\backend\\vendor\\laravel\\framework\\src\\Illuminate\\Foundation\\Console\\Kernel.php(201): Symfony\\Component\\Console\\Application->run(Object(Symfony\\Component\\Console\\Input\\ArgvInput), Object(Symfony\\Component\\Console\\Output\\ConsoleOutput))
#38 C:\\Users\\CENGE\\Desktop\\thesis\\backend\\artisan(35): Illuminate\\Foundation\\Console\\Kernel->handle(Object(Symfony\\Component\\Console\\Input\\ArgvInput), Object(Symfony\\Component\\Console\\Output\\ConsoleOutput))
#39 {main}
"} 
